company_name,industry,job_title,skills_required,experience_level,employment_type,location,posted_date,company_size,tools_preferred,salary_min,salary_max
Foster and Sons,Healthcare,Data Analyst,"NumPy, Reinforcement Learning, PyTorch, Scikit-learn, GCP, FastAPI",Mid,Full-time,"Tracybury, AR",2025-08-20,Large,"KDB+, LangChain",92860,109598
"Boyd, Myers and Ramirez",Tech,Computer Vision Engineer,"Scikit-learn, CUDA, SQL, Pandas",Senior,Full-time,"Lake Scott, CU",2024-03-22,Large,"FastAPI, KDB+, TensorFlow",78523,144875
King Inc,Tech,Quant Researcher,"MLflow, FastAPI, Azure, PyTorch, SQL, GCP",Entry,Internship,"East Paige, CM",2025-09-18,Large,"BigQuery, PyTorch, Scikit-learn",124496,217204
"Cooper, Archer and Lynch",Tech,AI Product Manager,"Scikit-learn, C++, Pandas, LangChain, AWS, R",Mid,Internship,"Perezview, FI",2024-05-08,Large,"TensorFlow, BigQuery, MLflow",50908,123743
Hall LLC,Finance,Data Scientist,"Excel, Keras, SQL, Hugging Face",Senior,Contract,"North Desireeland, NE",2025-02-24,Large,"PyTorch, LangChain",98694,135413
Ellis PLC,E-commerce,AI Product Manager,"GCP, Excel, Scikit-learn, MLflow",Senior,Internship,"South Kevin, TZ",2025-08-07,Large,"PyTorch, TensorFlow, FastAPI",92632,180718
Matthews-Moses,Automotive,Data Analyst,"Python, Flask, Scikit-learn, GCP",Mid,Full-time,"West Shawn, LR",2024-12-23,Large,"PyTorch, MLflow",95581.5,151635
Mullins Ltd,Education,Data Scientist,"Excel, SQL, Flask",Entry,Internship,"Port Hailey, RU",2024-08-14,Large,BigQuery,63032,82144
Aguilar PLC,Healthcare,ML Engineer,"Pandas, LangChain, GCP, Azure",Entry,Internship,"Butlermouth, GB",2025-09-15,Large,"Scikit-learn, LangChain, BigQuery",134239,188504
Parks LLC,Automotive,Computer Vision Engineer,"Excel, Reinforcement Learning, TensorFlow",Senior,Full-time,"Nicoleshire, BA",2025-08-07,Large,"MLflow, TensorFlow",79361,165029
Vaughan-Ortiz,Tech,Data Scientist,"Keras, MLflow, Reinforcement Learning",Entry,Internship,"New Angelatown, LU",2024-01-10,Large,"LangChain, BigQuery, Scikit-learn",99964,125971
"Johnson, Guzman and Hernandez",Finance,ML Engineer,"Excel, Reinforcement Learning, Keras, Scikit-learn",Entry,Full-time,"Joychester, LT",2024-03-15,Large,"TensorFlow, PyTorch, BigQuery",63583,132670
Martin and Sons,E-commerce,NLP Engineer,"C++, Hugging Face, Python, FastAPI",Entry,Full-time,"South Michael, FM",2023-09-27,Startup,LangChain,102770,117026
Frank-Duarte,Retail,Quant Researcher,"Excel, MLflow, NumPy, Hugging Face, LangChain, FastAPI",Senior,Full-time,"Christianberg, GQ",2024-11-20,Mid,"LangChain, TensorFlow, Scikit-learn",137004,193975
Rogers Ltd,Education,NLP Engineer,"Pandas, CUDA, NumPy, FastAPI",Mid,Internship,"New Katieborough, FJ",2024-07-08,Large,FastAPI,95581.5,151635
Wright-Evans,Automotive,NLP Engineer,"Hugging Face, Scikit-learn, Reinforcement Learning",Senior,Remote,"Stephaniechester, LU",2024-04-06,Startup,TensorFlow,124669,217866
Preston Ltd,E-commerce,ML Engineer,"MLflow, R, C++",Entry,Full-time,"South Tim, CZ",2025-05-14,Mid,LangChain,137523,180097
Smith-Moore,Automotive,AI Product Manager,"Excel, MLflow, Hugging Face, Flask, Power BI",Entry,Internship,"Blevinsburgh, VU",2024-04-29,Startup,BigQuery,138184,192857
Webb and Sons,Healthcare,Data Scientist,"AWS, Azure, Power BI, CUDA, Reinforcement Learning, Hugging Face",Senior,Remote,"Parkmouth, CA",2024-10-19,Mid,"BigQuery, FastAPI, KDB+",100845,159745
Gates LLC,E-commerce,ML Engineer,"R, CUDA, Power BI, AWS",Mid,Internship,"Stevenhaven, BW",2024-08-29,Large,MLflow,115578,207180
"Whitaker, Walker and Sandoval",Retail,Quant Researcher,"C++, Power BI, R, SQL, Keras, Azure",Entry,Remote,"Gregorymouth, LV",2024-01-19,Large,"Scikit-learn, BigQuery, PyTorch",122521,175168
Humphrey LLC,Retail,Quant Researcher,"LangChain, NumPy, CUDA, C++, MLflow, R",Entry,Full-time,"Lake Alexander, RU",2023-12-28,Large,"PyTorch, LangChain",62483,105216
"Adams, Stevenson and Wagner",E-commerce,NLP Engineer,"CUDA, FastAPI, Scikit-learn, MLflow, Hugging Face",Mid,Remote,"North Nicholas, SN",2024-11-25,Startup,"PyTorch, Scikit-learn, KDB+",95581.5,151635
"Thomas, Hurst and Becker",Tech,NLP Engineer,"PyTorch, CUDA, Hugging Face, Flask, C++",Senior,Internship,"Leeton, MW",2023-12-06,Startup,Scikit-learn,95581.5,151635
Sherman-Nguyen,Healthcare,NLP Engineer,"Python, Reinforcement Learning, MLflow",Mid,Internship,"Suzanneview, TW",2025-06-13,Mid,FastAPI,89840,109693
Johnson-Keller,Finance,NLP Engineer,"PyTorch, Reinforcement Learning, FastAPI, Power BI, Python, R",Mid,Remote,"Whitestad, BB",2024-12-20,Mid,"FastAPI, PyTorch, KDB+",107786,126713
Le PLC,Education,Quant Researcher,"Azure, Flask, FastAPI, Hugging Face, Power BI, Python",Senior,Internship,"Taraburgh, DZ",2025-01-02,Large,"TensorFlow, Scikit-learn, FastAPI",44309,77284
"Abbott, Nielsen and Young",Healthcare,Data Analyst,"R, Python, Pandas",Entry,Contract,"New Richard, TD",2025-02-28,Startup,"PyTorch, MLflow",124616,172767
Thomas-Ruiz,Finance,Data Analyst,"Flask, Hugging Face, Pandas, Python, Scikit-learn, Keras",Mid,Internship,"South Donaldton, GE",2025-01-31,Startup,"Scikit-learn, FastAPI, LangChain",142616,216391
"Good, Ware and Cruz",Finance,Data Analyst,"Scikit-learn, SQL, Azure",Entry,Contract,"North Michael, TT",2024-06-07,Startup,TensorFlow,70932,161568
Gay PLC,Tech,Quant Researcher,"Keras, Excel, TensorFlow",Senior,Full-time,"Port Patriciaport, TG",2024-06-27,Startup,"KDB+, PyTorch",54565,94461
Kirby-Zuniga,Healthcare,Data Scientist,"Hugging Face, Scikit-learn, C++, Excel, Azure",Entry,Full-time,"Danielchester, ID",2023-09-22,Mid,"LangChain, KDB+",112660,179478
"Castillo, Campbell and Robinson",Tech,AI Product Manager,"Keras, PyTorch, AWS, FastAPI, CUDA",Mid,Internship,"Alexandriaburgh, KN",2024-09-30,Startup,"TensorFlow, Scikit-learn",95581.5,151635
Carter LLC,Finance,NLP Engineer,"MLflow, Keras, SQL, GCP, Power BI",Senior,Internship,"West Charles, TT",2023-11-25,Startup,PyTorch,110439,183071
Hall Group,Automotive,Computer Vision Engineer,"GCP, C++, Excel",Entry,Contract,"North Denise, MC",2024-04-01,Large,"TensorFlow, Scikit-learn",95581.5,151635
Huynh PLC,Finance,Computer Vision Engineer,"PyTorch, LangChain, R",Mid,Remote,"Kirbyside, LT",2023-12-25,Startup,"Scikit-learn, FastAPI, MLflow",87250,156869
"Smith, Haas and Mendez",Retail,AI Researcher,"Excel, SQL, Python",Entry,Contract,"Lake John, AU",2024-11-16,Mid,"Scikit-learn, LangChain, KDB+",95581.5,151635
"Briggs, Shaw and Berry",E-commerce,ML Engineer,"SQL, Hugging Face, TensorFlow",Mid,Remote,"East Ashleyland, PL",2025-05-14,Startup,MLflow,116061,159814
Boyd PLC,Retail,Data Scientist,"PyTorch, Power BI, AWS, FastAPI",Senior,Internship,"Port Misty, NL",2024-06-10,Mid,LangChain,87411,136106
"Sanders, Mejia and Townsend",Automotive,Data Analyst,"Power BI, PyTorch, GCP, CUDA, Keras, Scikit-learn",Entry,Internship,"Deleonchester, HN",2025-06-27,Mid,"FastAPI, Scikit-learn, LangChain",88562,159008
Hernandez Inc,E-commerce,Quant Researcher,"NumPy, AWS, Excel, SQL, Keras",Senior,Remote,"Nicoleport, BF",2025-02-08,Mid,"Scikit-learn, TensorFlow, BigQuery",95581.5,151635
"Parrish, White and Grant",E-commerce,NLP Engineer,"R, Power BI, CUDA, MLflow",Mid,Full-time,"Kimside, BW",2023-11-10,Startup,TensorFlow,126443,145937
"Carroll, Lucero and Lambert",Healthcare,AI Product Manager,"NumPy, SQL, Python, Reinforcement Learning, LangChain",Entry,Full-time,"Simsside, TD",2024-09-05,Large,"PyTorch, TensorFlow, FastAPI",99978,189975
"Thomas, Waller and Kelly",Education,Quant Researcher,"Hugging Face, Flask, TensorFlow, Excel, SQL",Entry,Contract,"South Jeremiah, MX",2025-03-11,Large,"TensorFlow, LangChain, PyTorch",65214,151832
"Franklin, Wright and Berg",Automotive,Quant Researcher,"Hugging Face, Pandas, CUDA, LangChain, FastAPI",Mid,Internship,"Ramirezmouth, PK",2025-03-16,Mid,KDB+,71101,158421
"Coleman, Gray and Roach",Healthcare,ML Engineer,"LangChain, AWS, GCP",Entry,Internship,"New Rachelmouth, IT",2025-02-14,Startup,"FastAPI, MLflow, TensorFlow",119200,129563
Mooney-Decker,Finance,Data Scientist,"Scikit-learn, PyTorch, Flask, Azure",Mid,Contract,"Jennyland, TR",2024-08-04,Startup,"PyTorch, BigQuery",122083,203812
Wood LLC,Automotive,Computer Vision Engineer,"GCP, TensorFlow, Power BI",Entry,Contract,"Port Johnville, MA",2025-02-21,Mid,"MLflow, BigQuery, LangChain",144773,159408
Copeland Group,Education,NLP Engineer,"TensorFlow, LangChain, PyTorch, Power BI, R",Entry,Remote,"North Josephshire, YE",2024-03-19,Mid,"KDB+, PyTorch, MLflow",78317,161397
Richards PLC,Finance,NLP Engineer,"Power BI, CUDA, C++, Pandas, SQL, AWS",Entry,Full-time,"Lewismouth, TD",2024-05-07,Mid,"FastAPI, KDB+, Scikit-learn",75575,120477
"Melendez, Williams and Williamson",E-commerce,AI Product Manager,"TensorFlow, Keras, PyTorch, AWS, Scikit-learn",Entry,Full-time,"Steinside, IT",2023-09-27,Large,BigQuery,95581.5,151635
"Ellis, Crane and Boyle",E-commerce,Computer Vision Engineer,"Azure, Keras, Scikit-learn, Hugging Face, Excel, R",Entry,Contract,"North Jason, MR",2025-05-30,Mid,"LangChain, KDB+, FastAPI",73140,164506
Foley-Moore,Finance,Data Scientist,"Keras, Pandas, Python, FastAPI, CUDA, Scikit-learn",Mid,Contract,"Thomasfort, KG",2025-05-17,Mid,MLflow,69031,115150
Wright and Sons,Tech,Quant Researcher,"R, SQL, Python, PyTorch",Mid,Full-time,"Chavezstad, TG",2024-11-09,Large,"LangChain, BigQuery, MLflow",49382,141727
Williams-Vargas,Healthcare,Quant Researcher,"Keras, Excel, FastAPI, Azure, R, PyTorch",Senior,Full-time,"Carlland, ME",2024-11-10,Startup,"FastAPI, TensorFlow, BigQuery",135916,233596
Hill-Huff,Tech,ML Engineer,"Power BI, LangChain, Flask, Excel, SQL, CUDA",Senior,Remote,"Jessicamouth, PT",2025-04-23,Startup,"BigQuery, PyTorch, TensorFlow",149271,215582
Meyer PLC,Education,Data Analyst,"AWS, Excel, Azure",Entry,Internship,"Caitlynmouth, MR",2023-11-16,Mid,"LangChain, Scikit-learn, PyTorch",56348,123497
Boyd-Carlson,Retail,ML Engineer,"Excel, AWS, Keras, Azure, FastAPI, R",Senior,Full-time,"Villarrealhaven, KI",2025-02-11,Large,"MLflow, LangChain",69159,139847
Scott-Gardner,Tech,AI Researcher,"FastAPI, C++, Excel, Flask, Pandas",Senior,Remote,"North Laurie, BI",2025-06-21,Large,"FastAPI, PyTorch, LangChain",78305,162525
Jackson Group,Finance,AI Product Manager,"TensorFlow, C++, SQL, Hugging Face, Flask, Power BI",Mid,Internship,"East Juliashire, TR",2023-09-25,Large,BigQuery,64238,115477
"Sullivan, Silva and Sawyer",Finance,Data Analyst,"Power BI, Excel, GCP",Senior,Remote,"North Jonathan, NL",2024-06-27,Mid,MLflow,53583,148644
"Page, Bonilla and Cohen",Retail,AI Product Manager,"Python, FastAPI, Scikit-learn, Hugging Face, Power BI, Flask",Entry,Remote,"Port Jacobchester, SB",2024-05-08,Startup,LangChain,50457,126635
Young-Wright,Retail,Computer Vision Engineer,"Hugging Face, Keras, Scikit-learn",Mid,Internship,"Kaylaburgh, NO",2024-10-26,Large,"TensorFlow, LangChain",97883,172449
Patel PLC,E-commerce,AI Product Manager,"Reinforcement Learning, LangChain, Python",Entry,Remote,"South Jamie, KM",2025-02-17,Startup,FastAPI,94965,141198
"Lopez, Nelson and Meyer",E-commerce,AI Researcher,"Azure, Pandas, Power BI, MLflow",Entry,Internship,"Lake Michelleport, RS",2025-01-06,Startup,"PyTorch, TensorFlow, FastAPI",81202,154117
"Harris, Porter and Walter",Retail,AI Researcher,"C++, Reinforcement Learning, NumPy, Azure, MLflow, Flask",Entry,Contract,"Port Kristenmouth, SA",2023-12-19,Startup,"FastAPI, KDB+",95581.5,151635
Dominguez and Sons,Automotive,AI Product Manager,"LangChain, FastAPI, SQL",Senior,Internship,"Rodriguezstad, ET",2024-04-08,Large,"BigQuery, KDB+",95581.5,151635
Griffith-Garner,Retail,Data Analyst,"NumPy, Python, Azure, GCP, C++, Scikit-learn",Senior,Remote,"Meredithview, LS",2024-12-21,Startup,PyTorch,40995,54162
Smith LLC,Healthcare,Data Analyst,"Power BI, AWS, NumPy, CUDA, MLflow",Mid,Full-time,"South Tylerhaven, LC",2023-12-09,Mid,"LangChain, PyTorch, MLflow",129140,193460
Smith-Jones,Education,Data Analyst,"LangChain, PyTorch, Flask",Entry,Full-time,"South Karenville, BB",2025-06-15,Mid,BigQuery,86690,120765
"Maddox, Steele and Jones",Retail,ML Engineer,"Flask, Scikit-learn, NumPy",Entry,Internship,"Billyfort, YE",2025-03-12,Mid,"FastAPI, PyTorch",85816,149983
Williams PLC,Healthcare,Quant Researcher,"SQL, FastAPI, LangChain, Scikit-learn, NumPy, TensorFlow",Senior,Remote,"New Jefferyfort, TG",2024-02-12,Startup,"FastAPI, LangChain",60805,99890
"Hurst, Manning and Wood",Education,Data Analyst,"Azure, Excel, TensorFlow",Senior,Remote,"Petersenborough, VN",2025-05-02,Large,"PyTorch, BigQuery, Scikit-learn",118377,137651
"Howard, Carr and Joseph",Automotive,NLP Engineer,"C++, MLflow, CUDA, Hugging Face",Mid,Internship,"Leeberg, ME",2023-11-28,Large,"MLflow, PyTorch",81382,175328
Lewis-Smith,Automotive,ML Engineer,"MLflow, NumPy, R, C++, PyTorch",Senior,Remote,"North Christopherfurt, LR",2025-09-09,Startup,KDB+,132555,209536
Luna and Sons,Automotive,AI Researcher,"R, Python, Flask",Mid,Contract,"Weberland, TL",2023-12-06,Mid,"FastAPI, TensorFlow, PyTorch",54185,86768
King-Sheppard,E-commerce,AI Researcher,"FastAPI, Hugging Face, PyTorch",Mid,Internship,"Zamorafurt, UA",2025-07-03,Mid,PyTorch,101020,182230
Meyer-Shaffer,E-commerce,NLP Engineer,"Pandas, Flask, FastAPI, Reinforcement Learning",Mid,Internship,"Sharpborough, DM",2024-02-21,Startup,"LangChain, PyTorch, Scikit-learn",49529,68621
"Ellis, Page and Smith",Tech,Quant Researcher,"Reinforcement Learning, Flask, NumPy, LangChain",Entry,Contract,"North Carriestad, IR",2024-10-12,Startup,LangChain,88756,103530
Martinez-Fitzgerald,Healthcare,ML Engineer,"AWS, TensorFlow, Flask, Power BI",Senior,Internship,"South Charles, CI",2025-01-20,Large,KDB+,95581.5,151635
Johnson Inc,Education,AI Researcher,"Reinforcement Learning, Python, Pandas, TensorFlow",Mid,Internship,"Lake Kristen, AZ",2025-08-03,Large,"Scikit-learn, MLflow, PyTorch",95581.5,151635
Camacho PLC,Finance,Data Analyst,"R, C++, GCP, Hugging Face, LangChain, TensorFlow",Entry,Full-time,"Anthonyland, GQ",2024-01-14,Large,"PyTorch, Scikit-learn, BigQuery",120456,210505
Sweeney-Griffith,Finance,AI Product Manager,"Flask, Azure, C++, Excel",Entry,Internship,"Michaelchester, MK",2025-09-17,Mid,MLflow,86740,124608
"Stafford, Owens and Thompson",Education,Data Analyst,"MLflow, Hugging Face, Python, Scikit-learn",Entry,Full-time,"Lake Debra, AM",2025-04-25,Mid,"MLflow, LangChain, KDB+",78116,122008
"Gonzalez, Watts and Thompson",E-commerce,Computer Vision Engineer,"FastAPI, SQL, Flask, CUDA, C++, Scikit-learn",Mid,Contract,"New Danielburgh, RU",2024-11-01,Startup,"FastAPI, LangChain",42962,75277
Graham Group,Tech,Data Analyst,"LangChain, FastAPI, PyTorch, CUDA, AWS",Senior,Full-time,"Lake Melissaville, PL",2024-03-21,Large,"BigQuery, Scikit-learn, MLflow",51640,64834
Ward-Allen,Education,Quant Researcher,"C++, Power BI, NumPy",Mid,Contract,"Jeffreyburgh, SC",2024-09-10,Large,"LangChain, BigQuery",98118,167073
"Garrett, Hernandez and Anderson",Finance,Quant Researcher,"FastAPI, Scikit-learn, LangChain",Mid,Internship,"Whiteville, SE",2023-11-16,Mid,"LangChain, MLflow",140819,222611
Long Inc,Finance,AI Researcher,"Flask, Python, Power BI, CUDA",Entry,Internship,"Jacksonmouth, UZ",2025-03-23,Startup,"FastAPI, LangChain, BigQuery",82496,127505
Cummings-Nash,Finance,AI Researcher,"Python, SQL, C++, FastAPI",Entry,Internship,"Adamton, HR",2023-10-17,Startup,"KDB+, LangChain",124249,174855
"Sawyer, Donovan and Vargas",Automotive,NLP Engineer,"TensorFlow, Power BI, FastAPI, LangChain, Scikit-learn, Python",Mid,Contract,"Lake Erica, NL",2023-10-19,Startup,"BigQuery, KDB+, LangChain",81426,145890
"Stewart, Gutierrez and Simpson",Tech,Data Scientist,"GCP, LangChain, Keras",Entry,Internship,"South Paige, VC",2025-03-21,Large,"LangChain, FastAPI, Scikit-learn",51104,130405
Jones-Marshall,Finance,NLP Engineer,"Excel, TensorFlow, Pandas, CUDA",Entry,Remote,"Scottberg, MG",2025-08-26,Startup,"MLflow, FastAPI, TensorFlow",143177,155682
Murphy-Rosales,Education,NLP Engineer,"FastAPI, PyTorch, CUDA, Flask, Scikit-learn",Mid,Internship,"West Jesse, NG",2025-07-13,Large,"LangChain, BigQuery",139393,162837
Solis-Thornton,Healthcare,ML Engineer,"Hugging Face, Python, FastAPI, CUDA, GCP",Entry,Full-time,"East Autumn, AM",2024-10-10,Mid,"LangChain, BigQuery",95581.5,151635
Michael Ltd,Healthcare,Computer Vision Engineer,"PyTorch, MLflow, Scikit-learn, Excel, Pandas",Senior,Full-time,"Maldonadoville, PL",2025-08-09,Startup,LangChain,107083,124486
Alexander and Sons,Education,AI Researcher,"Pandas, R, FastAPI, AWS, MLflow, Python",Senior,Full-time,"Richardside, PY",2024-11-15,Startup,"LangChain, FastAPI",126865,190621
"Travis, Fletcher and Rodriguez",Finance,Computer Vision Engineer,"Python, SQL, Power BI, Scikit-learn, FastAPI",Mid,Contract,"Port Julieburgh, KW",2023-12-18,Large,"FastAPI, KDB+, LangChain",127896,227744
Lozano-Hill,Healthcare,Data Analyst,"Keras, NumPy, Excel, C++, Pandas",Entry,Contract,"South Stephanieville, BS",2024-05-22,Large,"TensorFlow, BigQuery",133789,170501
"Farmer, Leach and Norris",Retail,Computer Vision Engineer,"Keras, Power BI, MLflow, AWS",Entry,Contract,"Williamsbury, DO",2025-09-03,Mid,TensorFlow,126422,179630
Price-Nichols,Healthcare,ML Engineer,"Pandas, MLflow, Hugging Face, SQL",Entry,Contract,"South Fredview, PL",2025-07-22,Startup,TensorFlow,53156,131761
"Gonzalez, Jackson and Williams",Retail,Data Scientist,"Hugging Face, LangChain, Azure, Scikit-learn, Flask",Senior,Internship,"Heatherport, DO",2025-08-09,Large,"KDB+, BigQuery, MLflow",95581.5,151635
"Dodson, Palmer and Huber",Education,Quant Researcher,"Python, Pandas, NumPy, MLflow",Entry,Full-time,"Alejandromouth, CU",2025-02-26,Mid,KDB+,129308,160166
Morris-Sanchez,Finance,Data Scientist,"Power BI, GCP, Scikit-learn",Senior,Internship,"New James, CR",2025-03-21,Mid,TensorFlow,112263,190554
Cobb-Lindsey,E-commerce,NLP Engineer,"FastAPI, TensorFlow, NumPy, AWS, Azure",Entry,Contract,"West Madison, QA",2024-11-19,Mid,"LangChain, Scikit-learn",147332,158887
Ramirez-Goodwin,Automotive,Computer Vision Engineer,"CUDA, Pandas, GCP, LangChain, Azure, TensorFlow",Mid,Full-time,"Tanyachester, TW",2025-04-04,Mid,"KDB+, MLflow",54559,121736
Duran PLC,Healthcare,Computer Vision Engineer,"Keras, GCP, SQL",Senior,Remote,"New David, EG",2023-10-03,Mid,"BigQuery, FastAPI",91427,154726
Kaiser Group,Tech,AI Product Manager,"Power BI, FastAPI, Reinforcement Learning, SQL, Keras, AWS",Senior,Contract,"South Patricktown, NO",2025-03-30,Large,"TensorFlow, Scikit-learn, MLflow",120983,167455
Garcia PLC,Education,ML Engineer,"AWS, Hugging Face, Flask, CUDA",Mid,Contract,"Sanfordmouth, GW",2024-02-06,Large,BigQuery,108083,168433
Steele-Norman,Healthcare,Quant Researcher,"Azure, MLflow, Excel, CUDA",Entry,Internship,"Elainefurt, BS",2024-06-20,Mid,Scikit-learn,43248,86711
Garcia Ltd,Education,AI Researcher,"SQL, Flask, NumPy, Power BI, Excel",Entry,Remote,"Brownstad, LU",2024-09-08,Large,KDB+,73459,87186
Hill LLC,Healthcare,AI Researcher,"GCP, Azure, Reinforcement Learning, TensorFlow, CUDA, FastAPI",Entry,Contract,"Lake Christopher, QA",2024-07-24,Large,Scikit-learn,94345,157493
"Morales, Thomas and Miller",Healthcare,NLP Engineer,"Python, FastAPI, R",Mid,Full-time,"Millermouth, GY",2024-08-28,Mid,"MLflow, Scikit-learn, FastAPI",113621,179602
Kelly-Novak,Finance,Data Scientist,"Scikit-learn, Pandas, GCP, Python, R",Entry,Full-time,"Nicoleside, AD",2025-05-20,Mid,KDB+,43828,137950
Martin-Hernandez,Tech,Quant Researcher,"AWS, Python, GCP, R, C++, FastAPI",Senior,Remote,"North Patrick, KE",2025-06-17,Mid,"Scikit-learn, TensorFlow",118046,186961
Price-Dean,Education,NLP Engineer,"NumPy, LangChain, Excel, Keras",Entry,Full-time,"Dennistown, IQ",2024-03-17,Large,MLflow,143236,210339
Ruiz Inc,Automotive,Data Analyst,"NumPy, Scikit-learn, Keras, TensorFlow, Hugging Face, Excel",Entry,Contract,"Rodriguezfurt, LI",2025-05-07,Large,"LangChain, KDB+",95581.5,151635
"Hudson, Burton and Campbell",E-commerce,Data Analyst,"TensorFlow, R, Hugging Face",Mid,Internship,"Sullivanburgh, BJ",2024-04-05,Startup,Scikit-learn,69403,123368
Roberson Inc,Automotive,NLP Engineer,"Python, Power BI, Pandas, MLflow, Keras, Scikit-learn",Mid,Contract,"New Justin, ZW",2024-01-01,Mid,"MLflow, PyTorch, FastAPI",143437,196807
Gutierrez PLC,Retail,NLP Engineer,"PyTorch, GCP, NumPy, Python, Pandas, Keras",Entry,Contract,"West Fredside, PW",2025-08-10,Mid,"TensorFlow, KDB+, BigQuery",59290,84926
"King, Chambers and Brown",Retail,AI Researcher,"SQL, Excel, Python",Entry,Remote,"Eriktown, GT",2024-10-08,Mid,"Scikit-learn, MLflow",124112,141184
Shannon LLC,Finance,AI Researcher,"GCP, Keras, Azure, SQL, Scikit-learn, NumPy",Entry,Contract,"Port Robert, TR",2024-07-10,Large,BigQuery,93411,137526
Thompson-Norris,Finance,Computer Vision Engineer,"Azure, TensorFlow, PyTorch, AWS, Flask",Senior,Contract,"Davidfort, CU",2024-10-08,Startup,"KDB+, MLflow",98592,132404
Davis and Sons,E-commerce,Quant Researcher,"Hugging Face, Power BI, SQL, FastAPI, C++, Reinforcement Learning",Mid,Internship,"Carrollland, SE",2023-10-31,Large,KDB+,109693,136678
"Reed, Garcia and French",E-commerce,NLP Engineer,"Keras, CUDA, TensorFlow",Entry,Full-time,"West Richardborough, BE",2025-08-03,Startup,"BigQuery, TensorFlow",128381,173902
Anderson-Cruz,Tech,Computer Vision Engineer,"SQL, AWS, Power BI",Mid,Remote,"Jasonshire, TH",2025-04-07,Large,PyTorch,95581.5,151635
King PLC,Finance,Quant Researcher,"NumPy, CUDA, Scikit-learn, Keras, Excel, Pandas",Mid,Contract,"East Sheriton, SV",2024-03-10,Large,Scikit-learn,117985,188287
Baker-Gomez,Finance,AI Product Manager,"NumPy, PyTorch, FastAPI, CUDA, Azure",Entry,Remote,"Sarahview, SE",2024-11-22,Large,"LangChain, KDB+",98649,172840
"Patterson, Bruce and Herring",Retail,NLP Engineer,"Keras, Pandas, MLflow, Scikit-learn",Entry,Remote,"Davechester, LR",2024-12-31,Mid,"PyTorch, KDB+, LangChain",132259,223631
Jackson Inc,Education,Data Analyst,"MLflow, NumPy, Scikit-learn, Azure, Keras",Senior,Internship,"Allenton, UG",2025-03-11,Startup,Scikit-learn,92116,122876
"Thompson, Lewis and Gonzalez",E-commerce,NLP Engineer,"AWS, Hugging Face, Python, Reinforcement Learning, Scikit-learn, LangChain",Entry,Internship,"Westland, KM",2024-09-23,Large,BigQuery,95581.5,151635
Mclean Inc,Healthcare,NLP Engineer,"Keras, Pandas, TensorFlow, CUDA",Mid,Remote,"Shermanshire, MM",2025-02-09,Large,"KDB+, FastAPI",64185,77841
Moore Inc,Automotive,AI Researcher,"Power BI, CUDA, Scikit-learn",Senior,Contract,"Jamesborough, GB",2025-04-23,Mid,"BigQuery, LangChain, FastAPI",95581.5,151635
Flores-Dalton,Automotive,AI Researcher,"CUDA, Reinforcement Learning, TensorFlow, Power BI, FastAPI, LangChain",Senior,Internship,"East Edward, MV",2025-09-01,Mid,TensorFlow,95581.5,151635
Nguyen and Sons,Healthcare,Data Analyst,"C++, MLflow, TensorFlow, NumPy, Excel, R",Entry,Full-time,"Youngborough, CF",2024-02-29,Mid,"PyTorch, FastAPI",119699,195649
Russell Inc,Finance,NLP Engineer,"Excel, CUDA, GCP, Scikit-learn, Python",Entry,Remote,"Morrowview, RS",2024-12-30,Mid,PyTorch,105893,197119
Castillo and Sons,Education,Computer Vision Engineer,"NumPy, MLflow, R, C++",Mid,Full-time,"North Sheilamouth, JP",2024-09-02,Mid,"FastAPI, PyTorch, TensorFlow",144509,185639
Price PLC,Finance,AI Product Manager,"AWS, GCP, R, Power BI",Senior,Contract,"Randallside, CZ",2024-03-05,Mid,"BigQuery, Scikit-learn",125979,196585
"Payne, Vasquez and Arnold",Healthcare,AI Product Manager,"Azure, Hugging Face, C++, Scikit-learn, Flask, Pandas",Mid,Full-time,"Danielfurt, GW",2024-01-14,Large,"LangChain, PyTorch, MLflow",96804,161412
Roth LLC,Retail,Data Analyst,"SQL, AWS, Pandas, PyTorch, LangChain, C++",Senior,Contract,"Royville, BG",2025-08-26,Startup,BigQuery,145387,192153
Bryant and Sons,Automotive,Quant Researcher,"AWS, Pandas, NumPy, LangChain, GCP, Flask",Entry,Contract,"Port Allisonfurt, SN",2025-06-07,Large,"Scikit-learn, TensorFlow",44646,126597
"Morris, Williams and Campbell",Healthcare,ML Engineer,"C++, PyTorch, NumPy, LangChain, AWS, Keras",Mid,Remote,"South Heatherside, KZ",2024-05-14,Startup,TensorFlow,95581.5,151635
Perez Ltd,Healthcare,AI Product Manager,"MLflow, LangChain, Power BI, Scikit-learn, Pandas",Entry,Remote,"West Susan, NG",2025-04-04,Large,"FastAPI, KDB+",142495,193478
Smith-Hernandez,Education,Data Scientist,"NumPy, TensorFlow, GCP, LangChain",Mid,Contract,"Shelbyberg, AO",2024-01-05,Startup,"Scikit-learn, KDB+",52111,123116
"Barber, Green and Fernandez",Retail,Data Analyst,"Scikit-learn, PyTorch, Python, GCP",Entry,Contract,"Ryanberg, MD",2024-07-30,Mid,"MLflow, KDB+",68548,93154
"Baker, Nichols and Chen",Education,ML Engineer,"LangChain, Keras, Hugging Face, Scikit-learn, Reinforcement Learning",Entry,Contract,"West Carloston, CO",2025-03-10,Large,"BigQuery, MLflow, Scikit-learn",82795,123262
Crawford-Cooper,E-commerce,AI Researcher,"FastAPI, Python, Pandas, Azure",Entry,Internship,"Calderonfurt, KN",2025-08-17,Mid,BigQuery,94239,122634
"Manning, Hernandez and Serrano",Retail,NLP Engineer,"Power BI, Flask, GCP, CUDA",Mid,Remote,"New Crystalport, BF",2023-12-19,Large,FastAPI,64790,95818
Sanchez and Sons,E-commerce,Data Analyst,"PyTorch, AWS, SQL",Senior,Remote,"North Melissa, NL",2025-09-17,Startup,"PyTorch, Scikit-learn",133389,145372
Gomez-Mosley,Automotive,Computer Vision Engineer,"CUDA, Python, Keras, SQL",Senior,Internship,"East James, CR",2024-12-28,Mid,KDB+,112241,126511
"Knox, Kirby and Rogers",Education,AI Researcher,"NumPy, AWS, Azure, TensorFlow, CUDA",Mid,Remote,"Cynthiamouth, SC",2024-03-08,Startup,"FastAPI, TensorFlow, LangChain",66955,108050
Johnson-Hansen,E-commerce,ML Engineer,"Python, Keras, PyTorch",Mid,Internship,"New Christopher, KG",2024-03-21,Mid,Scikit-learn,84480,167599
Allen-Carr,Finance,AI Product Manager,"TensorFlow, FastAPI, AWS",Mid,Contract,"West Jamesborough, BT",2023-12-14,Mid,Scikit-learn,74795,159585
Carroll-Peterson,Education,AI Researcher,"CUDA, MLflow, LangChain",Mid,Internship,"Lake Amanda, PG",2024-07-27,Startup,"TensorFlow, FastAPI, PyTorch",128089,227314
Castillo and Sons,Healthcare,NLP Engineer,"Flask, GCP, Azure, Reinforcement Learning, PyTorch",Mid,Contract,"New Monicaborough, KH",2024-06-04,Mid,"MLflow, PyTorch, KDB+",59563,117049
Dixon-Fields,Automotive,Data Analyst,"PyTorch, Power BI, TensorFlow, Keras",Senior,Remote,"New Christinastad, GY",2024-11-23,Startup,"BigQuery, KDB+",124014,215657
Ashley-Espinoza,Education,Computer Vision Engineer,"Python, LangChain, Hugging Face, Excel, Flask, Reinforcement Learning",Senior,Internship,"Elizabethchester, KZ",2025-06-23,Startup,"TensorFlow, MLflow",95581.5,151635
"Scott, Nelson and Cooke",Education,NLP Engineer,"Flask, Keras, Hugging Face, Azure, C++, SQL",Senior,Remote,"Hayesberg, AG",2025-01-02,Mid,"MLflow, Scikit-learn, FastAPI",95581.5,151635
Wright-Pennington,Finance,Quant Researcher,"R, NumPy, Keras, TensorFlow, Python, GCP",Mid,Contract,"Bentonland, BG",2025-09-14,Large,"Scikit-learn, KDB+, BigQuery",63560,115745
Garcia-Martinez,Education,Data Analyst,"Power BI, Flask, LangChain, Excel, MLflow",Mid,Contract,"Michaeltown, UY",2025-03-16,Large,"Scikit-learn, BigQuery, KDB+",95581.5,151635
Ryan-Ward,Education,Quant Researcher,"FastAPI, Azure, Power BI, CUDA, Flask",Mid,Internship,"Hernandezfurt, MX",2024-02-05,Mid,"KDB+, BigQuery",133411,230008
"Ross, Torres and Griffith",Healthcare,NLP Engineer,"MLflow, Excel, LangChain",Senior,Contract,"Jessicamouth, PS",2023-12-04,Large,"FastAPI, PyTorch",44241,67386
"Contreras, Taylor and Nelson",Education,ML Engineer,"NumPy, Scikit-learn, AWS, Power BI, SQL",Mid,Internship,"North Danielfort, LC",2025-03-16,Large,"Scikit-learn, MLflow, BigQuery",42621,93559
French Inc,Finance,NLP Engineer,"R, Keras, NumPy, FastAPI",Entry,Remote,"East Ritaburgh, AM",2025-08-06,Mid,"TensorFlow, MLflow",75069,172405
"Roth, Le and Hamilton",Healthcare,AI Product Manager,"Keras, GCP, NumPy, AWS",Mid,Full-time,"Lake Eriktown, TZ",2025-04-14,Large,LangChain,110005,156652
"Boyd, Gallagher and Thompson",Healthcare,Computer Vision Engineer,"Hugging Face, Reinforcement Learning, LangChain",Senior,Internship,"Brandonton, RO",2025-09-16,Large,"BigQuery, MLflow, FastAPI",127733,156796
Benjamin-Nguyen,Tech,Computer Vision Engineer,"LangChain, TensorFlow, AWS, Reinforcement Learning",Senior,Internship,"Barryborough, JM",2024-04-16,Startup,"TensorFlow, BigQuery",81580,132667
Coleman-Jimenez,Automotive,Data Analyst,"FastAPI, Reinforcement Learning, Hugging Face, GCP, R",Entry,Internship,"West Alexanderberg, MG",2024-10-18,Mid,TensorFlow,95581.5,151635
Williams-Gross,Finance,Data Analyst,"Power BI, Excel, SQL, AWS, Azure",Entry,Full-time,"Ericport, BR",2024-12-11,Startup,"FastAPI, MLflow, KDB+",95581.5,151635
Gonzalez Ltd,E-commerce,ML Engineer,"FastAPI, AWS, PyTorch",Mid,Remote,"Johnsonmouth, BS",2025-05-02,Mid,LangChain,50841,149011
Hart-Miller,E-commerce,AI Product Manager,"CUDA, Python, Keras",Senior,Internship,"South Gary, BN",2025-03-15,Startup,"FastAPI, PyTorch, TensorFlow",84196,183723
Kim Inc,Tech,AI Researcher,"Flask, Azure, Hugging Face, FastAPI, Excel",Mid,Contract,"West Ralphview, SL",2024-05-25,Mid,"PyTorch, BigQuery",95581.5,151635
Horton LLC,Tech,Data Scientist,"TensorFlow, CUDA, Reinforcement Learning, Flask, R",Entry,Internship,"Debraview, HU",2024-01-31,Mid,"FastAPI, PyTorch",61245,133612
Mendoza Ltd,Retail,AI Product Manager,"NumPy, MLflow, Python, C++, Azure",Mid,Internship,"North Michael, CU",2024-08-01,Large,"FastAPI, MLflow",91839,153147
"Alexander, Warner and Mendez",Tech,AI Product Manager,"NumPy, PyTorch, C++, MLflow, TensorFlow",Entry,Contract,"Joneston, TL",2025-01-24,Mid,"TensorFlow, KDB+, MLflow",65330,149814
Williams Ltd,Automotive,NLP Engineer,"Power BI, Azure, FastAPI, LangChain, NumPy",Mid,Contract,"Port Ariel, TR",2025-01-21,Mid,"KDB+, BigQuery",142316,210339
Mills Group,Finance,Quant Researcher,"Excel, Azure, Python, R, Hugging Face",Mid,Internship,"Johnathanmouth, HN",2025-04-29,Mid,"PyTorch, LangChain, MLflow",86369,153860
Jordan-Graves,Healthcare,AI Product Manager,"Power BI, MLflow, NumPy, Pandas",Senior,Full-time,"East Jennifer, EE",2025-08-01,Startup,"Scikit-learn, PyTorch, LangChain",95581.5,151635
Casey-Smith,Automotive,AI Product Manager,"LangChain, R, Hugging Face, Scikit-learn",Mid,Remote,"Romerobury, BI",2024-10-07,Mid,"TensorFlow, BigQuery, KDB+",86874,127959
Melton-Turner,Retail,AI Researcher,"Power BI, TensorFlow, Azure, CUDA, GCP, Pandas",Entry,Internship,"West Chelseafurt, AU",2024-02-22,Startup,"TensorFlow, FastAPI",91853,143054
Gutierrez-Hernandez,E-commerce,Data Analyst,"Reinforcement Learning, SQL, Scikit-learn, AWS",Senior,Internship,"Lake Thomas, MD",2025-05-23,Large,"KDB+, Scikit-learn, PyTorch",115282,183026
"Oliver, Tran and Jackson",Finance,NLP Engineer,"Scikit-learn, LangChain, Hugging Face, Python",Mid,Internship,"North Briannafort, PH",2024-06-08,Startup,PyTorch,100075,181375
Diaz-Hardy,Healthcare,AI Researcher,"Python, NumPy, Flask, LangChain, R",Entry,Internship,"Davidstad, BY",2024-08-22,Startup,"BigQuery, TensorFlow",84286,155592
White-Hayes,Automotive,Quant Researcher,"PyTorch, Python, GCP, MLflow",Senior,Full-time,"West Derek, VU",2024-03-26,Large,"Scikit-learn, BigQuery",81464,148211
Dominguez Ltd,Education,Computer Vision Engineer,"Python, MLflow, Azure, TensorFlow, Power BI",Entry,Remote,"East Christopher, EE",2025-01-29,Mid,TensorFlow,142464,186808
"Welch, Green and Williams",E-commerce,Data Analyst,"NumPy, R, MLflow, C++, FastAPI",Entry,Contract,"Emmafurt, GN",2024-10-21,Large,BigQuery,121357,161420
Reed LLC,Healthcare,AI Researcher,"Excel, CUDA, Pandas",Mid,Internship,"Andreside, GA",2024-01-20,Large,"LangChain, MLflow",126266,151205
Brown and Sons,Retail,Computer Vision Engineer,"Scikit-learn, SQL, Keras, GCP, AWS, NumPy",Mid,Remote,"New Donald, CU",2024-09-14,Large,KDB+,43986,115213
Gutierrez Group,Automotive,Data Scientist,"PyTorch, SQL, Reinforcement Learning, MLflow, AWS",Entry,Internship,"New Andrea, ST",2024-09-29,Large,BigQuery,62157,96230
"Robinson, Stafford and Hoffman",Retail,AI Product Manager,"FastAPI, GCP, LangChain, MLflow",Entry,Full-time,"Palmerburgh, CF",2024-05-30,Large,"PyTorch, KDB+",102546,120953
"Wu, Browning and Ramos",Tech,Data Analyst,"NumPy, R, Power BI, CUDA",Mid,Internship,"North Louis, UY",2024-10-28,Mid,"MLflow, LangChain, FastAPI",79611,163781
Jones-Curtis,Education,AI Researcher,"Pandas, CUDA, PyTorch",Senior,Full-time,"North Nataliemouth, SR",2024-01-25,Mid,"FastAPI, BigQuery",142867,168105
Lewis-Brooks,Retail,ML Engineer,"Azure, Python, Hugging Face, SQL",Mid,Contract,"Owenshaven, LY",2024-02-11,Mid,"MLflow, KDB+",63520,101934
"Hobbs, Lawson and Robertson",Retail,Data Scientist,"MLflow, PyTorch, Scikit-learn",Senior,Internship,"Port Ricardo, SR",2024-05-19,Large,"LangChain, KDB+",116202,179210
"Gonzales, Lane and Hart",Healthcare,Quant Researcher,"Pandas, Reinforcement Learning, FastAPI",Mid,Internship,"Kaylaland, DE",2023-11-04,Mid,Scikit-learn,137620,173474
Kim PLC,Retail,NLP Engineer,"TensorFlow, SQL, NumPy",Entry,Internship,"North Jamietown, KE",2024-12-08,Mid,"BigQuery, FastAPI",131485,218283
"Vasquez, Fleming and Jones",Tech,AI Product Manager,"Flask, C++, TensorFlow, Reinforcement Learning, R",Entry,Internship,"East Melindastad, TO",2024-08-27,Startup,"Scikit-learn, TensorFlow, FastAPI",117341,158797
Rice Inc,Automotive,Data Analyst,"LangChain, Python, SQL",Entry,Internship,"East Linda, KP",2024-08-15,Mid,BigQuery,123706,167631
"Morris, Jensen and Hamilton",Tech,Quant Researcher,"Azure, Scikit-learn, Keras, R, Hugging Face",Mid,Contract,"Port Mckenzie, BO",2024-04-01,Mid,"BigQuery, KDB+",43828,96329
Gonzalez and Sons,Education,AI Product Manager,"NumPy, AWS, LangChain",Entry,Full-time,"New Traceyborough, BG",2025-06-17,Startup,PyTorch,95581.5,151635
Robinson-Hall,E-commerce,Data Scientist,"C++, Scikit-learn, CUDA, LangChain",Entry,Internship,"Flowersberg, MG",2024-12-31,Large,"BigQuery, PyTorch",125831,194965
Mendoza Ltd,Finance,AI Product Manager,"NumPy, Excel, Azure, AWS",Entry,Contract,"Chandlerville, RS",2024-11-07,Large,"PyTorch, TensorFlow, FastAPI",96628,121086
Richards-Barnes,Finance,NLP Engineer,"Power BI, GCP, FastAPI, C++, Pandas, SQL",Entry,Remote,"Williamton, TM",2024-02-16,Large,"LangChain, KDB+, FastAPI",85788,132802
Bailey-Harris,Automotive,Quant Researcher,"MLflow, Flask, Azure, CUDA, FastAPI",Mid,Internship,"Lake Sarah, SY",2025-05-12,Startup,TensorFlow,147975,247578
Soto and Sons,Automotive,Data Analyst,"Pandas, AWS, R, TensorFlow, FastAPI, MLflow",Entry,Contract,"East Johnton, HR",2024-12-24,Mid,BigQuery,48226,90071
Williams Ltd,Healthcare,Data Scientist,"Python, Power BI, PyTorch",Senior,Internship,"Samuelhaven, BO",2025-01-22,Startup,MLflow,62447,129068
Lane-Weaver,Retail,Computer Vision Engineer,"TensorFlow, Python, AWS, Reinforcement Learning, NumPy, CUDA",Senior,Internship,"Garciamouth, KI",2024-05-18,Large,TensorFlow,110876,127413
Hernandez PLC,Education,AI Product Manager,"SQL, MLflow, R",Senior,Remote,"Lake Charlesmouth, CL",2023-10-13,Large,Scikit-learn,85915,109356
Ortiz-Mcfarland,Finance,AI Product Manager,"NumPy, Reinforcement Learning, Azure, C++, R",Entry,Full-time,"Reyesview, NR",2024-01-09,Large,"Scikit-learn, BigQuery, FastAPI",143326,161834
Rice-Hendricks,Healthcare,Data Scientist,"Power BI, Azure, SQL, C++, Hugging Face",Senior,Full-time,"East William, NZ",2024-01-01,Mid,"KDB+, FastAPI, PyTorch",89991,179017
"Brown, Jackson and Carr",E-commerce,Computer Vision Engineer,"Python, Pandas, AWS, TensorFlow, SQL",Entry,Remote,"Greeneton, LU",2023-11-08,Mid,"KDB+, FastAPI",67897,156557
"Kelley, Steele and Bell",Finance,AI Product Manager,"LangChain, Flask, PyTorch, Python",Entry,Internship,"South Anthonyfurt, BO",2024-01-16,Mid,FastAPI,44318,101581
Cline PLC,Tech,Data Analyst,"Keras, Azure, Excel, TensorFlow",Entry,Internship,"Hannahside, KI",2024-12-31,Mid,"Scikit-learn, MLflow",67657,112933
Shah-White,Finance,Quant Researcher,"Keras, CUDA, PyTorch, Power BI",Entry,Contract,"Lake Erikburgh, ZM",2025-01-29,Large,BigQuery,97752,152521
Davis-Butler,Automotive,Data Scientist,"Scikit-learn, Power BI, PyTorch, SQL, Excel, AWS",Entry,Internship,"South Zacharyburgh, ES",2024-01-13,Mid,LangChain,93403,169785
"Newton, Kelly and Martinez",Automotive,NLP Engineer,"Azure, NumPy, LangChain, FastAPI, Hugging Face, Keras",Senior,Remote,"Lake Johnchester, CG",2024-01-08,Mid,"FastAPI, PyTorch, TensorFlow",95581.5,151635
Berry-Lewis,E-commerce,Computer Vision Engineer,"AWS, Python, Flask, Pandas, Azure, LangChain",Entry,Internship,"Melissaton, LA",2023-10-24,Startup,Scikit-learn,123977,182190
"Brandt, Fuller and Cruz",Finance,AI Researcher,"Hugging Face, R, C++",Mid,Remote,"New Sydneyton, PH",2024-07-09,Large,"TensorFlow, LangChain, FastAPI",108708,183957
Turner PLC,Tech,Quant Researcher,"Python, NumPy, Excel, Azure, Scikit-learn",Entry,Contract,"Jasonfurt, BW",2024-09-09,Mid,"BigQuery, PyTorch",42431,121809
Sanchez Ltd,Automotive,AI Researcher,"Power BI, GCP, MLflow, CUDA, Flask",Entry,Full-time,"Barnetthaven, IN",2025-03-16,Startup,"KDB+, PyTorch",129721,169068
Crawford Group,Automotive,ML Engineer,"PyTorch, Reinforcement Learning, Azure, Python, AWS, Hugging Face",Mid,Contract,"Abbottmouth, IN",2024-11-06,Mid,"FastAPI, LangChain, TensorFlow",51999,114433
"Humphrey, Barrett and Colon",E-commerce,Data Scientist,"Pandas, MLflow, Azure, Reinforcement Learning, FastAPI, R",Senior,Full-time,"Davidmouth, IE",2024-06-20,Large,"MLflow, PyTorch, TensorFlow",133703,230141
Obrien PLC,Education,Quant Researcher,"Pandas, AWS, R, PyTorch, Power BI, NumPy",Senior,Remote,"Mariochester, BY",2025-06-17,Large,MLflow,75109,126693
"Stanton, Martin and Martin",Automotive,Data Analyst,"C++, NumPy, Power BI, MLflow, CUDA",Senior,Contract,"West Sally, GR",2024-06-06,Large,"BigQuery, TensorFlow",102227,124205
"James, Payne and Roth",Education,AI Researcher,"Power BI, Azure, R",Mid,Remote,"West Ernest, BY",2024-09-08,Large,"LangChain, Scikit-learn, FastAPI",77125,136585
"Bowen, Flores and Williams",Finance,Computer Vision Engineer,"NumPy, C++, AWS, SQL, MLflow",Senior,Internship,"Alanside, SK",2024-10-02,Mid,"PyTorch, Scikit-learn",114539,151150
Flynn LLC,Retail,Quant Researcher,"Azure, C++, Reinforcement Learning",Entry,Contract,"Carrollview, HN",2023-10-01,Mid,"BigQuery, Scikit-learn, LangChain",42773,105072
"Campos, Floyd and Clark",Finance,AI Researcher,"Power BI, Hugging Face, Keras, Reinforcement Learning, TensorFlow, Excel",Entry,Contract,"Changside, DJ",2024-05-13,Mid,LangChain,122640,208762
"Henderson, Lynch and Lindsey",Education,AI Product Manager,"MLflow, LangChain, Hugging Face, Azure, Flask",Mid,Internship,"Thomasland, NI",2024-04-23,Mid,TensorFlow,90611,152714
Mitchell-Peters,Tech,AI Product Manager,"SQL, Keras, Scikit-learn, NumPy",Senior,Internship,"Melissaview, GN",2023-12-16,Mid,"KDB+, FastAPI",61529,88876
Mcfarland Inc,Tech,AI Product Manager,"NumPy, Pandas, Hugging Face",Mid,Contract,"Gatesburgh, ZM",2025-04-19,Mid,"TensorFlow, MLflow, LangChain",95581.5,151635
Jones and Sons,Finance,AI Product Manager,"Scikit-learn, Keras, C++",Entry,Internship,"Lake Jose, ML",2024-05-01,Mid,"BigQuery, MLflow, KDB+",87618,184731
"Nash, Anderson and Brown",Retail,Computer Vision Engineer,"MLflow, GCP, TensorFlow, AWS",Senior,Full-time,"New Jeffrey, SV",2025-04-11,Startup,"TensorFlow, LangChain, BigQuery",129185,169420
"Whitehead, Summers and Nelson",Education,Data Analyst,"Flask, Excel, Keras, PyTorch, Python",Entry,Internship,"East Bryce, IS",2024-12-21,Startup,Scikit-learn,127161,187759
Gonzalez-Thompson,Education,NLP Engineer,"SQL, Python, MLflow",Senior,Remote,"Graceville, TO",2023-12-10,Startup,MLflow,91557,109518
"Simon, Price and Dickson",Tech,AI Product Manager,"PyTorch, Excel, Reinforcement Learning, Scikit-learn, Azure",Entry,Remote,"Williamsside, NE",2024-09-11,Mid,"BigQuery, KDB+",85776,173610
Strickland-Stevenson,Automotive,AI Researcher,"Excel, Hugging Face, PyTorch, R, SQL, Flask",Senior,Internship,"East Mary, LI",2024-09-09,Mid,"TensorFlow, PyTorch, LangChain",95255,160292
Kramer Inc,Automotive,AI Researcher,"Scikit-learn, Hugging Face, Pandas, Keras, TensorFlow",Senior,Remote,"Garzaside, NA",2024-08-24,Mid,"TensorFlow, Scikit-learn",70536,137707
Mahoney-Collins,Finance,AI Product Manager,"FastAPI, MLflow, LangChain, Hugging Face, Power BI",Entry,Remote,"Marktown, AO",2023-10-29,Startup,"TensorFlow, KDB+, BigQuery",56526,149136
Ortiz PLC,Finance,Quant Researcher,"Pandas, Keras, Python, NumPy, GCP",Entry,Remote,"South Staceyport, IN",2023-09-26,Startup,"PyTorch, MLflow",40077,124906
"Donaldson, Cox and Lopez",Finance,Data Analyst,"Power BI, Azure, SQL, Flask, NumPy, CUDA",Entry,Remote,"Port Marcusville, US",2025-08-19,Large,"BigQuery, Scikit-learn",136304,175873
"Clark, Baker and Parks",Automotive,Computer Vision Engineer,"Keras, SQL, FastAPI, GCP, Flask",Mid,Full-time,"Singhfort, PA",2025-08-17,Mid,"LangChain, BigQuery",45264,63508
Anderson-Gonzalez,E-commerce,Computer Vision Engineer,"Excel, Keras, Pandas, CUDA, SQL, Hugging Face",Senior,Internship,"Samuelton, DK",2024-05-05,Startup,"MLflow, KDB+, BigQuery",70448,88238
Walker-Becker,Retail,Data Analyst,"CUDA, PyTorch, Excel",Senior,Internship,"Port Andrewside, MT",2024-08-29,Mid,LangChain,132241,182322
Hall Group,Finance,Data Scientist,"Flask, Scikit-learn, FastAPI, Power BI",Senior,Contract,"New Manuelbury, LS",2023-12-13,Mid,"PyTorch, BigQuery",97077,144023
Blake-Daugherty,E-commerce,Data Scientist,"Flask, C++, CUDA, R",Senior,Internship,"Lake Adamfurt, BR",2024-04-10,Startup,"LangChain, Scikit-learn",93070,155510
Powers Group,Education,Quant Researcher,"R, Pandas, TensorFlow",Senior,Internship,"Grahamshire, PH",2024-10-18,Mid,"TensorFlow, LangChain",110751,196979
Bernard-Herrera,Education,Data Scientist,"MLflow, Hugging Face, FastAPI, Azure",Entry,Internship,"Port Denise, MV",2025-05-29,Mid,"Scikit-learn, KDB+",57928,153531
Thomas Group,Education,AI Product Manager,"NumPy, MLflow, PyTorch, Pandas, FastAPI",Entry,Internship,"New Melissa, KM",2024-09-13,Startup,BigQuery,139669,235176
Phelps-Johnson,Education,Data Scientist,"FastAPI, TensorFlow, Keras, Excel, Pandas",Mid,Full-time,"Lake Kristen, SY",2024-12-25,Mid,BigQuery,76192,110813
Young-Brown,Healthcare,AI Researcher,"Power BI, C++, Flask, Keras, Reinforcement Learning, SQL",Mid,Remote,"North Samuel, UY",2024-09-04,Large,TensorFlow,86522,144139
"Alvarez, Martinez and Miller",Finance,NLP Engineer,"FastAPI, MLflow, Pandas, R, TensorFlow",Entry,Full-time,"Kimberlyfort, MN",2024-07-31,Mid,"LangChain, BigQuery",40634,94055
Phillips-Baker,Education,Computer Vision Engineer,"R, Keras, PyTorch",Entry,Remote,"West James, SG",2025-05-15,Startup,KDB+,50432,62117
Cochran-Bailey,Retail,Data Scientist,"Pandas, GCP, C++, Reinforcement Learning",Senior,Internship,"West Andrew, NA",2024-05-28,Startup,MLflow,92187,143257
Vazquez LLC,Education,AI Product Manager,"Azure, LangChain, Reinforcement Learning",Entry,Full-time,"East Bruce, AM",2025-03-21,Startup,"PyTorch, FastAPI",139231,220256
Carey and Sons,Education,AI Product Manager,"Keras, Excel, SQL, Python, Scikit-learn",Entry,Remote,"Robertfort, LK",2024-06-19,Mid,"FastAPI, Scikit-learn, MLflow",116281,126487
"Marshall, Mccoy and Montgomery",Healthcare,AI Product Manager,"Power BI, C++, NumPy",Entry,Internship,"Greggbury, KI",2024-10-15,Large,"PyTorch, BigQuery",95581.5,151635
Hart-Peterson,Automotive,ML Engineer,"Excel, FastAPI, Hugging Face, C++, GCP, R",Senior,Remote,"South Christopher, CN",2023-10-21,Mid,"Scikit-learn, TensorFlow",72900,93392
Clark-Sharp,Retail,AI Researcher,"Reinforcement Learning, MLflow, Hugging Face, CUDA, Flask",Senior,Full-time,"Lake Mark, BN",2024-04-09,Startup,"MLflow, BigQuery, LangChain",122910,218807
"Daniels, Martinez and Brown",E-commerce,NLP Engineer,"AWS, Power BI, GCP, NumPy, Flask",Senior,Remote,"Mariestad, SG",2025-08-14,Mid,"LangChain, FastAPI",60661,137033
Lawson-Mitchell,Finance,Data Analyst,"Azure, Flask, CUDA, TensorFlow",Entry,Full-time,"Jacobchester, PL",2024-09-02,Large,"Scikit-learn, LangChain",51191,106210
"James, Johnson and Pineda",Education,Data Scientist,"FastAPI, Pandas, Scikit-learn",Entry,Contract,"Maxwellburgh, JO",2025-07-22,Large,"Scikit-learn, PyTorch",67972,161749
Allen-Parker,Healthcare,Computer Vision Engineer,"FastAPI, Keras, TensorFlow, SQL, C++, GCP",Mid,Internship,"North Dakota, BJ",2025-03-30,Startup,"LangChain, KDB+, Scikit-learn",43847,66742
Russell and Sons,Automotive,Data Scientist,"Excel, CUDA, Reinforcement Learning, R, FastAPI, Keras",Mid,Remote,"Gallegosbury, MG",2024-12-08,Startup,KDB+,66723,83982
"Peters, Mcdaniel and Adams",E-commerce,Data Analyst,"Excel, GCP, CUDA, Azure",Entry,Internship,"Pruittchester, PG",2024-02-18,Mid,"LangChain, BigQuery, MLflow",149030,200926
Jones PLC,Retail,Quant Researcher,"Python, PyTorch, LangChain, Hugging Face, Power BI, Scikit-learn",Mid,Contract,"West Ricky, US",2024-11-13,Startup,"LangChain, PyTorch, FastAPI",42247,66979
"Taylor, Ruiz and Padilla",Education,Data Analyst,"Scikit-learn, Excel, GCP, Python",Senior,Full-time,"Barnettburgh, BO",2025-04-18,Mid,"MLflow, FastAPI",57957,133868
Johnson-Roberson,Retail,AI Product Manager,"FastAPI, MLflow, Pandas, Hugging Face, GCP, C++",Mid,Remote,"Port Rachel, HT",2024-10-06,Startup,"FastAPI, MLflow, Scikit-learn",91662,156759
Carey and Sons,Healthcare,AI Researcher,"MLflow, Scikit-learn, R",Entry,Contract,"Lindastad, LB",2025-08-19,Startup,PyTorch,123795,160363
"Willis, Smith and Norris",Finance,AI Product Manager,"SQL, Flask, Reinforcement Learning, C++",Entry,Remote,"South Aaron, MT",2025-08-19,Startup,"LangChain, BigQuery",92753,165745
Gallagher Inc,E-commerce,AI Researcher,"LangChain, Excel, TensorFlow, Scikit-learn",Entry,Internship,"Cathyton, AL",2025-06-08,Startup,"LangChain, KDB+, BigQuery",94406,130758
Jones Inc,E-commerce,Computer Vision Engineer,"AWS, FastAPI, MLflow",Mid,Remote,"North Thomas, GM",2025-02-03,Large,MLflow,105919,193927
Coleman-Yoder,Education,Data Scientist,"Azure, Hugging Face, Python",Entry,Internship,"Maxwellchester, LK",2024-02-19,Large,"Scikit-learn, MLflow",129469,211237
Mcdonald Ltd,Automotive,ML Engineer,"R, AWS, Azure",Entry,Remote,"New David, MG",2025-06-14,Large,"Scikit-learn, BigQuery",68792,82411
Anderson-Campbell,Education,AI Researcher,"CUDA, Power BI, SQL, Pandas",Mid,Contract,"Bestview, AG",2025-04-10,Mid,"Scikit-learn, FastAPI, KDB+",92739,133823
"Garner, Massey and Lozano",E-commerce,Computer Vision Engineer,"Reinforcement Learning, Scikit-learn, Excel, SQL",Entry,Internship,"New Douglasburgh, TV",2025-04-29,Startup,"MLflow, BigQuery",85651,149208
"White, Waters and Johnson",Tech,Data Scientist,"MLflow, Keras, LangChain",Senior,Contract,"Daleville, CL",2025-03-04,Startup,PyTorch,51635,124521
Cox-Griffin,Tech,AI Product Manager,"C++, Scikit-learn, PyTorch, Pandas, Flask",Mid,Contract,"East Melissatown, IN",2023-12-26,Mid,MLflow,87231,97496
Smith Inc,Tech,NLP Engineer,"AWS, SQL, Excel",Entry,Contract,"Perezfurt, SZ",2025-09-19,Startup,"MLflow, LangChain, FastAPI",103271,157584
Mason Inc,Automotive,Quant Researcher,"Reinforcement Learning, MLflow, TensorFlow, PyTorch, Keras",Mid,Contract,"Angelafurt, BT",2025-02-14,Startup,PyTorch,43405,107147
Clark Group,Tech,Data Analyst,"Azure, TensorFlow, NumPy",Mid,Contract,"Lauraside, US",2025-04-26,Mid,"KDB+, BigQuery, MLflow",55825,93053
Sutton-Weber,Automotive,Data Analyst,"FastAPI, NumPy, C++, LangChain",Entry,Internship,"West Anna, MK",2024-12-13,Mid,LangChain,96220,194055
Stevenson Ltd,Retail,Computer Vision Engineer,"Flask, Excel, PyTorch, Scikit-learn, FastAPI, Keras",Entry,Contract,"Jeffreyport, IS",2024-01-19,Mid,"PyTorch, TensorFlow, MLflow",123561,166771
Scott-Wright,Finance,Data Scientist,"Keras, MLflow, Excel",Senior,Remote,"Lake Shelly, CN",2025-08-03,Large,"LangChain, KDB+",91175,121911
Gonzales-Charles,E-commerce,ML Engineer,"Azure, PyTorch, CUDA",Entry,Internship,"South Sarah, JO",2024-09-12,Startup,"KDB+, TensorFlow, LangChain",95581.5,151635
Saunders Inc,Automotive,Data Analyst,"CUDA, R, Hugging Face, PyTorch, AWS",Senior,Full-time,"Lake Lisafurt, ER",2025-06-05,Mid,BigQuery,109743,171570
Park PLC,E-commerce,AI Researcher,"Pandas, C++, R, MLflow",Senior,Internship,"Amandamouth, LT",2024-02-22,Startup,FastAPI,55502,113844
Jimenez-Brown,Healthcare,Data Analyst,"Python, Pandas, R, Flask",Entry,Contract,"Stuartfurt, AL",2025-02-17,Startup,"PyTorch, MLflow",47355,136323
Mendoza-Smith,Retail,Quant Researcher,"PyTorch, TensorFlow, Hugging Face",Senior,Remote,"South Amy, FJ",2024-09-27,Mid,"MLflow, BigQuery, KDB+",143690,196277
Hartman-Torres,Tech,ML Engineer,"Python, AWS, R, Azure, Scikit-learn",Mid,Full-time,"Leeville, GD",2025-02-11,Mid,LangChain,56560,97606
"Johnson, Humphrey and Walsh",Tech,AI Researcher,"Excel, NumPy, AWS, PyTorch, Pandas, CUDA",Mid,Contract,"Susanland, GQ",2025-04-07,Mid,Scikit-learn,149782,235152
"Rose, Miller and Gonzalez",Automotive,AI Product Manager,"LangChain, Hugging Face, NumPy, Excel",Entry,Contract,"Perkinsbury, ES",2023-10-22,Large,"Scikit-learn, KDB+, BigQuery",127612,155925
Meyer-Randall,Education,AI Researcher,"FastAPI, LangChain, Pandas, NumPy, TensorFlow",Entry,Full-time,"East Tyler, UA",2025-06-12,Mid,"LangChain, FastAPI",78409,151342
"Knox, Diaz and Fowler",Education,Data Analyst,"AWS, MLflow, PyTorch",Mid,Internship,"New Monique, NZ",2024-09-11,Large,"LangChain, BigQuery, TensorFlow",149023,169526
Arnold LLC,Healthcare,Quant Researcher,"PyTorch, Flask, Scikit-learn, AWS",Senior,Internship,"Kathymouth, SB",2024-04-20,Startup,KDB+,64779,145970
Durham LLC,Education,Data Analyst,"SQL, TensorFlow, AWS, Reinforcement Learning, GCP, NumPy",Senior,Remote,"Lake David, JO",2024-10-22,Large,PyTorch,69887,112524
"Robinson, Chang and Jimenez",Retail,Data Scientist,"Excel, Hugging Face, FastAPI, CUDA, MLflow, Flask",Entry,Full-time,"South Richardshire, DM",2024-11-08,Mid,"Scikit-learn, FastAPI, KDB+",119337,178013
"Dunn, Anderson and Barber",Tech,Data Analyst,"FastAPI, Pandas, Scikit-learn, PyTorch",Entry,Internship,"Melaniestad, ET",2025-01-14,Large,"LangChain, FastAPI",95581.5,151635
Lee Ltd,Automotive,ML Engineer,"NumPy, MLflow, CUDA, Azure, C++, GCP",Entry,Internship,"North Rebeccaton, LB",2024-06-12,Mid,LangChain,68689,117329
Powell and Sons,Automotive,AI Researcher,"C++, Python, TensorFlow, Keras, Excel",Mid,Contract,"South Angel, AL",2025-02-14,Mid,BigQuery,87545,175294
"Thompson, Bonilla and Caldwell",Finance,Data Scientist,"Keras, FastAPI, AWS, SQL, Excel, C++",Mid,Contract,"Wellsport, ER",2023-10-04,Mid,"LangChain, MLflow",96034,114094
"Allen, Navarro and Palmer",Retail,Quant Researcher,"Reinforcement Learning, TensorFlow, Azure, CUDA, GCP, Hugging Face",Mid,Full-time,"Millerton, SA",2023-10-14,Mid,"Scikit-learn, LangChain, BigQuery",71002,108691
Hunt-Richards,Healthcare,Data Analyst,"Pandas, TensorFlow, PyTorch, Power BI, GCP",Mid,Full-time,"Michaelview, TO",2023-11-25,Mid,"Scikit-learn, TensorFlow, PyTorch",48576,127886
Malone-Rodriguez,Retail,NLP Engineer,"Hugging Face, FastAPI, Python, NumPy",Senior,Contract,"North Johnstad, PY",2024-11-03,Mid,"Scikit-learn, TensorFlow, MLflow",95581.5,151635
Shields Group,Retail,AI Product Manager,"Azure, SQL, Hugging Face, R, LangChain",Mid,Remote,"West Savannahbury, WS",2025-08-12,Large,"PyTorch, TensorFlow",72195,154714
"Ball, Vasquez and Morales",E-commerce,AI Researcher,"PyTorch, AWS, Python, Scikit-learn",Entry,Internship,"West Dianastad, KM",2025-07-09,Mid,"BigQuery, FastAPI",70554,81212
"Johnson, Zuniga and Martinez",E-commerce,Data Scientist,"Azure, AWS, Keras, R, FastAPI",Entry,Internship,"Williamberg, TG",2024-02-17,Large,"BigQuery, MLflow, LangChain",72299,109340
Bryan-Rios,Tech,Computer Vision Engineer,"Keras, Azure, Hugging Face, CUDA, MLflow",Entry,Full-time,"Lake Williamton, BT",2023-12-18,Mid,PyTorch,80922,120813
"Williams, Garza and Hill",Education,Data Analyst,"Reinforcement Learning, SQL, AWS, FastAPI, TensorFlow, PyTorch",Senior,Internship,"Gateschester, PW",2023-11-14,Large,"BigQuery, MLflow",115164,135686
Graves Group,Healthcare,Computer Vision Engineer,"Pandas, Scikit-learn, Excel, TensorFlow, GCP",Entry,Remote,"Port Michael, KM",2024-02-01,Startup,"MLflow, LangChain, KDB+",100207,146233
"Rogers, Davila and Ashley",Tech,Computer Vision Engineer,"FastAPI, Keras, PyTorch, GCP, Excel",Senior,Contract,"North Jamesstad, BO",2023-12-06,Startup,"KDB+, Scikit-learn",121180,193454
Strickland-Werner,Automotive,Data Scientist,"GCP, Excel, CUDA",Mid,Full-time,"Port Alicia, UY",2024-10-21,Large,"MLflow, LangChain, KDB+",71373,133244
"Moreno, Wood and Murillo",E-commerce,Data Scientist,"SQL, Flask, AWS, Reinforcement Learning, FastAPI, LangChain",Mid,Internship,"North Brittany, TL",2024-05-03,Startup,"LangChain, KDB+, PyTorch",41433,118102
"Singleton, Simon and Harper",Healthcare,ML Engineer,"FastAPI, Scikit-learn, Pandas, Azure, Reinforcement Learning",Entry,Contract,"Padillashire, KW",2024-11-30,Large,KDB+,134278,152472
"Dunn, Snyder and Nichols",Finance,AI Researcher,"LangChain, Hugging Face, Keras, Azure, Excel, FastAPI",Mid,Internship,"Port John, LA",2025-06-11,Startup,Scikit-learn,52404,71046
"Wallace, Gonzales and Wilkins",Automotive,NLP Engineer,"R, MLflow, Azure, Scikit-learn",Entry,Internship,"Josebury, LY",2024-07-27,Startup,PyTorch,98266,145572
Turner-Mccarthy,Finance,Data Analyst,"NumPy, R, MLflow, Flask, TensorFlow",Mid,Contract,"Ryanberg, MX",2025-03-12,Mid,"Scikit-learn, BigQuery, MLflow",134179,212706
"Reyes, Miller and Burke",Retail,ML Engineer,"Scikit-learn, R, TensorFlow, Power BI, Azure",Mid,Internship,"West Julie, ZM",2024-06-22,Mid,"PyTorch, LangChain",95581.5,151635
"Russell, Kim and Harris",Retail,AI Product Manager,"Keras, Python, Reinforcement Learning, Scikit-learn",Mid,Full-time,"South Staceyview, PY",2024-09-15,Mid,"KDB+, MLflow, TensorFlow",115773,215403
Miller-Holland,E-commerce,NLP Engineer,"Flask, NumPy, Keras, AWS, SQL",Entry,Contract,"Lake Nicole, SB",2024-02-19,Mid,LangChain,95581.5,151635
Anthony-Gould,Automotive,AI Researcher,"Hugging Face, Azure, NumPy, Scikit-learn, Pandas",Senior,Full-time,"Davisstad, HR",2024-09-22,Large,"PyTorch, Scikit-learn, FastAPI",105292,172671
Adams-Hill,Automotive,NLP Engineer,"Azure, R, CUDA",Senior,Internship,"Lewisville, PW",2024-12-18,Large,"MLflow, PyTorch, FastAPI",98122,119896
Salas Inc,Retail,AI Product Manager,"Excel, Keras, GCP, MLflow",Senior,Full-time,"West Veronica, CN",2024-10-01,Mid,"BigQuery, TensorFlow, FastAPI",122419,186888
Morrison-Patel,Education,AI Researcher,"Pandas, Excel, NumPy, LangChain",Senior,Internship,"South Brianfurt, VE",2025-01-01,Startup,"Scikit-learn, FastAPI",73317,167850
Moyer-Simpson,Healthcare,Data Scientist,"Pandas, FastAPI, Scikit-learn, AWS",Entry,Remote,"Lake Ricky, CF",2025-01-25,Mid,"MLflow, TensorFlow",95581.5,151635
Jimenez PLC,Finance,AI Product Manager,"MLflow, Scikit-learn, Python, Reinforcement Learning, C++",Mid,Contract,"East Sandra, CR",2024-01-21,Mid,"FastAPI, Scikit-learn, MLflow",95581.5,151635
Atkinson-Gonzales,Tech,NLP Engineer,"FastAPI, Azure, LangChain, GCP",Entry,Internship,"Jonathanland, LB",2024-07-30,Mid,KDB+,146948,163508
Cook LLC,Tech,Quant Researcher,"Reinforcement Learning, Hugging Face, Scikit-learn, C++",Senior,Internship,"Erikastad, TJ",2025-04-17,Mid,MLflow,63681,156946
Wagner Inc,Tech,Quant Researcher,"Azure, PyTorch, Keras",Mid,Full-time,"Lake Kelseystad, LB",2024-08-06,Mid,"TensorFlow, MLflow, FastAPI",102993,176878
Galloway-Martinez,Tech,ML Engineer,"Pandas, FastAPI, TensorFlow, SQL",Senior,Internship,"Michaelland, VC",2024-04-02,Large,MLflow,146286,228405
Love-Rhodes,Retail,Data Scientist,"AWS, Power BI, R, NumPy, Scikit-learn, LangChain",Senior,Internship,"Port Elizabeth, CZ",2024-04-15,Startup,"KDB+, FastAPI, LangChain",55546,105329
Stewart-Kennedy,E-commerce,Data Scientist,"C++, AWS, MLflow",Senior,Remote,"Lake Kathleenstad, TZ",2024-10-16,Startup,LangChain,95581.5,151635
Sparks and Sons,Tech,NLP Engineer,"Flask, PyTorch, C++, Pandas, TensorFlow",Entry,Full-time,"North Emilymouth, FR",2023-11-19,Mid,"TensorFlow, KDB+",105170,188370
White Inc,Healthcare,Computer Vision Engineer,"Azure, PyTorch, R, Reinforcement Learning, Flask, Keras",Mid,Full-time,"Port Robert, MV",2023-10-07,Mid,Scikit-learn,55923,98036
Watson Ltd,E-commerce,AI Researcher,"Scikit-learn, R, TensorFlow, PyTorch",Senior,Full-time,"Port Justinfurt, MK",2025-02-05,Mid,"BigQuery, LangChain, MLflow",120230,164622
Clark-Bailey,Education,Data Analyst,"MLflow, Keras, C++, GCP, NumPy",Mid,Internship,"North Shelly, KZ",2025-06-22,Large,"BigQuery, TensorFlow",126208,174920
Holland-Mcgee,Education,Quant Researcher,"GCP, Power BI, Python, Azure, Hugging Face, CUDA",Senior,Remote,"East Christiebury, LR",2024-09-28,Startup,"LangChain, Scikit-learn",123659,207607
"Cummings, Schmidt and Clarke",Tech,Data Scientist,"C++, Excel, MLflow, Pandas, R, NumPy",Mid,Contract,"Stevenmouth, AD",2025-04-22,Large,"PyTorch, BigQuery",78431,154672
Hines-Mckinney,E-commerce,Computer Vision Engineer,"Keras, FastAPI, Power BI, MLflow",Mid,Internship,"Lake Christopher, FR",2025-03-10,Large,"MLflow, LangChain",60552,139539
Graves and Sons,Healthcare,Data Scientist,"Excel, PyTorch, R, Power BI, Flask, Pandas",Senior,Internship,"West Sara, BB",2024-11-24,Startup,TensorFlow,131559,209584
Walker-Davis,Tech,Computer Vision Engineer,"Power BI, R, Scikit-learn",Mid,Internship,"Erinton, MH",2024-12-19,Large,"TensorFlow, MLflow, Scikit-learn",122855,194503
"Finley, Bruce and Wheeler",Healthcare,ML Engineer,"Excel, PyTorch, LangChain, Flask, GCP",Entry,Full-time,"West Donald, CG",2024-09-12,Mid,KDB+,58087,119465
Simmons-Evans,Tech,AI Product Manager,"Power BI, Scikit-learn, R, Pandas",Entry,Remote,"Thompsonport, BH",2024-08-31,Startup,FastAPI,60085,116808
Melton-Salazar,Education,Computer Vision Engineer,"Reinforcement Learning, Python, NumPy, LangChain",Entry,Internship,"Sanderston, KG",2025-02-02,Large,TensorFlow,95581.5,151635
"Anthony, Miller and Russell",E-commerce,Data Analyst,"TensorFlow, Keras, PyTorch, Reinforcement Learning",Senior,Internship,"East Linda, NZ",2024-06-09,Startup,"PyTorch, Scikit-learn",120234,139093
Young-Anderson,Education,AI Researcher,"NumPy, GCP, AWS, Python, Keras",Senior,Internship,"East Ryantown, BZ",2024-10-19,Startup,"Scikit-learn, TensorFlow, KDB+",104105,197396
"Conway, Hernandez and Perez",Finance,NLP Engineer,"MLflow, Power BI, Keras",Entry,Full-time,"Nunezside, TG",2023-11-18,Large,"PyTorch, TensorFlow, MLflow",95581.5,151635
Anderson and Sons,Automotive,Quant Researcher,"TensorFlow, Power BI, Python, Keras, AWS",Senior,Internship,"Jadeview, BF",2023-11-30,Large,Scikit-learn,80455,100773
Ware-Ellis,Automotive,NLP Engineer,"SQL, MLflow, Power BI, FastAPI, NumPy",Senior,Full-time,"Leeview, MA",2024-10-13,Startup,"FastAPI, BigQuery, MLflow",115657,181953
"Snyder, Simpson and Maxwell",Tech,AI Product Manager,"FastAPI, NumPy, C++, MLflow, GCP",Senior,Contract,"East Robert, CV",2024-01-16,Startup,"Scikit-learn, MLflow",97381,144492
Ellis Ltd,Retail,AI Researcher,"SQL, Pandas, Power BI, FastAPI",Entry,Internship,"Bullockton, KP",2023-12-25,Startup,MLflow,55751,133772
"Blair, Ruiz and Sanchez",Retail,Computer Vision Engineer,"FastAPI, Power BI, Azure, Python",Entry,Internship,"Perezview, SN",2025-07-23,Mid,"LangChain, KDB+",90552,188412
Griffin-Dalton,Education,ML Engineer,"Python, PyTorch, Excel",Entry,Contract,"Knightmouth, AF",2024-01-02,Large,"LangChain, BigQuery, FastAPI",95581.5,151635
Alexander PLC,Automotive,Data Analyst,"LangChain, GCP, R, MLflow, Scikit-learn",Entry,Contract,"Lake Marcia, MT",2025-04-22,Mid,"KDB+, PyTorch",71489,149503
"Velazquez, Brewer and Murphy",E-commerce,Quant Researcher,"C++, LangChain, Power BI, Pandas, CUDA, TensorFlow",Senior,Remote,"Mooreville, NP",2025-05-22,Startup,FastAPI,57739,75267
Bean LLC,Education,Quant Researcher,"Excel, Power BI, Reinforcement Learning, SQL, NumPy",Senior,Internship,"Port Matthewhaven, ST",2025-09-12,Large,"PyTorch, TensorFlow, MLflow",149192,228942
Rogers-Villanueva,E-commerce,ML Engineer,"Flask, FastAPI, CUDA",Mid,Internship,"New Kenneth, DO",2024-06-09,Large,"TensorFlow, FastAPI",91346,160302
Taylor PLC,Tech,Data Analyst,"Power BI, MLflow, TensorFlow, AWS, Hugging Face",Senior,Internship,"Schroederport, DK",2024-05-10,Mid,FastAPI,56886,146884
Lee Group,Tech,Quant Researcher,"Python, Power BI, Scikit-learn, FastAPI, Excel, SQL",Entry,Full-time,"Taylorstad, MR",2024-12-18,Large,PyTorch,56258,108983
"Miller, Browning and Shaw",Tech,AI Product Manager,"Reinforcement Learning, CUDA, NumPy",Senior,Full-time,"Bryanburgh, SK",2024-01-25,Large,MLflow,139096,176960
"Branch, Elliott and Ramirez",Automotive,NLP Engineer,"Power BI, Keras, TensorFlow, FastAPI",Entry,Remote,"New Micheletown, NZ",2025-08-21,Large,"MLflow, TensorFlow, FastAPI",120316,133437
"Reyes, Vincent and Hayes",Finance,AI Product Manager,"Hugging Face, R, LangChain",Entry,Internship,"Kathleenton, IQ",2025-01-31,Large,FastAPI,48868,94542
Rose Ltd,Finance,NLP Engineer,"Pandas, CUDA, AWS, TensorFlow, Python",Entry,Full-time,"South Brianmouth, JM",2025-08-13,Mid,"MLflow, FastAPI, BigQuery",108994,183026
Miller-Bishop,Healthcare,AI Product Manager,"Hugging Face, GCP, Excel, NumPy",Senior,Remote,"West Stephaniefort, FR",2024-12-02,Large,"LangChain, FastAPI",118921,192736
Krueger-Tanner,E-commerce,AI Product Manager,"LangChain, Reinforcement Learning, FastAPI, Power BI, AWS",Entry,Internship,"Port Rebecca, US",2024-03-25,Mid,"KDB+, TensorFlow, PyTorch",57113,75630
"Johnson, Castaneda and Duke",Tech,AI Product Manager,"CUDA, FastAPI, Python",Mid,Full-time,"Powellshire, JM",2025-05-12,Startup,"MLflow, PyTorch",70702,164914
"Riley, Beltran and Lucero",E-commerce,Data Analyst,"Flask, TensorFlow, Scikit-learn, MLflow",Entry,Full-time,"North Natalie, EC",2025-06-09,Startup,LangChain,114639,183492
Perez-Williams,Healthcare,AI Product Manager,"Scikit-learn, SQL, GCP, Hugging Face",Senior,Contract,"West Denisetown, VU",2024-06-04,Mid,MLflow,110697,201149
Silva-Russell,Retail,Data Analyst,"Reinforcement Learning, MLflow, PyTorch, LangChain, Hugging Face, AWS",Entry,Remote,"Petersonchester, UG",2024-09-13,Mid,"TensorFlow, PyTorch",68664,136603
"Matthews, Bailey and Banks",Education,NLP Engineer,"R, Python, PyTorch, CUDA",Entry,Remote,"Daughertyborough, SA",2024-09-08,Mid,"KDB+, PyTorch, FastAPI",64445,150617
Santiago-King,Education,Quant Researcher,"MLflow, Keras, TensorFlow, CUDA, Flask",Entry,Remote,"Lake Linda, AT",2024-10-12,Mid,"Scikit-learn, PyTorch",74954,114010
"Caldwell, Richardson and Hines",Retail,AI Researcher,"CUDA, Power BI, Hugging Face, Pandas, MLflow",Senior,Internship,"North Jesusfurt, AL",2025-04-07,Large,KDB+,95581.5,151635
"Washington, Smith and Hicks",Automotive,ML Engineer,"Flask, PyTorch, Reinforcement Learning, MLflow",Senior,Contract,"West Regina, AG",2024-08-22,Startup,"LangChain, PyTorch",146097,192440
"Cummings, Ball and Owens",Healthcare,Data Analyst,"C++, NumPy, CUDA, GCP, TensorFlow, Hugging Face",Entry,Full-time,"Boydtown, HT",2025-03-20,Mid,"TensorFlow, Scikit-learn, PyTorch",50137,121449
"Harrington, Gross and Kim",Tech,NLP Engineer,"Flask, CUDA, AWS",Entry,Full-time,"Lake Lisamouth, CR",2024-11-25,Startup,Scikit-learn,96091,176352
"Bryan, Harding and Hamilton",Finance,AI Product Manager,"R, Python, PyTorch, GCP, Power BI",Senior,Contract,"Campbellburgh, PL",2025-05-03,Mid,"MLflow, TensorFlow",118753,156568
"Miller, Cox and Clark",Tech,Quant Researcher,"Hugging Face, MLflow, CUDA",Entry,Contract,"Jacksonberg, MR",2023-09-24,Large,"KDB+, PyTorch",56022,87385
Watson-Boyle,Education,NLP Engineer,"FastAPI, TensorFlow, PyTorch",Senior,Full-time,"Geraldville, TT",2024-08-22,Mid,"Scikit-learn, PyTorch, TensorFlow",65449,93935
"Montoya, Chambers and Bennett",E-commerce,Quant Researcher,"Excel, CUDA, Keras",Entry,Remote,"Odommouth, JO",2024-02-09,Startup,"PyTorch, Scikit-learn",53432,134809
"Fields, Porter and Martinez",Finance,Quant Researcher,"Power BI, FastAPI, Azure, MLflow, CUDA",Entry,Full-time,"New Dawn, CV",2025-02-10,Mid,"KDB+, Scikit-learn, FastAPI",91250,117518
"Gallegos, Ruiz and Ross",E-commerce,Data Scientist,"Reinforcement Learning, Hugging Face, GCP, Excel, MLflow, CUDA",Senior,Contract,"Proctorbury, HR",2024-10-24,Large,MLflow,56274,130011
Ingram LLC,Retail,Computer Vision Engineer,"Keras, Excel, Power BI, SQL, GCP",Mid,Internship,"Gonzalezbury, TW",2025-07-28,Large,"KDB+, TensorFlow",95581.5,151635
Moody Inc,E-commerce,AI Product Manager,"LangChain, Scikit-learn, Keras, Power BI, Excel",Entry,Remote,"West Benjamin, DJ",2023-11-13,Mid,"Scikit-learn, FastAPI",133743,144254
Walls-Kidd,Tech,AI Product Manager,"SQL, CUDA, AWS",Entry,Remote,"Wheelermouth, UY",2023-10-20,Startup,TensorFlow,44510,92759
Mullins Group,Automotive,NLP Engineer,"SQL, C++, CUDA, GCP, Flask, Reinforcement Learning",Entry,Contract,"Brianview, DJ",2025-05-16,Mid,BigQuery,88577,147284
King Group,Healthcare,NLP Engineer,"C++, Excel, Scikit-learn, FastAPI, Power BI",Mid,Full-time,"New Jeffreyhaven, AE",2024-06-04,Large,"LangChain, PyTorch",129724,218042
Hansen-Stone,Retail,Quant Researcher,"C++, CUDA, Power BI, Azure, AWS, PyTorch",Entry,Internship,"West William, ID",2024-03-15,Mid,KDB+,41023,80713
Gardner Group,Retail,ML Engineer,"LangChain, Pandas, Scikit-learn, CUDA, Reinforcement Learning, TensorFlow",Entry,Internship,"Port Monicaborough, KW",2025-04-16,Mid,PyTorch,106371,127550
Leonard-Duke,Retail,AI Researcher,"Keras, PyTorch, AWS, SQL",Mid,Internship,"Patrickfurt, BD",2025-01-04,Mid,Scikit-learn,56530,75014
Patton and Sons,Retail,NLP Engineer,"Power BI, GCP, TensorFlow, CUDA, MLflow",Entry,Internship,"West Melissa, MH",2024-03-14,Startup,"BigQuery, LangChain, Scikit-learn",119266,200044
Vazquez PLC,Automotive,AI Product Manager,"FastAPI, NumPy, R",Senior,Remote,"New Matthew, SC",2025-03-20,Large,PyTorch,131807,227051
Romero PLC,Tech,ML Engineer,"FastAPI, NumPy, R",Senior,Internship,"Christianland, PT",2024-06-22,Startup,LangChain,50349,109003
Howell PLC,Healthcare,Quant Researcher,"Flask, PyTorch, GCP",Senior,Contract,"Millermouth, CF",2024-09-18,Startup,"LangChain, FastAPI, TensorFlow",56567,116937
Beltran PLC,Retail,Data Analyst,"Azure, PyTorch, Pandas, R, GCP",Entry,Full-time,"Alexiston, UY",2025-04-09,Large,"FastAPI, Scikit-learn",137094,205303
Browning Inc,Healthcare,ML Engineer,"PyTorch, Azure, LangChain, Python",Senior,Internship,"Shariborough, BO",2024-12-25,Large,"Scikit-learn, MLflow",123710,203362
Strong-Davis,Healthcare,Data Scientist,"Reinforcement Learning, Scikit-learn, TensorFlow, PyTorch, Hugging Face, Flask",Mid,Contract,"Jasonbury, CD",2024-05-30,Startup,PyTorch,120259,184163
"Richardson, Burton and Stephens",Finance,Quant Researcher,"LangChain, Pandas, Power BI",Entry,Remote,"Timothyland, LR",2024-09-23,Mid,"TensorFlow, FastAPI",131912,166499
Salinas-Taylor,Retail,NLP Engineer,"PyTorch, MLflow, LangChain",Entry,Internship,"Georgeport, CI",2025-09-13,Mid,KDB+,74468,85718
Hunt Ltd,Finance,Data Analyst,"SQL, GCP, PyTorch",Entry,Remote,"Jacksonfort, PG",2025-09-13,Startup,"KDB+, TensorFlow, PyTorch",43013,128940
Carr Group,Education,Data Scientist,"C++, GCP, Reinforcement Learning, R, Python, Power BI",Entry,Full-time,"Murphymouth, GM",2024-09-23,Startup,"PyTorch, KDB+, LangChain",55605,70305
Harris LLC,E-commerce,NLP Engineer,"Reinforcement Learning, Pandas, NumPy, FastAPI",Entry,Full-time,"South Randytown, PA",2024-10-25,Startup,TensorFlow,99742,185700
Reyes-Lowery,Automotive,AI Product Manager,"Pandas, Keras, Scikit-learn, TensorFlow",Mid,Internship,"Samanthaborough, VA",2024-07-26,Startup,BigQuery,95581.5,151635
"Charles, Henry and Stark",Education,Computer Vision Engineer,"FastAPI, AWS, Hugging Face, R",Mid,Remote,"Valenzuelaborough, BF",2024-04-25,Startup,PyTorch,126438,181388
"Hill, Lucas and Alvarez",Healthcare,NLP Engineer,"C++, PyTorch, Flask",Mid,Remote,"Adamport, LC",2025-01-16,Mid,KDB+,45855,71005
Stone-Lee,Tech,AI Researcher,"LangChain, Pandas, AWS",Mid,Contract,"North Rebecca, LS",2024-06-24,Large,FastAPI,77831,145508
"Johnson, Williams and Perkins",Finance,Quant Researcher,"AWS, GCP, Azure, Scikit-learn, Python",Mid,Internship,"Bennettland, SN",2024-11-11,Mid,"FastAPI, TensorFlow",91591,110529
Hays-Smith,Finance,AI Researcher,"FastAPI, NumPy, Excel",Entry,Full-time,"North Kristin, LC",2024-04-21,Mid,"MLflow, TensorFlow",115140,139207
Hansen-Martin,Healthcare,ML Engineer,"Reinforcement Learning, GCP, PyTorch",Senior,Full-time,"Jessicaborough, BB",2024-11-08,Startup,"LangChain, MLflow, Scikit-learn",52749,82725
Calderon Inc,Retail,Quant Researcher,"GCP, SQL, R, AWS",Mid,Remote,"Alexanderfort, PT",2024-11-29,Startup,LangChain,59860,82154
Brown Group,Healthcare,AI Researcher,"CUDA, SQL, AWS, Azure, Python",Senior,Internship,"Jameston, RO",2025-08-19,Startup,"LangChain, Scikit-learn",134954,197152
"Robertson, Davis and Gray",Tech,Data Analyst,"Excel, Scikit-learn, Flask, Power BI",Senior,Internship,"Martintown, TW",2025-08-09,Startup,"KDB+, FastAPI",95581.5,151635
"Anderson, Lawrence and Drake",Automotive,AI Researcher,"FastAPI, Azure, Pandas, NumPy",Entry,Full-time,"Annastad, AT",2025-06-28,Startup,"BigQuery, TensorFlow, KDB+",54169,136576
Lynn-Burke,Healthcare,Data Scientist,"PyTorch, Power BI, Scikit-learn",Entry,Remote,"East Carolport, BA",2024-12-17,Startup,"LangChain, MLflow",77375,151774
Travis-Glass,Healthcare,AI Product Manager,"Hugging Face, PyTorch, Reinforcement Learning, MLflow, Scikit-learn",Mid,Internship,"Simmonsside, MW",2025-08-11,Large,"MLflow, Scikit-learn",44125,73147
Leonard LLC,Education,Data Analyst,"LangChain, Python, MLflow, TensorFlow, FastAPI",Entry,Internship,"Bellfort, MV",2025-02-05,Mid,FastAPI,68767,93624
"Kim, Allison and Ryan",Retail,ML Engineer,"Keras, Python, SQL",Mid,Contract,"Bowersberg, BD",2024-11-29,Large,"KDB+, PyTorch",43289,102091
"Ellis, Townsend and Harrison",Finance,AI Product Manager,"SQL, R, TensorFlow, Flask",Entry,Internship,"South Andreamouth, AF",2024-05-19,Large,"KDB+, LangChain",99708,126007
"Steele, Aguilar and Jackson",Finance,ML Engineer,"Reinforcement Learning, Keras, NumPy, Pandas, Hugging Face, R",Entry,Contract,"North Amandamouth, IE",2025-04-06,Large,TensorFlow,57692,81756
Peck Group,Finance,AI Researcher,"Python, LangChain, CUDA, C++",Mid,Full-time,"West Christopherville, HR",2025-09-17,Mid,LangChain,54082,149736
Higgins-Hall,E-commerce,Data Analyst,"Keras, R, NumPy, Reinforcement Learning",Mid,Contract,"Suttonland, MV",2024-03-16,Startup,"Scikit-learn, KDB+, MLflow",101456,135672
"Hicks, Sullivan and Kline",Education,AI Researcher,"TensorFlow, Keras, Python, FastAPI",Mid,Contract,"Steveborough, LR",2025-03-15,Startup,"LangChain, FastAPI, TensorFlow",77948,107734
Marquez and Sons,Retail,AI Researcher,"Pandas, C++, PyTorch, TensorFlow",Mid,Contract,"East Aaron, IQ",2024-02-19,Mid,LangChain,143838,191740
Moore-Mann,Education,Quant Researcher,"FastAPI, CUDA, R, Scikit-learn",Entry,Contract,"Melvintown, HT",2024-02-20,Large,"TensorFlow, PyTorch",95581.5,151635
Ramirez Ltd,Finance,ML Engineer,"LangChain, MLflow, Flask, AWS",Entry,Internship,"South Jeremyton, AM",2025-07-11,Large,LangChain,67555,113613
"Garcia, Drake and Gonzalez",Finance,Computer Vision Engineer,"Excel, FastAPI, Hugging Face, LangChain, Flask",Senior,Full-time,"Jamesfurt, BW",2024-12-14,Startup,"BigQuery, Scikit-learn",73755,149397
"Edwards, Jackson and Baker",Automotive,Data Analyst,"NumPy, MLflow, TensorFlow",Entry,Contract,"Sullivanshire, WS",2024-11-11,Large,"PyTorch, TensorFlow",147219,223596
Turner Group,E-commerce,NLP Engineer,"TensorFlow, Power BI, GCP, Flask, Keras, Pandas",Entry,Internship,"Mariaburgh, AT",2025-02-13,Mid,"FastAPI, BigQuery, TensorFlow",95581.5,151635
Castro PLC,Education,Quant Researcher,"TensorFlow, GCP, Reinforcement Learning, Hugging Face",Senior,Internship,"West Tammie, KW",2023-11-30,Mid,"PyTorch, TensorFlow, KDB+",76450,162635
"Coffey, Shannon and Mclean",Automotive,ML Engineer,"MLflow, Keras, Reinforcement Learning, Flask, TensorFlow, R",Entry,Full-time,"Johnfurt, MR",2025-05-30,Startup,"PyTorch, KDB+",105179,161042
Wilcox Ltd,Automotive,Computer Vision Engineer,"FastAPI, R, Scikit-learn, SQL",Entry,Full-time,"Robertsonbury, VN",2024-03-07,Startup,"TensorFlow, FastAPI",100296,111823
Mcbride-Skinner,E-commerce,AI Product Manager,"PyTorch, CUDA, Reinforcement Learning, C++",Entry,Full-time,"Port Daleborough, MW",2025-06-19,Mid,"TensorFlow, BigQuery, LangChain",53381,103735
Alexander Inc,E-commerce,AI Researcher,"FastAPI, C++, MLflow, Reinforcement Learning",Senior,Full-time,"East Lynnchester, FI",2024-06-27,Large,"TensorFlow, MLflow",95581.5,151635
Ramsey-Barnes,Tech,AI Researcher,"LangChain, Python, AWS, R, Azure, Pandas",Entry,Internship,"Jackburgh, BB",2023-11-29,Mid,"BigQuery, MLflow, KDB+",140443,182231
Clark and Sons,Retail,NLP Engineer,"FastAPI, NumPy, C++, Azure",Entry,Contract,"East Samuelfort, PS",2024-07-10,Mid,"MLflow, KDB+, FastAPI",92799,159163
Blair-Shaffer,Tech,AI Product Manager,"Keras, PyTorch, R, Hugging Face, CUDA",Entry,Contract,"Lindseymouth, CM",2024-08-29,Startup,BigQuery,48181,75949
Salazar-Clark,Retail,Quant Researcher,"Reinforcement Learning, AWS, Azure, Pandas, Keras, Power BI",Entry,Full-time,"New Samanthaport, MC",2024-03-21,Mid,"TensorFlow, BigQuery",72489,167549
Jones-Simpson,E-commerce,Computer Vision Engineer,"TensorFlow, CUDA, MLflow",Senior,Internship,"Charlottechester, BZ",2023-11-08,Mid,"TensorFlow, BigQuery",140658,230833
Johnson-Jackson,Finance,Data Scientist,"R, MLflow, Reinforcement Learning, Azure",Entry,Remote,"Lake Meganborough, MX",2025-07-06,Large,"TensorFlow, KDB+",130536,167334
Lane-Rodriguez,Finance,Quant Researcher,"Scikit-learn, Excel, Azure, Flask, Hugging Face, Pandas",Senior,Full-time,"South Katherine, DE",2024-03-30,Startup,"PyTorch, LangChain, KDB+",81950,133686
"Jones, Thompson and Gomez",Education,Quant Researcher,"Power BI, Hugging Face, GCP",Senior,Contract,"West Gregorychester, ET",2024-05-04,Large,Scikit-learn,134169,173479
"Ho, Mitchell and King",Automotive,ML Engineer,"NumPy, LangChain, R, Scikit-learn",Senior,Contract,"Port Carolineside, SG",2025-03-16,Large,TensorFlow,95581.5,151635
Mathis-Davila,Tech,Quant Researcher,"SQL, Hugging Face, Keras, AWS, MLflow, R",Mid,Internship,"West Bethchester, HR",2024-10-13,Startup,"LangChain, PyTorch, FastAPI",94799,136985
Perez-Hawkins,Automotive,Computer Vision Engineer,"Pandas, Hugging Face, Keras",Mid,Internship,"New Frederickstad, NA",2025-07-28,Large,FastAPI,83771,94234
"Perez, Butler and Carroll",E-commerce,ML Engineer,"Excel, Hugging Face, SQL, Azure",Entry,Contract,"Lauraland, KZ",2025-04-29,Mid,KDB+,115058,174712
Ford PLC,E-commerce,Computer Vision Engineer,"FastAPI, Scikit-learn, Pandas, NumPy, Excel, CUDA",Mid,Contract,"East Robert, RS",2025-02-07,Mid,"Scikit-learn, KDB+, MLflow",119046,198687
Rivera Ltd,Retail,Computer Vision Engineer,"Python, PyTorch, Keras, Power BI, Reinforcement Learning",Senior,Remote,"West Bonnieville, CA",2024-03-16,Startup,BigQuery,76496,169636
Thompson-White,E-commerce,Computer Vision Engineer,"LangChain, TensorFlow, Pandas, Flask",Senior,Remote,"Coryfurt, KG",2025-01-02,Large,"FastAPI, MLflow",114726,166530
"Johnson, Foster and Martin",Education,NLP Engineer,"MLflow, CUDA, Power BI, FastAPI",Mid,Remote,"Smithfurt, SB",2023-10-22,Startup,"FastAPI, BigQuery",87007,185082
Solomon-Hartman,Finance,Data Analyst,"Pandas, Azure, Keras, PyTorch, AWS, Hugging Face",Mid,Remote,"West Christopherfort, GM",2024-08-24,Startup,"BigQuery, KDB+",101003,168211
"Kelley, Adams and Robertson",Automotive,ML Engineer,"Hugging Face, SQL, TensorFlow",Entry,Full-time,"Port James, LY",2024-08-13,Mid,"Scikit-learn, BigQuery",123063,188735
Johnson-Cabrera,Healthcare,ML Engineer,"TensorFlow, PyTorch, FastAPI, Hugging Face, LangChain, AWS",Entry,Contract,"South Bryanberg, GD",2024-05-12,Large,"TensorFlow, PyTorch, LangChain",43723,55609
"Love, Liu and Flynn",Tech,Quant Researcher,"Excel, LangChain, MLflow, CUDA, Reinforcement Learning",Entry,Full-time,"Matthewshire, FR",2025-03-25,Startup,MLflow,62280,142270
Mcdonald and Sons,Retail,Quant Researcher,"TensorFlow, AWS, Azure",Senior,Remote,"Villanuevaberg, KM",2025-05-01,Startup,"FastAPI, LangChain, PyTorch",122800,196570
Le Ltd,Finance,AI Product Manager,"R, TensorFlow, C++, Hugging Face, SQL, Flask",Entry,Internship,"South Ginachester, TV",2024-03-08,Startup,"KDB+, BigQuery",95581.5,151635
Larson-Moss,Healthcare,AI Product Manager,"C++, Reinforcement Learning, NumPy, LangChain",Mid,Internship,"South Williamfurt, BB",2023-10-13,Large,FastAPI,92256,151389
"Farmer, Thompson and Smith",Healthcare,ML Engineer,"Flask, SQL, PyTorch, C++, TensorFlow",Mid,Full-time,"New Daniel, KP",2023-12-30,Large,KDB+,62733,72920
Burns-Davis,Healthcare,NLP Engineer,"Python, AWS, NumPy, Power BI, Hugging Face",Senior,Internship,"Nicholasshire, PH",2024-01-03,Large,"FastAPI, LangChain",44536,65243
Scott-Hernandez,Retail,ML Engineer,"CUDA, Keras, TensorFlow, Scikit-learn",Senior,Full-time,"Freemanland, GD",2025-03-31,Startup,BigQuery,117848,182284
Lozano-Valencia,E-commerce,Data Scientist,"LangChain, AWS, Scikit-learn, Flask",Entry,Internship,"Kelseybury, US",2024-03-22,Startup,"BigQuery, KDB+",126486,160422
Watkins-Pearson,Finance,Quant Researcher,"R, SQL, Hugging Face, Keras, Pandas",Mid,Remote,"East Rhondaview, IL",2024-09-04,Large,"TensorFlow, BigQuery, LangChain",47182,68293
Lewis Inc,Finance,Data Scientist,"Hugging Face, Pandas, PyTorch, SQL, R, Excel",Senior,Full-time,"Lake Anthony, MN",2024-02-15,Startup,"LangChain, TensorFlow",95581.5,151635
"Moreno, Salazar and Sexton",Finance,Data Scientist,"Power BI, Hugging Face, TensorFlow",Mid,Internship,"North Johnstad, TZ",2025-01-29,Startup,"MLflow, Scikit-learn",80727,158409
Lopez Ltd,Tech,AI Researcher,"Power BI, R, GCP",Entry,Full-time,"East Deborahshire, DZ",2025-05-19,Startup,PyTorch,95581.5,151635
Orozco-Tran,Retail,Quant Researcher,"Reinforcement Learning, Excel, TensorFlow, AWS, C++",Mid,Internship,"Kevinton, ZW",2024-01-09,Large,"KDB+, MLflow, TensorFlow",144070,166802
Allen-Miller,Education,AI Researcher,"Hugging Face, Power BI, SQL, Pandas, Reinforcement Learning",Entry,Contract,"Elijahshire, BJ",2025-08-06,Large,Scikit-learn,52942,108682
"Ray, Phillips and Kim",Automotive,NLP Engineer,"PyTorch, Reinforcement Learning, R, NumPy",Mid,Internship,"West Shellymouth, TG",2024-07-08,Large,"FastAPI, PyTorch",113035,170507
Rodriguez-Williams,Automotive,Data Scientist,"MLflow, C++, SQL",Mid,Internship,"New Jenniferfort, YE",2024-11-16,Startup,MLflow,132860,175653
Randall-Sanchez,Tech,Data Scientist,"MLflow, Azure, GCP, Flask, AWS",Mid,Contract,"West Julieland, CO",2024-12-26,Mid,LangChain,117504,216279
"Mendoza, Chung and Burnett",E-commerce,Computer Vision Engineer,"Python, PyTorch, R, LangChain",Mid,Remote,"New Jacob, KG",2024-09-20,Large,TensorFlow,119974,214225
Odom PLC,Healthcare,NLP Engineer,"TensorFlow, Python, CUDA",Senior,Contract,"South Jacobshire, BE",2025-07-09,Mid,"PyTorch, MLflow",89679,162956
"Miller, Jimenez and Walker",Education,Computer Vision Engineer,"C++, Pandas, Hugging Face, SQL, LangChain, Python",Senior,Internship,"Lake Patriciaview, LY",2024-09-29,Mid,MLflow,92350,190209
Valdez-Williams,Automotive,ML Engineer,"NumPy, AWS, Excel",Mid,Contract,"Port Charles, BE",2024-05-19,Large,TensorFlow,100745,156193
"Rodriguez, West and Erickson",Tech,ML Engineer,"PyTorch, Reinforcement Learning, FastAPI, R, C++",Entry,Full-time,"Lake Joshuastad, QA",2024-05-01,Startup,BigQuery,144980,238642
Church-Young,Automotive,Data Analyst,"Keras, LangChain, CUDA",Mid,Contract,"West Paulshire, PE",2025-05-17,Startup,"FastAPI, Scikit-learn, TensorFlow",43750,143665
Ramirez PLC,Healthcare,AI Researcher,"GCP, PyTorch, Flask",Entry,Full-time,"East Jason, IL",2024-02-14,Mid,"MLflow, KDB+, LangChain",123991,140802
Simmons PLC,Automotive,AI Researcher,"AWS, Excel, R",Entry,Internship,"Peterland, IL",2024-02-18,Mid,MLflow,95581.5,151635
"Miller, Simmons and Johnson",Healthcare,Computer Vision Engineer,"FastAPI, LangChain, SQL, TensorFlow, R",Mid,Remote,"Obrienshire, UZ",2024-04-11,Startup,BigQuery,40493,78657
"Stevens, Ball and Tyler",Automotive,Data Analyst,"Keras, LangChain, R, MLflow, Azure, TensorFlow",Senior,Internship,"Dennischester, BH",2024-08-19,Mid,"TensorFlow, BigQuery, LangChain",123525,145590
"Hunt, Scott and Schneider",Retail,Quant Researcher,"SQL, R, Keras",Entry,Remote,"Jessicaside, CH",2024-10-12,Large,"KDB+, MLflow",48593,83543
"Wright, Diaz and Rosario",Education,AI Product Manager,"Power BI, CUDA, Scikit-learn",Entry,Remote,"East Bernardfurt, CY",2025-03-13,Startup,"MLflow, PyTorch",84439,138226
"Dean, Reid and Johnson",Finance,AI Researcher,"AWS, CUDA, GCP, Scikit-learn, Azure",Mid,Internship,"Santostown, TL",2024-07-17,Large,"Scikit-learn, KDB+",132748,206860
"Rose, Simon and Cruz",Education,Quant Researcher,"SQL, Hugging Face, Azure, C++, Keras, Flask",Senior,Contract,"Haasview, PY",2025-09-01,Mid,KDB+,127247,153167
Russo Inc,Automotive,Quant Researcher,"Excel, Power BI, GCP, CUDA, PyTorch, Keras",Mid,Contract,"Munozside, MA",2025-08-21,Mid,Scikit-learn,72261,141735
"Short, Hodge and Castillo",Tech,Data Analyst,"Keras, C++, Scikit-learn, Flask, PyTorch, Pandas",Mid,Internship,"Lake Jasonville, LV",2024-02-01,Mid,"MLflow, PyTorch",95581.5,151635
Bauer Group,E-commerce,AI Product Manager,"TensorFlow, Power BI, Reinforcement Learning, NumPy, CUDA, Excel",Mid,Remote,"South Jaredview, PW",2024-02-02,Startup,"LangChain, Scikit-learn, FastAPI",116697,174967
Petty PLC,Retail,Computer Vision Engineer,"Python, Azure, R, TensorFlow, GCP",Entry,Remote,"Castrobury, ES",2024-07-18,Startup,"MLflow, BigQuery, Scikit-learn",46832,131794
Stuart and Sons,Healthcare,Data Scientist,"Hugging Face, C++, PyTorch, Reinforcement Learning, TensorFlow",Mid,Internship,"Lake Randychester, TR",2025-03-04,Large,"PyTorch, BigQuery",135983,151535
"Barker, Monroe and Ortega",Education,AI Product Manager,"Reinforcement Learning, GCP, NumPy",Senior,Full-time,"Robertsonfort, MU",2023-11-27,Large,"Scikit-learn, TensorFlow, BigQuery",86380,119826
Chambers-Santiago,Finance,AI Product Manager,"Reinforcement Learning, NumPy, Scikit-learn",Entry,Contract,"Halefurt, JO",2023-10-17,Large,"LangChain, BigQuery",97354,192951
Nolan-Brown,E-commerce,Quant Researcher,"PyTorch, Hugging Face, GCP, Flask",Mid,Full-time,"Karenville, GA",2024-06-16,Large,Scikit-learn,130041,148947
"Cox, Fitzgerald and Wong",Finance,Data Scientist,"R, FastAPI, AWS",Mid,Internship,"Davidtown, ID",2023-09-29,Large,"PyTorch, LangChain",98664,190980
Zhang-Williams,Automotive,Data Analyst,"MLflow, CUDA, C++",Entry,Contract,"East Henryfort, CA",2024-11-09,Large,"LangChain, TensorFlow",112236,163663
Henry-Grimes,Education,Data Scientist,"CUDA, AWS, NumPy, Azure, Power BI",Entry,Remote,"Port Biancachester, DE",2023-10-16,Large,"TensorFlow, Scikit-learn, FastAPI",89452,161968
"Garcia, Lowery and Alexander",Finance,AI Researcher,"Keras, NumPy, Python, AWS, Flask, Azure",Mid,Remote,"East Kennethfurt, MT",2024-01-04,Large,"Scikit-learn, LangChain",41836,115821
Turner PLC,Healthcare,Quant Researcher,"Azure, Flask, MLflow, GCP",Entry,Full-time,"East Sandrabury, TL",2025-03-08,Large,"PyTorch, KDB+",80778,94197
Davis LLC,Tech,AI Product Manager,"FastAPI, CUDA, R",Entry,Internship,"Sarahburgh, VA",2025-07-21,Mid,KDB+,68580,87181
Foster-Stephens,Education,Data Scientist,"AWS, CUDA, MLflow, Python",Senior,Internship,"Robinsonport, IQ",2025-08-10,Mid,"KDB+, PyTorch, FastAPI",41323,86336
"Ho, Scott and Martinez",Education,AI Product Manager,"Flask, SQL, PyTorch, Azure, AWS",Senior,Full-time,"Lyonsland, MK",2025-04-24,Startup,LangChain,127995,170331
Green PLC,Retail,Computer Vision Engineer,"C++, SQL, Python, MLflow, Power BI, FastAPI",Mid,Remote,"Gutierrezport, NO",2025-03-27,Large,LangChain,91343,143899
Hudson Group,E-commerce,Computer Vision Engineer,"CUDA, SQL, Keras, C++",Mid,Remote,"New Shawnberg, SE",2024-05-16,Mid,"FastAPI, Scikit-learn, TensorFlow",58872,121321
"Pham, Mathews and Gray",Automotive,AI Product Manager,"MLflow, TensorFlow, NumPy, Pandas",Mid,Remote,"South Crystalshire, FR",2023-10-30,Large,TensorFlow,59652,117331
"Saunders, Howell and Martinez",Healthcare,Computer Vision Engineer,"TensorFlow, NumPy, Pandas, PyTorch, Azure",Senior,Internship,"West Wandaside, KE",2024-08-14,Mid,"KDB+, FastAPI, Scikit-learn",64588,93067
King LLC,Automotive,Computer Vision Engineer,"FastAPI, Keras, CUDA, PyTorch, LangChain",Senior,Internship,"Ruizton, CI",2024-11-28,Startup,"BigQuery, MLflow",62963,73964
Anthony Group,Tech,NLP Engineer,"PyTorch, Azure, Reinforcement Learning, TensorFlow, Pandas, FastAPI",Mid,Contract,"Lisaborough, MG",2025-04-17,Startup,PyTorch,147083,198629
"Kim, Peterson and Schaefer",Automotive,AI Researcher,"GCP, MLflow, PyTorch",Entry,Contract,"Ericksonport, NZ",2025-07-02,Startup,"PyTorch, MLflow, LangChain",124727,213590
Parrish-Small,Retail,NLP Engineer,"Python, Flask, LangChain, AWS, Keras",Senior,Contract,"Perryland, MA",2025-08-05,Startup,"FastAPI, Scikit-learn, PyTorch",103756,181213
"Shaw, Myers and Smith",Finance,Data Scientist,"Azure, TensorFlow, C++",Mid,Full-time,"Brookeport, TV",2024-05-21,Startup,TensorFlow,97542,184959
Smith-Huynh,Automotive,ML Engineer,"Scikit-learn, Hugging Face, TensorFlow",Entry,Contract,"South Dawnfort, AE",2024-09-21,Startup,"TensorFlow, BigQuery",80381,97901
Cardenas-Williams,Education,Data Scientist,"Python, Azure, Reinforcement Learning, LangChain, AWS, Hugging Face",Senior,Remote,"West Michael, PW",2024-12-20,Startup,"LangChain, TensorFlow, KDB+",147604,186982
Davis Inc,Healthcare,Data Analyst,"MLflow, Python, TensorFlow, LangChain",Entry,Full-time,"Taylorland, PL",2024-12-27,Mid,"TensorFlow, PyTorch, KDB+",56981,90644
Davis-Hudson,Retail,Data Analyst,"GCP, Scikit-learn, Flask, AWS, Excel, Power BI",Entry,Remote,"South Thomasview, BR",2025-08-13,Mid,PyTorch,116148,184483
"Mcdonald, Carey and Cruz",Healthcare,AI Researcher,"TensorFlow, R, FastAPI, Pandas, Power BI",Mid,Internship,"Kingburgh, ER",2023-09-23,Large,"MLflow, Scikit-learn",49163,80743
Williams LLC,Healthcare,AI Product Manager,"Python, Hugging Face, Scikit-learn, GCP",Entry,Contract,"Jeremytown, GQ",2025-01-04,Large,"MLflow, KDB+",95581.5,151635
Cooper PLC,Education,Quant Researcher,"Azure, Pandas, TensorFlow, AWS",Mid,Remote,"Michaelbury, FM",2024-06-27,Large,"BigQuery, Scikit-learn, PyTorch",143486,177073
"Graham, Ramirez and Haas",Automotive,Data Analyst,"R, Reinforcement Learning, Scikit-learn, PyTorch, GCP",Entry,Remote,"East Tammy, SY",2024-10-08,Mid,"BigQuery, TensorFlow, FastAPI",141494,226122
"Lowe, Schmidt and Harris",Tech,NLP Engineer,"Excel, Hugging Face, AWS, TensorFlow, R, Power BI",Entry,Contract,"Dannyborough, MA",2025-07-22,Mid,TensorFlow,40667,138793
"Kemp, Young and Stewart",E-commerce,Computer Vision Engineer,"Python, Pandas, Excel, TensorFlow, Azure",Entry,Remote,"Tracyborough, CZ",2024-05-08,Startup,"TensorFlow, PyTorch",45587,114965
"Hodges, Allen and Washington",Automotive,Data Analyst,"PyTorch, Pandas, Reinforcement Learning",Mid,Contract,"Davidside, JO",2024-05-03,Mid,KDB+,50145,64920
Blair PLC,E-commerce,Data Analyst,"NumPy, Keras, PyTorch, TensorFlow, Flask, Excel",Senior,Contract,"Hernandezshire, LU",2024-11-06,Mid,"FastAPI, PyTorch, BigQuery",125963,141117
"Cruz, Patrick and King",E-commerce,AI Researcher,"R, TensorFlow, AWS",Mid,Remote,"Walshstad, KG",2025-04-26,Startup,"PyTorch, KDB+",117682,149820
"Rivers, Jones and Cameron",E-commerce,ML Engineer,"SQL, NumPy, Scikit-learn",Entry,Full-time,"Nelsonchester, NE",2024-11-02,Large,"TensorFlow, LangChain",108359,163658
Lindsey-Chan,Finance,AI Product Manager,"MLflow, Flask, Keras, Scikit-learn, LangChain",Entry,Contract,"Albertport, RW",2024-07-18,Mid,TensorFlow,46169,74675
Hess Inc,Healthcare,Data Analyst,"FastAPI, Excel, PyTorch, Flask, Reinforcement Learning",Mid,Remote,"East Kathrynchester, FJ",2024-08-26,Mid,"BigQuery, PyTorch, FastAPI",109531,131253
Williams Ltd,Retail,ML Engineer,"Hugging Face, GCP, Scikit-learn",Entry,Contract,"Lake Patrick, ST",2024-02-27,Mid,"Scikit-learn, PyTorch, LangChain",146291,220807
"Moore, Fields and Valdez",Tech,AI Product Manager,"SQL, Python, Excel, Flask",Entry,Contract,"Marcusstad, GT",2025-08-31,Mid,"TensorFlow, KDB+, BigQuery",60309,116090
Todd-Wright,Automotive,Data Scientist,"SQL, Keras, Pandas, GCP",Senior,Contract,"Port Thomas, IQ",2024-03-12,Startup,"FastAPI, KDB+",135243,196909
Morrison and Sons,E-commerce,ML Engineer,"CUDA, Power BI, AWS, FastAPI, C++",Senior,Internship,"Richardfurt, JM",2024-11-04,Mid,TensorFlow,141909,166648
"Barrett, Bennett and Stokes",Education,ML Engineer,"C++, CUDA, Azure",Entry,Internship,"New John, JP",2025-03-22,Startup,"LangChain, MLflow",110795,199925
"Jefferson, Orr and Gonzalez",Retail,NLP Engineer,"LangChain, GCP, Reinforcement Learning, Excel, FastAPI, Power BI",Mid,Remote,"Lake Matthewhaven, RO",2024-01-24,Large,"KDB+, PyTorch",97755,118149
"Davis, Chambers and Lee",Healthcare,Data Analyst,"Excel, Power BI, PyTorch, Hugging Face, R",Entry,Remote,"Davidton, VN",2024-02-02,Mid,"Scikit-learn, BigQuery, MLflow",141037,189383
Guerra-Hall,Healthcare,AI Product Manager,"GCP, Reinforcement Learning, Keras, Pandas",Entry,Remote,"New Ronald, PA",2024-09-24,Mid,FastAPI,128537,188005
Brooks Ltd,Healthcare,AI Product Manager,"Keras, FastAPI, C++, Hugging Face",Senior,Full-time,"West Elizabeth, DE",2025-02-05,Mid,"Scikit-learn, PyTorch",56606,106301
"Nolan, Jones and Nelson",Tech,ML Engineer,"Python, PyTorch, SQL, FastAPI",Mid,Contract,"Hillfurt, BO",2023-12-05,Startup,"MLflow, FastAPI, Scikit-learn",95581.5,151635
"Davidson, Walsh and Meyers",Finance,Data Analyst,"Keras, Python, Hugging Face, Flask",Senior,Internship,"Susanfort, IQ",2024-06-06,Mid,"TensorFlow, FastAPI",68706,105919
Burgess-Barrera,Finance,NLP Engineer,"Hugging Face, Azure, PyTorch, GCP",Senior,Internship,"Leebury, SC",2025-09-13,Large,FastAPI,107190,142210
Anderson LLC,Healthcare,ML Engineer,"TensorFlow, LangChain, Keras, Scikit-learn, Excel, C++",Entry,Contract,"South Briannafort, MZ",2024-01-22,Mid,MLflow,65172,119584
"Cameron, Carter and Smith",Healthcare,AI Researcher,"Scikit-learn, Azure, GCP",Mid,Full-time,"Blakebury, CL",2025-06-18,Large,"PyTorch, MLflow",58475,150927
Christensen LLC,Finance,AI Product Manager,"FastAPI, TensorFlow, Keras",Entry,Contract,"New Codystad, HU",2024-08-02,Large,MLflow,89065,169950
Clark-Dennis,Finance,NLP Engineer,"R, NumPy, Scikit-learn",Mid,Remote,"North Brianhaven, IT",2024-08-08,Large,"BigQuery, PyTorch",140046,166454
Obrien and Sons,Automotive,AI Researcher,"Python, MLflow, SQL",Mid,Internship,"North Joannaberg, VC",2024-06-30,Large,"Scikit-learn, MLflow, FastAPI",50054,60639
Gomez PLC,E-commerce,ML Engineer,"R, Scikit-learn, Power BI",Senior,Internship,"Stevenshire, BE",2025-04-05,Startup,MLflow,84367,161104
Rogers-Shaw,E-commerce,ML Engineer,"Pandas, LangChain, Python, Keras",Senior,Internship,"Ginafurt, PW",2025-01-13,Startup,"KDB+, Scikit-learn, TensorFlow",106747,192008
Gardner-Murphy,Education,NLP Engineer,"Hugging Face, R, Azure, Power BI, Excel",Senior,Full-time,"Phillipsmouth, BE",2024-01-16,Startup,"LangChain, FastAPI",134658,192987
"Brooks, Morales and Parker",Automotive,Quant Researcher,"Pandas, FastAPI, Hugging Face, PyTorch, Power BI",Senior,Full-time,"South Chelseamouth, MR",2024-08-25,Startup,LangChain,67982,80867
"Harrison, Nelson and Butler",Tech,Data Analyst,"GCP, Pandas, FastAPI, C++, Excel",Entry,Internship,"North Darren, PG",2025-06-25,Mid,"FastAPI, MLflow",66502,125569
"Boyd, Manning and Smith",E-commerce,ML Engineer,"Excel, Pandas, CUDA",Mid,Full-time,"Walshmouth, EG",2024-10-28,Startup,PyTorch,129492,154474
Morgan Group,E-commerce,Data Scientist,"Reinforcement Learning, Hugging Face, Pandas, Excel",Mid,Contract,"East Robertbury, PS",2025-05-02,Startup,"FastAPI, PyTorch",46778,126259
"Sutton, Rivera and Mcintyre",Education,Data Scientist,"Reinforcement Learning, LangChain, C++",Entry,Internship,"Port Briannaview, MM",2025-09-07,Startup,"LangChain, FastAPI",95581.5,151635
Lee Inc,Education,AI Product Manager,"FastAPI, Excel, AWS, LangChain, Python",Entry,Contract,"Bradshawport, TW",2024-10-25,Startup,"KDB+, MLflow",81090,99269
Clark-Stevens,Tech,NLP Engineer,"Power BI, C++, R",Senior,Contract,"Port Isabellaport, BB",2024-01-17,Startup,BigQuery,134343,205844
Young LLC,Education,Computer Vision Engineer,"C++, Hugging Face, Flask, Python, NumPy, Scikit-learn",Senior,Full-time,"South Evan, ZM",2024-02-12,Large,"Scikit-learn, FastAPI, LangChain",72912,155169
Shaffer Inc,Education,Data Scientist,"FastAPI, Azure, TensorFlow",Mid,Internship,"West Adammouth, MZ",2024-06-08,Mid,TensorFlow,123639,216071
"Powers, Lee and Graves",Healthcare,NLP Engineer,"MLflow, Reinforcement Learning, Python",Mid,Internship,"North Cindy, CZ",2025-08-18,Mid,"PyTorch, TensorFlow",71107,88278
Williams-White,Tech,ML Engineer,"CUDA, R, Reinforcement Learning",Entry,Full-time,"Amyside, CH",2025-02-09,Startup,"MLflow, PyTorch, KDB+",95581.5,151635
Smith-Green,Finance,Data Analyst,"Python, AWS, FastAPI",Entry,Full-time,"East Mariahberg, NL",2024-08-18,Startup,FastAPI,95581.5,151635
Miller and Sons,Tech,AI Researcher,"MLflow, AWS, SQL, Python",Mid,Full-time,"North Michele, BZ",2024-01-03,Mid,"TensorFlow, FastAPI",132842,146986
Thomas-Howell,Education,Data Scientist,"MLflow, Azure, Python",Senior,Internship,"Matthewshire, HN",2023-12-19,Mid,"TensorFlow, KDB+",61018,136143
"Velez, Foley and Walker",E-commerce,Quant Researcher,"Excel, Flask, Power BI, PyTorch, SQL, CUDA",Senior,Internship,"Lake Joseph, SN",2024-08-21,Mid,"LangChain, BigQuery, FastAPI",129013,194851
Mccoy Group,Tech,ML Engineer,"Scikit-learn, AWS, CUDA, Azure, Hugging Face",Senior,Full-time,"North Tamara, SM",2024-10-16,Startup,"FastAPI, TensorFlow, LangChain",53336,98757
Hall Ltd,E-commerce,NLP Engineer,"LangChain, Python, AWS, R, Keras",Entry,Remote,"Jamesview, HT",2025-05-31,Startup,"LangChain, BigQuery",60072,132524
Dixon-Sanchez,Tech,AI Product Manager,"Excel, Azure, Pandas, PyTorch, SQL",Mid,Remote,"Adamsshire, AZ",2025-05-21,Startup,"PyTorch, TensorFlow, KDB+",95822,165764
Goodman and Sons,Automotive,Data Scientist,"NumPy, Excel, LangChain",Entry,Contract,"Zacharyfurt, ST",2024-10-21,Mid,"MLflow, Scikit-learn, FastAPI",123940,205534
"Garcia, Moss and Mccormick",Tech,Quant Researcher,"TensorFlow, Flask, NumPy, GCP",Mid,Internship,"New Bettyborough, GR",2024-02-16,Mid,TensorFlow,93765,164272
Mccullough-Fields,Healthcare,AI Researcher,"Hugging Face, Flask, Pandas, Scikit-learn",Senior,Remote,"Georgeview, LB",2024-07-31,Mid,"BigQuery, MLflow",107143,125166
"Green, Stewart and Nelson",Healthcare,AI Researcher,"Python, Pandas, R, Scikit-learn",Entry,Internship,"Carmenbury, TV",2025-09-02,Large,"LangChain, TensorFlow, BigQuery",78028,167608
Montgomery and Sons,Tech,Computer Vision Engineer,"Excel, TensorFlow, Azure, Reinforcement Learning",Entry,Contract,"New Josemouth, KE",2024-04-11,Large,"BigQuery, FastAPI",65169,83971
Fuentes LLC,E-commerce,Data Analyst,"Hugging Face, Keras, FastAPI, Power BI",Senior,Contract,"Lake Christophershire, UZ",2025-01-29,Startup,"LangChain, PyTorch, MLflow",70715,133242
Farmer-Higgins,Education,Data Analyst,"Reinforcement Learning, Pandas, AWS",Senior,Internship,"East Cindy, IL",2024-04-17,Mid,"FastAPI, KDB+, BigQuery",119460,194399
Lyons-Dunlap,Education,NLP Engineer,"Keras, Python, PyTorch, GCP, C++",Mid,Internship,"Jamesshire, BN",2024-08-03,Large,"Scikit-learn, TensorFlow, PyTorch",91699,163503
"Moore, Whitney and Davis",Tech,ML Engineer,"PyTorch, Flask, CUDA, NumPy, AWS, SQL",Senior,Full-time,"East Jamie, BO",2025-06-01,Startup,"Scikit-learn, PyTorch, FastAPI",67161,112365
Glass and Sons,Healthcare,NLP Engineer,"LangChain, TensorFlow, Azure",Mid,Internship,"Jenniferfurt, RO",2023-10-12,Large,"MLflow, BigQuery",106546,185690
Gaines Ltd,Tech,Quant Researcher,"TensorFlow, FastAPI, PyTorch, Hugging Face, Pandas",Mid,Full-time,"Jacquelineville, GE",2024-11-29,Mid,"TensorFlow, LangChain, Scikit-learn",95581.5,151635
Garcia-Cannon,Education,AI Product Manager,"Keras, NumPy, R, LangChain, Reinforcement Learning",Entry,Contract,"Port Shannon, TV",2025-03-09,Startup,"KDB+, BigQuery",109614,173616
"Robbins, Luna and Wiggins",Education,Data Analyst,"SQL, LangChain, MLflow, AWS, Reinforcement Learning",Mid,Contract,"Tonyburgh, BO",2023-12-12,Startup,MLflow,123263,202960
Green-Poole,Retail,Data Analyst,"Flask, LangChain, FastAPI",Senior,Full-time,"Lake Timothyville, LB",2025-02-24,Startup,"FastAPI, BigQuery, MLflow",40293,110748
Shaw-Bell,Education,Quant Researcher,"LangChain, SQL, Reinforcement Learning",Senior,Internship,"Rodriguezfort, NZ",2024-10-16,Startup,"PyTorch, LangChain, KDB+",95581.5,151635
"Mason, Gonzalez and Miller",E-commerce,NLP Engineer,"Power BI, AWS, TensorFlow, Keras, CUDA, Pandas",Mid,Internship,"Garciamouth, DE",2025-05-23,Mid,"KDB+, Scikit-learn",136999,162930
Carroll-Carroll,Finance,AI Researcher,"Power BI, Pandas, CUDA",Mid,Remote,"Lake Andrewbury, ZA",2023-12-03,Large,TensorFlow,140731,235582
"Fisher, Davis and Kelly",Finance,ML Engineer,"Pandas, GCP, Hugging Face",Entry,Full-time,"North Kevin, VA",2023-10-20,Large,"LangChain, BigQuery",108142,206901
Hughes Ltd,Automotive,Quant Researcher,"AWS, Power BI, MLflow, Python, GCP",Entry,Internship,"East Lisa, GY",2024-01-11,Large,"MLflow, LangChain, BigQuery",92863,113996
Mcneil Ltd,Education,Data Analyst,"Pandas, R, AWS, PyTorch",Senior,Full-time,"Brandonshire, MU",2024-11-17,Large,LangChain,49202,142011
"Clark, Garcia and Smith",Education,ML Engineer,"Hugging Face, Python, Pandas",Entry,Contract,"East Laurenland, UA",2023-12-27,Startup,"FastAPI, Scikit-learn, PyTorch",117905,154963
Robinson-Murphy,Automotive,AI Researcher,"Power BI, Python, GCP, C++",Mid,Full-time,"East Raymond, NR",2024-03-26,Large,"Scikit-learn, FastAPI, TensorFlow",69967,88953
"Jenkins, Shelton and Galloway",Tech,Data Analyst,"CUDA, AWS, Scikit-learn",Entry,Internship,"Port Jenniferhaven, DM",2024-05-26,Mid,MLflow,117659,216166
"Oconnor, Montgomery and Figueroa",Retail,Quant Researcher,"Python, LangChain, Pandas, TensorFlow",Entry,Internship,"Lake Elizabeth, BA",2023-12-12,Startup,MLflow,59894,135142
Lin-Robinson,Automotive,AI Researcher,"Hugging Face, Azure, NumPy",Entry,Full-time,"Jamesmouth, TO",2025-07-19,Mid,"LangChain, Scikit-learn, MLflow",137561,211332
"Thompson, Mosley and Mitchell",E-commerce,ML Engineer,"R, Scikit-learn, SQL, LangChain",Entry,Internship,"Lake April, UA",2024-02-13,Mid,PyTorch,116335,171155
Austin-Burke,Retail,NLP Engineer,"FastAPI, SQL, Scikit-learn, NumPy, Excel, PyTorch",Senior,Remote,"South Christophermouth, PW",2024-05-16,Mid,"PyTorch, BigQuery",96083,149737
Smith-Webster,E-commerce,NLP Engineer,"Power BI, Scikit-learn, R, Python, Keras",Senior,Contract,"West Karen, DK",2025-02-28,Large,"TensorFlow, KDB+, MLflow",143953,177085
Bennett and Sons,Education,Data Scientist,"C++, Reinforcement Learning, Azure, CUDA, MLflow",Entry,Full-time,"Burnetttown, KE",2024-05-13,Startup,BigQuery,95581.5,151635
Hess-Hobbs,Healthcare,Data Scientist,"Keras, AWS, NumPy, MLflow, TensorFlow, Flask",Mid,Contract,"Jacquelineview, MN",2025-02-06,Large,"Scikit-learn, KDB+, MLflow",121197,140025
Scott-Garcia,Tech,NLP Engineer,"Flask, Power BI, LangChain, Excel, MLflow, R",Senior,Remote,"Raymondville, SR",2024-03-03,Mid,"FastAPI, TensorFlow, MLflow",95581.5,151635
Scott Ltd,Automotive,Quant Researcher,"Hugging Face, MLflow, CUDA, Python, Keras, SQL",Senior,Contract,"Lake Colleenmouth, NA",2024-12-29,Large,"TensorFlow, FastAPI, Scikit-learn",149692,200124
"Wheeler, Thompson and Rivera",Finance,Computer Vision Engineer,"Pandas, MLflow, TensorFlow, Power BI",Mid,Remote,"Jacobland, BR",2025-04-27,Startup,"LangChain, KDB+, BigQuery",59190,136850
Collins LLC,Finance,ML Engineer,"R, CUDA, TensorFlow",Senior,Internship,"Ryanfort, SB",2024-12-26,Large,"PyTorch, LangChain",109704,209632
"Decker, Wilson and Daniel",Education,NLP Engineer,"Azure, Excel, Power BI, SQL",Entry,Full-time,"North Elizabeth, VU",2024-09-30,Startup,"Scikit-learn, BigQuery, MLflow",56774,69344
Erickson-Hill,Finance,ML Engineer,"LangChain, Reinforcement Learning, CUDA, R, SQL, Excel",Senior,Internship,"Aaronview, AZ",2024-10-13,Mid,KDB+,48914,60214
"Harrison, Miller and Vasquez",Tech,Data Analyst,"Flask, Reinforcement Learning, Pandas, CUDA, Azure",Mid,Internship,"East Laceyville, FI",2024-10-21,Large,"LangChain, Scikit-learn, FastAPI",47206,107566
Avery-Randall,Tech,AI Researcher,"TensorFlow, Power BI, PyTorch",Mid,Internship,"Thomasborough, SR",2025-07-27,Mid,BigQuery,49463,142153
Gonzalez LLC,Tech,Computer Vision Engineer,"C++, Hugging Face, PyTorch, SQL",Mid,Internship,"Lake Kaylaport, VU",2024-03-26,Large,"MLflow, LangChain, KDB+",77762,138650
Rodriguez LLC,E-commerce,AI Researcher,"LangChain, AWS, Hugging Face, Flask, R",Entry,Full-time,"Lake Jamesberg, JM",2025-06-17,Mid,"KDB+, BigQuery",67646,146965
Diaz PLC,Retail,AI Researcher,"Python, TensorFlow, GCP, R",Senior,Full-time,"Harrismouth, TR",2025-08-05,Mid,"Scikit-learn, MLflow",95581.5,151635
Perez-Herman,Education,NLP Engineer,"C++, GCP, Keras, AWS, TensorFlow, LangChain",Entry,Contract,"Michaelside, NA",2024-12-08,Mid,"FastAPI, KDB+",79160,172160
Reese Inc,Automotive,AI Researcher,"Python, PyTorch, Hugging Face, CUDA, Azure, MLflow",Mid,Full-time,"Webbmouth, NA",2025-03-07,Startup,"BigQuery, LangChain",147705,216954
Yang-Ross,E-commerce,AI Product Manager,"GCP, Power BI, Azure, Python",Senior,Contract,"Andrewschester, IQ",2024-11-06,Mid,"KDB+, TensorFlow, Scikit-learn",59811,106563
"Arnold, Burns and Garcia",Retail,ML Engineer,"C++, FastAPI, Scikit-learn",Senior,Internship,"Deniseport, NE",2025-03-17,Mid,"PyTorch, BigQuery, Scikit-learn",61213,148219
Blankenship-Ferguson,Education,NLP Engineer,"FastAPI, AWS, Power BI, Flask, SQL, MLflow",Senior,Remote,"Aarontown, TO",2025-05-01,Startup,"FastAPI, BigQuery",127524,148571
"Acosta, Roy and Gutierrez",Healthcare,Quant Researcher,"Python, AWS, R, Pandas, Power BI, TensorFlow",Senior,Internship,"East Erica, GY",2025-06-22,Startup,"FastAPI, Scikit-learn, LangChain",53455,142848
"Barton, Guzman and Jones",Finance,ML Engineer,"Pandas, R, LangChain",Mid,Full-time,"East Eric, FI",2025-04-30,Mid,"LangChain, PyTorch",84521,130961
Miller-Schultz,Retail,Data Scientist,"Flask, C++, NumPy, Python, GCP",Entry,Full-time,"Beckerburgh, GA",2024-04-15,Large,TensorFlow,68321,135101
Hendricks Group,Tech,ML Engineer,"Hugging Face, Flask, MLflow",Mid,Contract,"West Julie, MX",2025-06-20,Startup,"BigQuery, PyTorch",73192,103993
"Burke, Paul and Conner",Education,Data Analyst,"Excel, Reinforcement Learning, Pandas, GCP, FastAPI",Entry,Contract,"New Jerome, BA",2025-01-26,Startup,LangChain,43069,99172
Glenn-Rodriguez,Finance,Data Analyst,"SQL, GCP, Scikit-learn",Senior,Internship,"Maryton, TH",2024-05-10,Startup,"Scikit-learn, MLflow",103638,163765
Schaefer-Anderson,Tech,Computer Vision Engineer,"C++, Python, GCP",Entry,Internship,"New Natalieview, SE",2025-05-26,Large,"FastAPI, Scikit-learn, PyTorch",148791,234027
"Harris, Hopkins and Miranda",Finance,Computer Vision Engineer,"NumPy, Pandas, Reinforcement Learning",Entry,Full-time,"Brooksmouth, TR",2024-10-19,Startup,"PyTorch, Scikit-learn, TensorFlow",81873,126955
Reyes LLC,Retail,AI Product Manager,"Reinforcement Learning, Python, MLflow, Flask",Mid,Remote,"West Lynnbury, BB",2025-08-20,Startup,LangChain,107701,182399
"Smith, Adkins and Peterson",Retail,Computer Vision Engineer,"Scikit-learn, LangChain, MLflow, FastAPI",Entry,Internship,"South Gregory, BO",2024-10-24,Large,"KDB+, FastAPI",44261,132348
Guerra and Sons,Tech,Data Analyst,"Azure, MLflow, Pandas, PyTorch",Entry,Contract,"North Timothy, SC",2024-08-17,Large,"MLflow, PyTorch, LangChain",144418,178671
Smith Inc,E-commerce,AI Product Manager,"AWS, Keras, Flask, R, PyTorch, Python",Senior,Full-time,"Bryanttown, ET",2024-02-24,Mid,"PyTorch, FastAPI",59575,125556
Rodriguez-Mcgrath,E-commerce,Data Scientist,"GCP, Keras, LangChain",Mid,Full-time,"Bonnieview, SN",2025-01-21,Large,"KDB+, FastAPI",133037,191935
"Mullen, Chaney and Morris",Automotive,ML Engineer,"R, Pandas, TensorFlow, Hugging Face, Python",Entry,Internship,"Simmonston, HT",2024-09-09,Large,"LangChain, KDB+",125183,172905
"Walker, Welch and Alexander",Finance,Quant Researcher,"SQL, Excel, Azure, PyTorch, Scikit-learn",Mid,Contract,"South Alyssaview, DK",2024-04-11,Startup,"Scikit-learn, LangChain, TensorFlow",98205,195671
Cochran Ltd,Education,ML Engineer,"SQL, NumPy, Python, Power BI, Scikit-learn",Senior,Contract,"Robinsonland, BR",2024-08-26,Large,FastAPI,95581.5,151635
Wells PLC,Tech,NLP Engineer,"Pandas, CUDA, R, Python, FastAPI, SQL",Entry,Internship,"Kevinfurt, FM",2025-04-06,Mid,"MLflow, LangChain, KDB+",126480,181097
Knight PLC,Tech,Data Scientist,"LangChain, Pandas, Flask, AWS",Senior,Remote,"Woodberg, PL",2024-05-12,Mid,"Scikit-learn, BigQuery",95492,152604
Rivers-Bautista,E-commerce,Data Analyst,"Power BI, NumPy, LangChain, CUDA, Reinforcement Learning, Excel",Senior,Contract,"Port Austinport, AT",2023-09-30,Large,"Scikit-learn, BigQuery",102113,144608
"Cabrera, Schultz and Walker",E-commerce,Data Analyst,"Keras, Scikit-learn, MLflow, Python, SQL, Excel",Senior,Full-time,"Jessicaland, MX",2024-04-12,Large,"TensorFlow, LangChain, MLflow",143450,184908
"Morgan, Novak and Sullivan",Education,ML Engineer,"GCP, SQL, TensorFlow, Keras, Reinforcement Learning",Entry,Remote,"North Ashley, KI",2025-07-09,Mid,"BigQuery, MLflow",72389,120591
"Hall, Oconnell and Wilson",Automotive,AI Product Manager,"Power BI, R, C++, TensorFlow, Python",Entry,Full-time,"Careyland, MN",2024-09-24,Mid,Scikit-learn,45843,74772
Harris Ltd,Automotive,Data Analyst,"PyTorch, FastAPI, MLflow, C++, Pandas, NumPy",Entry,Internship,"South Keith, UY",2024-07-18,Startup,"MLflow, Scikit-learn",132168,172436
Barajas-Wilson,Healthcare,Quant Researcher,"AWS, Pandas, FastAPI, R",Mid,Full-time,"West Christopher, AR",2024-07-18,Large,"KDB+, LangChain, Scikit-learn",140975,223314
Olsen and Sons,Finance,Quant Researcher,"Pandas, Hugging Face, LangChain, Reinforcement Learning",Senior,Full-time,"Michelleview, AE",2024-02-21,Startup,"MLflow, PyTorch, Scikit-learn",72912,124424
Adams-Bautista,Education,Data Scientist,"Excel, Power BI, Azure, NumPy, Hugging Face, LangChain",Mid,Full-time,"South Maryshire, DO",2025-05-24,Mid,Scikit-learn,92203,179621
Montgomery-Bell,Healthcare,ML Engineer,"Power BI, TensorFlow, Python, Azure, C++, SQL",Mid,Internship,"Carpenterfurt, MV",2025-04-27,Mid,"FastAPI, MLflow, LangChain",132423,178710
Case PLC,Healthcare,Quant Researcher,"MLflow, PyTorch, Azure, R, Python, GCP",Mid,Internship,"Millerborough, MH",2024-08-24,Large,"LangChain, KDB+, Scikit-learn",43526,142128
Fisher LLC,Retail,Data Analyst,"Pandas, AWS, MLflow, TensorFlow",Mid,Full-time,"Jacquelineburgh, ME",2024-12-08,Startup,TensorFlow,100197,176071
Morgan Group,Automotive,Data Analyst,"Keras, FastAPI, Python, Excel, AWS",Senior,Internship,"South Jameshaven, TT",2025-06-13,Startup,"PyTorch, TensorFlow, Scikit-learn",104596,158369
Weiss Inc,Education,AI Product Manager,"Power BI, MLflow, FastAPI, R, TensorFlow, NumPy",Mid,Full-time,"North John, IE",2024-02-29,Startup,"TensorFlow, FastAPI, LangChain",128933,143658
"Mendoza, Bishop and Wade",Automotive,NLP Engineer,"GCP, FastAPI, Excel",Senior,Full-time,"South Omarshire, DO",2024-05-07,Mid,"MLflow, TensorFlow",111144,184492
Stephenson and Sons,Healthcare,NLP Engineer,"AWS, C++, MLflow",Entry,Full-time,"Thomasshire, TT",2025-02-11,Mid,MLflow,147850,183922
Hernandez-Robles,Automotive,AI Researcher,"Keras, TensorFlow, R, Azure",Mid,Contract,"Craigside, JM",2024-12-31,Mid,"BigQuery, LangChain",140539,204807
"Carter, Gordon and Hurst",Finance,ML Engineer,"AWS, Azure, Flask, Reinforcement Learning, TensorFlow, Excel",Senior,Contract,"South Cynthia, GB",2024-02-12,Startup,"FastAPI, KDB+, TensorFlow",60724,86033
Thomas and Sons,E-commerce,NLP Engineer,"Excel, Flask, Hugging Face, TensorFlow",Entry,Contract,"Garzashire, BT",2025-03-21,Mid,MLflow,71064,107425
Love LLC,Education,AI Researcher,"CUDA, TensorFlow, FastAPI, Power BI, LangChain, MLflow",Entry,Contract,"North Dianaland, GR",2024-06-03,Startup,KDB+,41074,139585
Ingram-Long,Tech,ML Engineer,"R, AWS, Python, MLflow",Entry,Internship,"Johnstad, MK",2024-04-05,Startup,"FastAPI, BigQuery, PyTorch",88875,140496
"Zavala, Jones and Williams",Tech,AI Researcher,"Python, FastAPI, MLflow, LangChain",Mid,Internship,"Hallport, BE",2023-10-19,Large,PyTorch,42720,114323
"Leon, May and Wilson",Education,ML Engineer,"LangChain, Python, AWS",Entry,Full-time,"Jessicamouth, MY",2024-10-10,Large,"PyTorch, LangChain, KDB+",48928,97457
Norton-Flores,E-commerce,Quant Researcher,"LangChain, R, Azure, CUDA",Entry,Contract,"Sanchezfurt, TJ",2023-10-19,Startup,"Scikit-learn, BigQuery, PyTorch",62352,118360
"Brown, Ross and Wright",Retail,Data Scientist,"Hugging Face, Scikit-learn, Excel, SQL",Entry,Full-time,"Jillfort, JM",2023-11-28,Mid,TensorFlow,71987,127174
"Townsend, Jenkins and Johnson",Tech,Quant Researcher,"Reinforcement Learning, LangChain, CUDA",Senior,Internship,"West Joshuabury, KN",2024-04-29,Startup,"BigQuery, Scikit-learn, FastAPI",96588,159646
"Riddle, Hicks and Thompson",E-commerce,NLP Engineer,"Keras, C++, Azure, FastAPI, CUDA, Scikit-learn",Entry,Remote,"Lake Melissafort, DJ",2023-12-16,Mid,Scikit-learn,112609,189278
"Herrera, Moore and Braun",Automotive,AI Product Manager,"CUDA, C++, Excel",Entry,Full-time,"North Kyleborough, BB",2025-07-15,Mid,"BigQuery, TensorFlow, FastAPI",63732,99367
Jones LLC,Healthcare,AI Product Manager,"R, Hugging Face, Excel, Keras",Entry,Remote,"Mariabury, GQ",2024-12-07,Mid,FastAPI,139447,224946
Jones-Ortiz,Education,ML Engineer,"LangChain, TensorFlow, C++, Power BI, MLflow, AWS",Mid,Contract,"West Michaelview, MN",2024-02-25,Large,"LangChain, Scikit-learn, PyTorch",130455,143201
Howe-Gallagher,Healthcare,Computer Vision Engineer,"Python, Keras, CUDA, PyTorch, MLflow, NumPy",Entry,Remote,"Gilbertbury, DE",2024-07-17,Mid,PyTorch,69015,94367
Ellis-Bailey,Tech,Quant Researcher,"C++, Power BI, Pandas",Mid,Full-time,"New Kristenburgh, VN",2025-06-11,Mid,BigQuery,95581.5,151635
Robinson Group,Education,NLP Engineer,"Scikit-learn, PyTorch, R, FastAPI, Excel, NumPy",Mid,Internship,"South Daniel, OM",2025-06-01,Mid,"KDB+, BigQuery, FastAPI",49069,65157
Goodwin-Ramirez,Education,NLP Engineer,"Hugging Face, FastAPI, C++, CUDA",Mid,Internship,"New Vanessa, JO",2024-11-16,Startup,BigQuery,74463,103688
Bennett-Jackson,Healthcare,Quant Researcher,"Reinforcement Learning, TensorFlow, SQL, Flask, C++, Keras",Entry,Internship,"Whitemouth, ZM",2025-06-28,Large,"LangChain, MLflow, KDB+",137479,173706
Bean-Chavez,Finance,AI Product Manager,"Pandas, NumPy, TensorFlow, R",Entry,Internship,"Jordanside, KR",2025-06-13,Large,"TensorFlow, LangChain",51735,71615
"Goodwin, Harrison and Lopez",Education,ML Engineer,"Azure, PyTorch, R, Scikit-learn, AWS, Excel",Mid,Internship,"Davidtown, AM",2025-01-24,Startup,BigQuery,105183,136608
Gardner-Li,Finance,ML Engineer,"Excel, SQL, GCP, Hugging Face, R",Entry,Internship,"Dustinberg, UZ",2024-12-21,Startup,"FastAPI, LangChain",80869,128578
Robinson-Hill,Healthcare,Computer Vision Engineer,"Excel, CUDA, GCP, Reinforcement Learning, TensorFlow",Senior,Internship,"Lake Melissahaven, TM",2025-01-15,Large,KDB+,94999,167994
Moore Inc,Automotive,AI Researcher,"Keras, Hugging Face, R",Senior,Internship,"Aimeestad, KM",2025-03-28,Large,FastAPI,98295,166881
"Fisher, Miller and Duarte",Automotive,AI Researcher,"Azure, Scikit-learn, Python, AWS, LangChain, C++",Entry,Full-time,"West Cassie, MD",2023-11-09,Startup,TensorFlow,84355,154595
"Clayton, Pratt and Stone",Healthcare,NLP Engineer,"PyTorch, Excel, Scikit-learn, TensorFlow",Entry,Internship,"Stephanieside, AF",2025-05-03,Mid,BigQuery,108703,131026
"Jones, Spencer and Bowers",Retail,Data Scientist,"Scikit-learn, GCP, AWS, FastAPI, Excel, Pandas",Entry,Internship,"Mooreside, GB",2025-01-31,Large,Scikit-learn,45561,84324
Lyons Inc,Finance,NLP Engineer,"CUDA, R, GCP",Senior,Remote,"Wangside, UZ",2024-11-13,Large,"BigQuery, KDB+",50662,146281
Robinson PLC,Education,Data Analyst,"FastAPI, C++, Azure, Reinforcement Learning, CUDA",Senior,Internship,"West Brittanyland, MW",2025-02-10,Large,"PyTorch, BigQuery",75939,118168
"Lopez, Davis and Greene",Automotive,ML Engineer,"LangChain, Azure, CUDA, GCP",Entry,Full-time,"Johnsonland, SM",2024-08-10,Mid,"KDB+, LangChain, PyTorch",75976,154691
"Williams, Romero and Goodwin",Automotive,Data Scientist,"Azure, PyTorch, Excel, R, NumPy",Entry,Remote,"Gregorybury, MM",2023-10-15,Startup,"PyTorch, Scikit-learn, KDB+",58623,100250
Martinez LLC,E-commerce,Computer Vision Engineer,"R, MLflow, AWS, Flask, C++",Senior,Internship,"Timothytown, KZ",2025-07-27,Startup,"TensorFlow, FastAPI",95737,120978
Lopez-Hughes,E-commerce,Quant Researcher,"AWS, Reinforcement Learning, TensorFlow, FastAPI, SQL, Power BI",Senior,Remote,"Kentville, BT",2025-01-12,Startup,"LangChain, PyTorch, BigQuery",86038,117214
"Palmer, Moody and Wallace",Tech,NLP Engineer,"CUDA, NumPy, Power BI, Azure, C++",Entry,Internship,"South Amanda, BE",2024-12-30,Startup,"PyTorch, MLflow, KDB+",52929,148174
Lawrence PLC,Retail,Computer Vision Engineer,"SQL, Flask, FastAPI, Pandas, Power BI",Entry,Contract,"Saraview, BR",2025-08-12,Mid,"FastAPI, PyTorch, MLflow",95581.5,151635
Harrison-Stevenson,Education,NLP Engineer,"GCP, Excel, NumPy, Azure, R, Pandas",Mid,Internship,"Barberfurt, AD",2024-01-26,Large,"MLflow, BigQuery",80350,124373
Webb-Garcia,Retail,ML Engineer,"Python, MLflow, Reinforcement Learning, Power BI, Flask",Mid,Internship,"Andreaton, RO",2025-07-31,Large,LangChain,141317,189797
Williams-Leonard,Tech,Data Scientist,"Flask, GCP, MLflow, Keras, CUDA, AWS",Mid,Internship,"Samuelside, BI",2024-01-25,Large,KDB+,144921,242601
Fox Group,Automotive,AI Researcher,"TensorFlow, C++, AWS, GCP",Entry,Contract,"West Madisonchester, NP",2024-06-30,Large,"BigQuery, MLflow",78021,138369
"Taylor, Ruiz and Hernandez",Education,AI Product Manager,"Azure, LangChain, C++, NumPy, MLflow",Entry,Contract,"East Davidbury, SK",2025-03-15,Large,"Scikit-learn, LangChain, TensorFlow",69902,164688
"Taylor, Thompson and Good",Retail,Computer Vision Engineer,"Scikit-learn, C++, LangChain, CUDA, Excel, Flask",Entry,Remote,"South Patriciaport, RS",2025-02-08,Startup,PyTorch,149757,220531
"Wheeler, Hall and Gonzalez",Healthcare,AI Researcher,"Excel, AWS, Flask, NumPy",Entry,Remote,"New Devinview, AG",2025-05-09,Mid,LangChain,115186,147382
"Bell, Jones and Munoz",Healthcare,AI Product Manager,"FastAPI, Keras, MLflow",Mid,Full-time,"Angelastad, DE",2023-10-18,Mid,FastAPI,48248,92417
"Moyer, Nelson and Johnston",Healthcare,Computer Vision Engineer,"Keras, PyTorch, TensorFlow, Scikit-learn, Azure",Mid,Full-time,"Jordanport, NG",2024-02-09,Large,KDB+,95581.5,151635
"Shepard, Anderson and Robinson",Retail,Quant Researcher,"Excel, CUDA, Reinforcement Learning",Mid,Internship,"Lake Stacey, SE",2024-10-13,Startup,"TensorFlow, LangChain, PyTorch",129844,163112
Smith and Sons,Automotive,AI Researcher,"Hugging Face, GCP, Azure",Entry,Full-time,"Collinsland, MA",2024-09-10,Mid,MLflow,121208,201513
"Mathews, Chavez and Scott",Healthcare,Quant Researcher,"LangChain, AWS, NumPy, Flask, GCP, Excel",Senior,Full-time,"Hamiltonport, WS",2025-01-12,Startup,LangChain,107216,196778
Wiley LLC,Retail,AI Researcher,"SQL, NumPy, Excel, Pandas, Python",Mid,Internship,"West Manuel, RW",2025-07-11,Startup,LangChain,41764,136739
"Lawrence, Smith and Powell",Tech,Data Analyst,"Reinforcement Learning, Flask, CUDA",Senior,Contract,"North Jessicamouth, BT",2024-01-15,Large,BigQuery,147895,196134
"Allen, Harvey and Jordan",Retail,NLP Engineer,"C++, GCP, Pandas, MLflow, TensorFlow",Senior,Full-time,"Montoyabury, AR",2025-06-29,Large,TensorFlow,47192,145078
Shaw-Knapp,Automotive,AI Product Manager,"Reinforcement Learning, C++, PyTorch, AWS, Azure",Mid,Internship,"North Williamside, FJ",2024-07-28,Large,"FastAPI, LangChain, KDB+",48979,87015
Phillips Ltd,Automotive,Computer Vision Engineer,"LangChain, PyTorch, GCP, AWS, C++, Azure",Mid,Full-time,"North Davidshire, WS",2025-03-16,Startup,"TensorFlow, PyTorch",70473,136805
Lang-Hill,Retail,Computer Vision Engineer,"Hugging Face, Flask, LangChain, TensorFlow, Pandas, FastAPI",Entry,Full-time,"Stephanieville, DE",2024-09-02,Mid,"TensorFlow, BigQuery, FastAPI",101941,151649
Hernandez LLC,Tech,Computer Vision Engineer,"PyTorch, C++, Python, TensorFlow, Power BI",Entry,Internship,"Danielberg, DZ",2025-03-24,Large,"Scikit-learn, BigQuery",79422,131027
"Bradford, Ryan and Edwards",Automotive,NLP Engineer,"FastAPI, Excel, TensorFlow",Senior,Full-time,"Port Austinfort, SZ",2024-01-19,Large,"LangChain, Scikit-learn, KDB+",104607,198261
Lang PLC,Education,Data Analyst,"Power BI, TensorFlow, Keras",Entry,Full-time,"Jaredberg, LT",2023-11-25,Large,FastAPI,142297,230635
Rivas Inc,Healthcare,Data Analyst,"Pandas, TensorFlow, Keras, Python, Excel",Mid,Full-time,"West Rick, CY",2024-11-11,Large,BigQuery,129959,183290
Spencer-Watson,Automotive,NLP Engineer,"MLflow, C++, Excel",Senior,Remote,"Wilsonfurt, VU",2025-02-19,Startup,FastAPI,95581.5,151635
"Ward, Morton and Taylor",Education,AI Product Manager,"Azure, Flask, Keras, Scikit-learn, Reinforcement Learning, GCP",Mid,Full-time,"Lisaview, GM",2024-06-11,Startup,"KDB+, MLflow, Scikit-learn",76271,164679
"Deleon, Waters and Perez",Tech,Quant Researcher,"NumPy, PyTorch, R, Flask, Python, Keras",Senior,Internship,"Lake Michael, AU",2024-04-18,Startup,PyTorch,55587,97947
"Thomas, Park and Smith",Healthcare,Quant Researcher,"CUDA, Excel, Azure, NumPy",Senior,Internship,"North Shaneland, LB",2024-01-07,Mid,"TensorFlow, MLflow, KDB+",127145,147633
Wilcox PLC,Tech,Data Analyst,"NumPy, Pandas, Excel",Mid,Remote,"East Leonard, CM",2024-07-21,Mid,"PyTorch, FastAPI, BigQuery",143724,226912
Sanders-English,E-commerce,NLP Engineer,"NumPy, AWS, Reinforcement Learning, Scikit-learn, MLflow",Entry,Contract,"Jeanettefurt, SL",2024-12-26,Mid,FastAPI,89162,143952
Jackson-Johnson,Education,Quant Researcher,"Flask, Keras, FastAPI, Azure, TensorFlow",Mid,Internship,"Smithton, BH",2024-04-25,Mid,"PyTorch, KDB+, MLflow",95581.5,151635
"Morgan, Moore and Ramirez",Automotive,Quant Researcher,"SQL, Excel, GCP, Keras, FastAPI, MLflow",Mid,Remote,"Alexanderfurt, BE",2024-12-16,Startup,"KDB+, MLflow, TensorFlow",141577,165447
Ellis PLC,Healthcare,Quant Researcher,"Hugging Face, MLflow, Reinforcement Learning",Entry,Contract,"Youngton, WS",2023-10-06,Large,LangChain,95581.5,151635
Rojas-Mckinney,Tech,ML Engineer,"FastAPI, Reinforcement Learning, PyTorch",Senior,Contract,"East Anthony, CM",2025-04-13,Large,"Scikit-learn, TensorFlow",112652,183753
Gilbert-Gonzalez,Tech,Quant Researcher,"CUDA, NumPy, Flask, LangChain, Power BI, Azure",Senior,Full-time,"West Anthonyfurt, CV",2025-02-09,Startup,LangChain,92645,120926
Martinez-Martin,E-commerce,Data Analyst,"Power BI, Pandas, CUDA",Mid,Full-time,"Port Brian, LC",2025-01-14,Large,FastAPI,64523,119477
Ayers-Davis,Education,Computer Vision Engineer,"Hugging Face, Flask, Power BI, Pandas, Excel",Senior,Full-time,"Tracyshire, SC",2024-11-02,Startup,Scikit-learn,118063,139054
Mcintosh Inc,Automotive,Computer Vision Engineer,"R, PyTorch, Flask, GCP, Hugging Face",Senior,Full-time,"Jameshaven, CF",2024-08-27,Mid,"MLflow, KDB+",136125,171741
"Barnes, Cervantes and Ramos",Retail,NLP Engineer,"PyTorch, Scikit-learn, C++, Azure",Senior,Remote,"Kristinaville, LT",2023-12-21,Mid,"LangChain, MLflow",89832,168332
Harris-Flores,Automotive,Quant Researcher,"PyTorch, MLflow, Scikit-learn",Entry,Internship,"Donnaland, FJ",2024-04-10,Mid,"MLflow, LangChain, PyTorch",58051,72433
"Montgomery, Bradley and Brandt",Education,AI Researcher,"Azure, Reinforcement Learning, SQL, LangChain",Entry,Remote,"North Royborough, IR",2024-03-13,Startup,"MLflow, BigQuery",118098,180405
Wright-Ochoa,E-commerce,NLP Engineer,"R, C++, Keras",Mid,Full-time,"Williamsfort, BZ",2025-05-01,Startup,"PyTorch, FastAPI, TensorFlow",130644,162308
Sanders Group,Finance,NLP Engineer,"C++, Pandas, FastAPI, MLflow, Excel",Entry,Internship,"Port Robinchester, NG",2024-10-08,Large,TensorFlow,44826,136391
Meadows Group,Retail,Data Scientist,"AWS, Flask, Keras, Hugging Face, NumPy, Scikit-learn",Senior,Internship,"Joshuamouth, TN",2023-10-30,Large,LangChain,95581.5,151635
Thompson-Patterson,Retail,AI Researcher,"AWS, Hugging Face, GCP, Power BI, Keras",Mid,Internship,"Michaelville, BG",2024-09-15,Large,"TensorFlow, PyTorch, FastAPI",119984,170149
"Edwards, Moore and Miller",E-commerce,Data Analyst,"GCP, R, Reinforcement Learning, PyTorch, Hugging Face, Excel",Senior,Full-time,"North Justinmouth, MG",2024-07-30,Startup,MLflow,84432,151643
Martinez and Sons,Tech,NLP Engineer,"PyTorch, GCP, Keras, NumPy, Flask",Entry,Full-time,"Cooperport, WS",2025-05-05,Startup,"MLflow, TensorFlow",78737,137073
Shepard-Kelly,Automotive,Data Analyst,"TensorFlow, MLflow, C++, Flask, SQL, GCP",Entry,Internship,"New Susan, FJ",2024-09-26,Mid,"BigQuery, MLflow",125708,211610
Lambert Inc,Healthcare,ML Engineer,"C++, Pandas, Flask, Hugging Face, Excel",Mid,Remote,"West Ericshire, ZA",2024-02-17,Large,"MLflow, BigQuery",66588,150410
"Blankenship, Greer and Hernandez",Education,Data Analyst,"R, CUDA, Pandas, TensorFlow, Azure, PyTorch",Senior,Contract,"Port Jessica, PG",2023-12-04,Large,"KDB+, LangChain",95581.5,151635
Benson LLC,Automotive,Computer Vision Engineer,"Scikit-learn, TensorFlow, PyTorch, Python",Senior,Internship,"Curtischester, MN",2025-06-21,Mid,"MLflow, FastAPI",148303,168698
Martinez-Braun,Tech,AI Researcher,"TensorFlow, GCP, Python",Mid,Full-time,"Lake Patricia, VC",2024-01-24,Mid,BigQuery,41869,122449
Powell-Moreno,Retail,Data Analyst,"FastAPI, Hugging Face, R, Keras, NumPy, PyTorch",Entry,Full-time,"South Jamesstad, MV",2024-11-11,Large,"BigQuery, KDB+",108841,170869
Pitts-Fuentes,Healthcare,ML Engineer,"Keras, Scikit-learn, R, Flask, Python, FastAPI",Mid,Remote,"Matthewmouth, DK",2024-09-08,Large,"KDB+, PyTorch, FastAPI",114726,168511
Allen Ltd,Healthcare,Quant Researcher,"Azure, PyTorch, CUDA, TensorFlow, Flask",Senior,Internship,"Cruzmouth, MY",2025-01-20,Mid,"PyTorch, TensorFlow",80878,167444
"Anderson, Reyes and Perez",Automotive,NLP Engineer,"Pandas, Azure, Power BI",Mid,Remote,"Smithview, BS",2025-09-11,Mid,"PyTorch, Scikit-learn, MLflow",58935,111154
Boyd-Brooks,E-commerce,ML Engineer,"Reinforcement Learning, NumPy, LangChain, GCP",Entry,Full-time,"Gamblemouth, TH",2024-03-31,Startup,"PyTorch, KDB+",122431,210032
Hill LLC,Education,Quant Researcher,"Excel, Hugging Face, TensorFlow",Mid,Full-time,"West Mary, MZ",2025-06-23,Mid,"LangChain, PyTorch",102648,115973
Oconnor-Russell,Retail,AI Product Manager,"AWS, MLflow, CUDA, FastAPI, Keras, Reinforcement Learning",Senior,Internship,"South Tarabury, GT",2025-05-22,Large,"PyTorch, KDB+",61585,79010
Jensen-Adams,Education,AI Product Manager,"Pandas, TensorFlow, NumPy",Entry,Remote,"New Bethburgh, IL",2024-01-05,Mid,"TensorFlow, FastAPI, LangChain",53822,122124
Smith-Coleman,E-commerce,ML Engineer,"NumPy, SQL, Flask, Power BI, GCP",Senior,Remote,"Lake Scottfort, GN",2023-11-22,Startup,"Scikit-learn, MLflow, BigQuery",107790,178747
"Rose, Johnson and Cook",Healthcare,Data Scientist,"PyTorch, AWS, Flask, Scikit-learn",Entry,Full-time,"West Mariaberg, HU",2024-12-16,Mid,"BigQuery, TensorFlow",138168,154475
Davies-Vazquez,Finance,Computer Vision Engineer,"Excel, Power BI, C++, R, Hugging Face, SQL",Entry,Remote,"Karenborough, LK",2024-03-25,Startup,"FastAPI, BigQuery",129072,155706
"Frazier, Torres and Humphrey",Finance,Computer Vision Engineer,"Python, R, Flask",Mid,Contract,"Michaelstad, HN",2024-06-23,Startup,"TensorFlow, KDB+",117435,157783
Chen and Sons,Education,Data Scientist,"PyTorch, SQL, CUDA, Excel",Mid,Full-time,"South Kristymouth, SI",2024-05-13,Startup,"KDB+, BigQuery",104274,137730
"Kramer, Mccall and Simpson",Retail,ML Engineer,"Python, Excel, MLflow",Senior,Contract,"Brianfort, BD",2025-03-29,Startup,"TensorFlow, LangChain",72786,95785
Lee LLC,E-commerce,AI Product Manager,"NumPy, R, Reinforcement Learning, Pandas, AWS, SQL",Mid,Remote,"Watkinston, MM",2024-04-14,Large,"MLflow, BigQuery, KDB+",108949,171824
Bennett-Johnson,Finance,AI Researcher,"CUDA, GCP, Flask, Excel",Senior,Internship,"West Katherineview, GR",2024-04-14,Startup,"BigQuery, LangChain",89875,110549
Butler-Reese,Finance,ML Engineer,"TensorFlow, C++, Excel, LangChain, Power BI, Azure",Senior,Internship,"Port Connieville, FR",2024-03-28,Large,FastAPI,146648,220198
Hernandez-Schwartz,Automotive,Computer Vision Engineer,"PyTorch, Power BI, LangChain, Keras",Senior,Contract,"South Annafort, KI",2024-03-17,Startup,"LangChain, MLflow, FastAPI",55334,92646
"Reynolds, James and Holland",Healthcare,AI Researcher,"FastAPI, Pandas, CUDA, C++, AWS, Hugging Face",Entry,Remote,"Wrightton, NL",2024-09-01,Startup,"MLflow, PyTorch, TensorFlow",121991,217004
Peterson Inc,Healthcare,AI Product Manager,"Excel, NumPy, C++, Pandas",Entry,Internship,"Michaelmouth, BH",2025-05-20,Startup,"KDB+, PyTorch",137005,199493
"Johnson, Gomez and Simpson",Retail,ML Engineer,"TensorFlow, Hugging Face, R",Mid,Remote,"Yangstad, BE",2024-12-13,Mid,Scikit-learn,137915,213509
"Hughes, Hoover and Reyes",Education,Data Scientist,"GCP, SQL, NumPy, Python, Azure",Entry,Remote,"South Jason, SY",2025-08-04,Startup,"MLflow, FastAPI, PyTorch",93505,184085
Ibarra-Garcia,Finance,NLP Engineer,"Hugging Face, SQL, Azure, LangChain, AWS, NumPy",Senior,Remote,"Armstrongburgh, LR",2024-11-05,Mid,"BigQuery, TensorFlow",146642,193936
Stafford Ltd,Retail,AI Researcher,"C++, Keras, SQL, R, AWS",Senior,Contract,"Lake Andrewstad, PG",2025-02-21,Mid,"KDB+, Scikit-learn",53382,107955
Roberts-Green,Education,AI Product Manager,"Pandas, GCP, Azure, LangChain, CUDA",Mid,Full-time,"Jonesmouth, ER",2024-11-22,Startup,KDB+,111712,179464
Graham-Cruz,Retail,NLP Engineer,"R, Azure, Hugging Face, C++, PyTorch, AWS",Mid,Full-time,"Port Pamela, BO",2024-07-09,Mid,"PyTorch, BigQuery, TensorFlow",45412,84249
"Hernandez, Carrillo and Garza",Retail,Computer Vision Engineer,"NumPy, Azure, PyTorch, Python, Pandas, R",Entry,Internship,"East Glennville, MH",2024-08-31,Mid,TensorFlow,95581.5,151635
"Kelley, Mathews and Serrano",Tech,Computer Vision Engineer,"Power BI, R, NumPy",Entry,Contract,"Whitestad, TV",2025-05-25,Mid,"PyTorch, KDB+, BigQuery",132679,198491
Norton-White,Tech,ML Engineer,"Azure, MLflow, Scikit-learn, TensorFlow",Mid,Contract,"Bishopstad, MU",2025-04-30,Large,"KDB+, PyTorch, TensorFlow",108752,184389
Leonard-Cooper,Retail,ML Engineer,"TensorFlow, LangChain, Hugging Face",Senior,Internship,"South Nicolasshire, NA",2024-10-28,Large,"Scikit-learn, KDB+, FastAPI",146465,217937
"Patel, Davis and Anderson",E-commerce,Computer Vision Engineer,"Scikit-learn, LangChain, Power BI, TensorFlow",Entry,Internship,"Port Kevin, FJ",2024-08-11,Startup,FastAPI,95581.5,151635
"White, Valencia and Humphrey",Education,ML Engineer,"TensorFlow, CUDA, Excel, C++, Pandas",Entry,Internship,"West Lori, VA",2024-08-31,Startup,"FastAPI, MLflow",115045,199831
Taylor PLC,Automotive,Data Analyst,"GCP, Keras, Hugging Face, TensorFlow, SQL",Senior,Internship,"West Whitney, BW",2023-12-25,Large,PyTorch,135301,224073
White-Hayes,Education,NLP Engineer,"LangChain, Hugging Face, NumPy",Entry,Full-time,"West William, MM",2025-03-29,Mid,"KDB+, Scikit-learn",77322,156137
Hill Inc,Healthcare,ML Engineer,"Excel, PyTorch, TensorFlow",Entry,Contract,"West Margaretland, SI",2024-07-16,Large,TensorFlow,87528,177503
Mcdowell-Thompson,E-commerce,Computer Vision Engineer,"Python, LangChain, SQL, TensorFlow, Excel",Mid,Full-time,"Nathanville, GH",2024-08-08,Startup,TensorFlow,100842,113216
Hampton-Brooks,Tech,AI Product Manager,"SQL, CUDA, Flask, MLflow, TensorFlow",Mid,Full-time,"North Sheryltown, IQ",2024-11-04,Mid,"Scikit-learn, FastAPI, LangChain",95461,161157
Hartman Inc,E-commerce,Data Scientist,"Excel, Azure, FastAPI, LangChain, GCP",Entry,Remote,"Shannonfort, ZM",2023-09-30,Large,"Scikit-learn, LangChain, FastAPI",40926,133520
"Gray, Gonzalez and Moore",Automotive,AI Researcher,"PyTorch, Excel, CUDA, Keras",Mid,Remote,"Susanland, JO",2024-04-01,Large,"LangChain, FastAPI",145229,207174
Mcgee and Sons,Tech,NLP Engineer,"MLflow, AWS, CUDA, Hugging Face, FastAPI, NumPy",Mid,Internship,"Lopezville, TW",2024-02-04,Mid,"FastAPI, KDB+",95581.5,151635
Zimmerman-Becker,Finance,AI Product Manager,"PyTorch, Hugging Face, MLflow, R, Keras, Reinforcement Learning",Entry,Contract,"Jamiestad, KE",2024-09-22,Large,"BigQuery, PyTorch, TensorFlow",123318,209284
Bray-Hayden,Finance,ML Engineer,"Pandas, CUDA, GCP, TensorFlow",Entry,Contract,"Cruzhaven, KI",2024-11-22,Startup,BigQuery,48577,77587
"Adams, Mitchell and Stanley",E-commerce,Data Analyst,"MLflow, Power BI, Pandas, SQL",Senior,Full-time,"South Marissa, CZ",2025-07-25,Large,Scikit-learn,45866,83992
Cameron Group,Automotive,Quant Researcher,"PyTorch, AWS, SQL",Senior,Remote,"Franciscofort, MT",2023-09-27,Mid,"FastAPI, BigQuery",82486,107941
Crawford Ltd,Tech,Data Analyst,"Excel, NumPy, R, TensorFlow",Senior,Contract,"East Brian, UZ",2024-02-24,Large,PyTorch,97109,162991
"Nunez, Reed and Dominguez",Finance,Data Analyst,"Excel, Pandas, AWS, MLflow",Senior,Internship,"Port Stacyville, AO",2023-12-09,Mid,"KDB+, MLflow, TensorFlow",68376,111383
Martinez-Jacobs,Automotive,AI Researcher,"Keras, Flask, NumPy",Entry,Full-time,"North Josephhaven, CZ",2025-06-09,Mid,"FastAPI, KDB+, MLflow",112752,194703
Smith-Jones,Automotive,Quant Researcher,"Reinforcement Learning, Power BI, SQL, MLflow, Excel, Scikit-learn",Entry,Contract,"Ramirezville, IT",2024-10-12,Startup,"Scikit-learn, MLflow",126011,222919
Davis Inc,Tech,AI Product Manager,"SQL, AWS, Python",Mid,Contract,"Lake Reneefurt, NG",2025-08-09,Startup,"Scikit-learn, BigQuery",143118,197899
Taylor and Sons,Finance,ML Engineer,"AWS, GCP, Reinforcement Learning, Pandas, C++, NumPy",Entry,Full-time,"West Robertborough, UG",2024-08-30,Mid,LangChain,80005,164440
Burns-Lewis,Tech,ML Engineer,"R, Azure, Python",Senior,Contract,"West Austinland, JO",2024-11-18,Startup,"BigQuery, KDB+",65236,112321
Khan Inc,Retail,Quant Researcher,"Scikit-learn, Reinforcement Learning, Pandas, LangChain, Python, CUDA",Senior,Full-time,"Ashleyview, KR",2025-06-03,Startup,"KDB+, Scikit-learn",106312,133726
"Hall, Golden and Randall",Healthcare,Quant Researcher,"Hugging Face, LangChain, Keras, NumPy",Mid,Full-time,"North Susanfort, CO",2023-09-26,Startup,"FastAPI, KDB+",70970,130168
Anderson Inc,Tech,AI Researcher,"NumPy, LangChain, MLflow, CUDA, TensorFlow",Mid,Contract,"East Alyssaland, SM",2024-01-21,Startup,MLflow,79563,160638
Harris and Sons,E-commerce,Data Analyst,"NumPy, Python, Pandas",Entry,Internship,"Amandabury, GW",2025-05-26,Mid,"PyTorch, Scikit-learn, BigQuery",142504,235377
"Thomas, Horton and Evans",Retail,Computer Vision Engineer,"MLflow, Keras, Hugging Face, Scikit-learn, R",Mid,Contract,"Ellisonland, LI",2025-02-04,Large,TensorFlow,134914,192870
Lee Group,Automotive,NLP Engineer,"MLflow, Scikit-learn, SQL",Senior,Full-time,"North Hollyport, JP",2025-06-23,Startup,FastAPI,110442,136014
Coleman-Brown,Tech,Data Scientist,"TensorFlow, Reinforcement Learning, Python, AWS, Pandas, Power BI",Entry,Full-time,"South Brooketon, LT",2024-08-11,Large,"TensorFlow, KDB+, Scikit-learn",108092,149127
"Walker, Miller and Williams",Automotive,Data Analyst,"NumPy, FastAPI, PyTorch",Entry,Internship,"New Jonathanview, ME",2023-11-14,Startup,"KDB+, TensorFlow, Scikit-learn",130779,223455
Graham Group,Automotive,AI Researcher,"TensorFlow, MLflow, SQL, Flask, CUDA, C++",Mid,Full-time,"South Marcport, NI",2023-10-17,Large,"KDB+, PyTorch",91255,112451
Wilcox-Orozco,Retail,Data Scientist,"LangChain, Hugging Face, Excel, Reinforcement Learning, Python",Entry,Internship,"Stuartbury, DM",2023-09-25,Large,"TensorFlow, BigQuery",90879,135247
Fry-Sanders,Finance,Quant Researcher,"Excel, Pandas, NumPy, Azure",Mid,Internship,"Port Christinaburgh, TV",2024-09-16,Mid,FastAPI,115822,145532
"Herrera, Dean and Wright",Retail,AI Researcher,"Power BI, C++, Excel, PyTorch, Pandas",Entry,Contract,"Roachchester, VU",2024-10-23,Mid,"MLflow, LangChain, Scikit-learn",83481,125210
Black Ltd,Education,ML Engineer,"LangChain, Flask, Pandas",Senior,Full-time,"Angelafurt, GN",2024-09-06,Startup,BigQuery,99587,178090
Maldonado-Reyes,E-commerce,AI Product Manager,"NumPy, MLflow, TensorFlow, GCP, Reinforcement Learning, R",Mid,Internship,"Nicholasstad, NO",2023-11-20,Mid,"Scikit-learn, FastAPI",58111,109668
Jones-Jordan,Tech,ML Engineer,"Hugging Face, PyTorch, CUDA, MLflow",Senior,Contract,"Walkerport, NR",2025-04-01,Large,"Scikit-learn, TensorFlow, MLflow",43453,96389
Stafford-Fuller,E-commerce,Computer Vision Engineer,"MLflow, Pandas, GCP",Entry,Remote,"New Danielville, ZA",2024-08-14,Large,"PyTorch, KDB+",118748,154255
"Dickerson, Tate and Mason",Retail,AI Product Manager,"Python, C++, CUDA, Excel, SQL, TensorFlow",Entry,Internship,"Booneshire, FI",2025-09-11,Large,"LangChain, KDB+, BigQuery",95581.5,151635
Anderson-Glenn,Education,AI Researcher,"NumPy, C++, Flask, AWS, Power BI",Entry,Internship,"Jessemouth, MK",2024-10-19,Startup,"MLflow, LangChain, Scikit-learn",112925,176100
"Elliott, Campbell and Moore",Retail,Data Analyst,"AWS, Excel, NumPy, Flask, TensorFlow, Keras",Entry,Internship,"Harriston, GE",2023-11-02,Startup,"Scikit-learn, BigQuery",117216,164983
"Garcia, Murphy and Clark",Retail,Data Scientist,"Scikit-learn, NumPy, Reinforcement Learning, C++, LangChain",Mid,Contract,"Payneburgh, BS",2024-10-28,Startup,"BigQuery, TensorFlow",108484,157131
Allen-Sutton,Tech,Quant Researcher,"TensorFlow, R, Python",Senior,Internship,"South Kaitlyn, BF",2024-04-08,Mid,"MLflow, KDB+",77543,158349
"Snow, Welch and Meyer",Finance,AI Researcher,"NumPy, TensorFlow, CUDA",Entry,Remote,"South Thomasbury, NA",2024-11-27,Mid,"FastAPI, LangChain, PyTorch",41105,131816
Farley LLC,Retail,ML Engineer,"Reinforcement Learning, Flask, TensorFlow",Entry,Remote,"Garciaberg, VE",2025-05-11,Large,FastAPI,119337,197693
Smith Group,Automotive,Quant Researcher,"SQL, TensorFlow, CUDA",Mid,Contract,"East Nicholas, BT",2025-03-11,Large,MLflow,110827,196005
Suarez Group,Education,NLP Engineer,"Flask, C++, LangChain, AWS, Keras, GCP",Mid,Contract,"Coxland, CV",2025-03-15,Large,"FastAPI, LangChain",68942,151892
"Haas, Bryant and Scott",Automotive,Data Analyst,"Reinforcement Learning, C++, MLflow",Mid,Remote,"Connorport, BI",2024-01-06,Large,"FastAPI, LangChain",132080,194071
Hernandez-Rodriguez,Retail,Data Scientist,"GCP, C++, CUDA, LangChain",Entry,Full-time,"Jesseshire, GY",2025-06-14,Large,"TensorFlow, FastAPI",78884,141741
"Robbins, Hall and Barnett",Automotive,Computer Vision Engineer,"Keras, R, CUDA, NumPy",Entry,Internship,"Lake Sarabury, JO",2023-11-16,Large,"Scikit-learn, TensorFlow",109567,153916
Johnson-Kelly,Healthcare,AI Researcher,"NumPy, Reinforcement Learning, FastAPI, GCP, AWS",Entry,Internship,"Lake Vickibury, MG",2025-03-04,Large,TensorFlow,48357,117638
"Cardenas, Kemp and Roberts",Tech,Computer Vision Engineer,"R, Pandas, Flask",Mid,Contract,"Lake Moniquemouth, PL",2023-11-08,Large,FastAPI,99903,116196
Henry-Mason,Automotive,Computer Vision Engineer,"SQL, GCP, Reinforcement Learning, Python, Power BI, R",Mid,Internship,"Bentonhaven, KR",2025-04-23,Large,MLflow,84022,154182
Miller PLC,Healthcare,NLP Engineer,"TensorFlow, Reinforcement Learning, Python, C++, CUDA",Entry,Internship,"Lake Jamestown, MU",2024-04-19,Mid,"PyTorch, TensorFlow, Scikit-learn",90182,127387
Hopkins-Smith,Retail,ML Engineer,"PyTorch, Azure, GCP, Python, AWS, Power BI",Senior,Full-time,"Pricefurt, ZW",2025-02-07,Startup,BigQuery,63292,75056
Miller-Riley,Automotive,AI Product Manager,"Keras, Reinforcement Learning, MLflow",Entry,Full-time,"Smithstad, NG",2025-06-02,Mid,KDB+,55596,70304
Bauer Group,E-commerce,ML Engineer,"PyTorch, Keras, R, Excel",Entry,Internship,"Hortonbury, BR",2024-11-07,Mid,"MLflow, PyTorch",98886,175351
Downs-Griffin,Tech,Quant Researcher,"Excel, C++, Hugging Face, R",Senior,Full-time,"Austinport, PL",2023-10-23,Startup,"TensorFlow, MLflow, Scikit-learn",95671,135465
"Hunt, Ortiz and Erickson",E-commerce,AI Product Manager,"LangChain, Azure, Python",Senior,Internship,"Lake Laurenville, IS",2024-09-08,Startup,"KDB+, PyTorch, FastAPI",95581.5,151635
"Sanchez, Jackson and Fernandez",Tech,Computer Vision Engineer,"SQL, FastAPI, Excel, Keras",Entry,Internship,"Lake Antonio, TR",2024-05-30,Startup,"Scikit-learn, MLflow",84637,101116
Ward LLC,Automotive,Quant Researcher,"Keras, C++, Pandas, CUDA, LangChain",Senior,Remote,"North Shawnside, BT",2024-02-03,Large,"FastAPI, KDB+, Scikit-learn",68935,104191
"James, Pearson and Roth",Healthcare,Computer Vision Engineer,"Flask, TensorFlow, SQL, Pandas",Mid,Internship,"Bentleyville, FI",2024-01-20,Large,"BigQuery, FastAPI, LangChain",65508,132502
Woodard Inc,Retail,AI Product Manager,"Pandas, NumPy, Excel",Mid,Internship,"Mcphersonbury, SM",2024-03-18,Mid,TensorFlow,56129,112048
Perry-Mcmahon,Finance,ML Engineer,"SQL, Power BI, Reinforcement Learning, Keras",Mid,Contract,"Knightville, CR",2024-10-13,Large,"Scikit-learn, TensorFlow, FastAPI",85447,134543
"Galloway, Jordan and Cox",Retail,AI Researcher,"MLflow, SQL, Excel",Mid,Internship,"North Tina, NG",2024-04-23,Mid,"FastAPI, LangChain, TensorFlow",130152,188601
Jensen-Harris,Retail,Data Analyst,"Excel, GCP, Reinforcement Learning, Hugging Face, CUDA, Python",Entry,Remote,"South Patriciaburgh, TT",2025-04-09,Startup,"Scikit-learn, KDB+",141832,204974
Hurley Ltd,E-commerce,Data Analyst,"Power BI, MLflow, Reinforcement Learning",Entry,Internship,"West Timothystad, ZM",2025-01-11,Startup,"KDB+, PyTorch",146129,175662
Waters Group,Retail,ML Engineer,"R, Pandas, NumPy",Senior,Full-time,"Port Ryan, GM",2023-11-17,Large,TensorFlow,96885,106999
Curry PLC,Finance,Quant Researcher,"NumPy, Excel, Reinforcement Learning, Python, SQL",Entry,Remote,"Port Rebeccahaven, MN",2025-05-04,Large,KDB+,104902,195443
Reynolds-Castillo,Healthcare,AI Researcher,"NumPy, Flask, C++",Entry,Contract,"Josephfort, KN",2024-08-02,Large,PyTorch,90748,177223
"Gordon, Rose and Byrd",Retail,AI Researcher,"MLflow, Power BI, Keras, Flask, CUDA",Entry,Internship,"South Alexis, CV",2024-04-10,Mid,"Scikit-learn, KDB+, BigQuery",88375,109142
"Andersen, Rose and Scott",Healthcare,AI Product Manager,"Scikit-learn, TensorFlow, Excel, CUDA",Mid,Contract,"Port Justinfort, NR",2023-11-20,Startup,"MLflow, PyTorch, FastAPI",70090,136849
Ross Group,E-commerce,AI Product Manager,"LangChain, NumPy, C++",Entry,Contract,"South Joelport, AU",2024-04-14,Startup,"PyTorch, TensorFlow, KDB+",95361,189634
"Myers, Bradley and Gilmore",Finance,NLP Engineer,"GCP, CUDA, NumPy, Azure",Mid,Remote,"Charlesside, MH",2024-06-12,Startup,PyTorch,41043,121192
Mack and Sons,Automotive,AI Researcher,"Reinforcement Learning, NumPy, Power BI",Senior,Internship,"North Jayberg, PY",2025-01-25,Mid,"MLflow, BigQuery",51739,81068
Bartlett PLC,Education,Computer Vision Engineer,"FastAPI, NumPy, Excel, Flask",Mid,Remote,"West Bailey, BE",2023-09-28,Mid,"PyTorch, Scikit-learn, TensorFlow",136245,158942
Thompson LLC,Education,Data Scientist,"FastAPI, NumPy, Reinforcement Learning, Pandas, R",Mid,Remote,"Hortonmouth, MX",2024-12-06,Large,"TensorFlow, FastAPI",94816,180325
"Crawford, Schmidt and Gonzalez",Retail,AI Product Manager,"LangChain, PyTorch, Scikit-learn, NumPy, SQL, Flask",Entry,Internship,"Whitneyport, TN",2023-10-05,Startup,"Scikit-learn, KDB+",139236,202150
"Watson, Richardson and Baker",Retail,AI Researcher,"Keras, Scikit-learn, Pandas",Mid,Remote,"Hamiltonville, VE",2024-10-11,Mid,"BigQuery, PyTorch, MLflow",67231,93957
"Ruiz, Johnson and Christensen",E-commerce,ML Engineer,"Pandas, LangChain, AWS, Hugging Face",Entry,Contract,"Port Shane, ML",2024-08-09,Mid,LangChain,137964,170457
Hernandez Ltd,Education,Data Scientist,"Azure, CUDA, GCP, TensorFlow, C++",Entry,Internship,"Chavezchester, CU",2024-09-15,Large,"FastAPI, PyTorch, BigQuery",95174,127901
"Richmond, Jones and Reilly",Education,ML Engineer,"Python, Excel, Azure, PyTorch",Senior,Full-time,"Royborough, AG",2025-08-03,Large,KDB+,139025,163828
Martinez Inc,Finance,AI Researcher,"GCP, Flask, PyTorch",Senior,Remote,"Port Timothy, NA",2025-02-07,Startup,"PyTorch, KDB+",95581.5,151635
Fisher Group,Retail,AI Product Manager,"SQL, Hugging Face, R, Python, Azure, LangChain",Mid,Remote,"Richardsonburgh, TH",2025-02-09,Mid,KDB+,123917,215224
"Jones, Crawford and Kelly",Tech,Data Scientist,"MLflow, Azure, Hugging Face",Entry,Internship,"East Ashleychester, NO",2025-04-30,Startup,"MLflow, LangChain, BigQuery",112129,134693
"Boyd, Howard and Morgan",E-commerce,Quant Researcher,"Power BI, Hugging Face, Flask, Keras, Reinforcement Learning, SQL",Entry,Internship,"Lake Sarahfort, MX",2025-08-31,Mid,BigQuery,93495,121455
Wood Inc,Retail,Data Scientist,"Hugging Face, Scikit-learn, LangChain, TensorFlow, Excel",Mid,Remote,"Brownberg, AL",2024-08-12,Large,Scikit-learn,93984,115685
"Jackson, Yang and Freeman",Automotive,Data Scientist,"Python, Keras, PyTorch, Reinforcement Learning, SQL, R",Entry,Internship,"East Wendyville, NR",2024-12-01,Large,TensorFlow,141497,186741
Martin PLC,Finance,NLP Engineer,"C++, MLflow, Reinforcement Learning, TensorFlow, GCP, Flask",Senior,Internship,"Lewisville, KP",2025-08-08,Startup,"BigQuery, MLflow, Scikit-learn",108227,170108
"Burns, Suarez and Morrison",Tech,Data Scientist,"SQL, Flask, LangChain, Excel, Python",Senior,Contract,"West Kyle, FM",2024-03-18,Startup,"Scikit-learn, LangChain, KDB+",46507,95380
"Russo, Sharp and Bailey",Tech,ML Engineer,"MLflow, Python, R, AWS, Hugging Face, Scikit-learn",Senior,Remote,"Port Bryanview, GE",2024-08-23,Large,"KDB+, BigQuery, Scikit-learn",95581.5,151635
"Estrada, Smith and Baldwin",E-commerce,AI Researcher,"Excel, AWS, PyTorch, GCP, NumPy, Reinforcement Learning",Senior,Contract,"Robertshire, NE",2025-07-27,Mid,"FastAPI, MLflow, KDB+",116988,142045
"Gregory, Nelson and Smith",Healthcare,Quant Researcher,"GCP, NumPy, Hugging Face",Entry,Internship,"Ronaldland, AD",2024-07-18,Large,"Scikit-learn, LangChain",95581.5,151635
Houston-Miller,Retail,AI Product Manager,"NumPy, Azure, AWS, Keras, R",Entry,Remote,"East Michaelberg, BY",2024-12-17,Mid,"LangChain, BigQuery, MLflow",102358,113016
"Smith, Wallace and Garza",Retail,Computer Vision Engineer,"LangChain, PyTorch, AWS, Power BI, R",Mid,Contract,"Andersonberg, GD",2025-02-25,Startup,MLflow,124228,223625
Ford Inc,Finance,AI Researcher,"C++, FastAPI, Power BI, SQL, AWS, Reinforcement Learning",Senior,Full-time,"Petersonburgh, DZ",2025-09-01,Mid,FastAPI,95581.5,151635
"Meadows, Wilkinson and Palmer",Retail,Data Analyst,"Keras, SQL, TensorFlow",Entry,Internship,"Rhondafurt, IQ",2025-04-04,Startup,"BigQuery, TensorFlow",53005,135645
Hess and Sons,Healthcare,AI Researcher,"NumPy, Excel, TensorFlow",Senior,Internship,"Lake Jameston, GR",2025-03-21,Mid,LangChain,112949,150069
Grimes-Sullivan,Healthcare,NLP Engineer,"SQL, NumPy, Keras",Mid,Internship,"Beckerberg, MA",2025-05-08,Large,"Scikit-learn, FastAPI, LangChain",53274,85457
"Weeks, Williams and Smith",Finance,NLP Engineer,"Keras, Pandas, MLflow",Mid,Contract,"North Kevinshire, RU",2025-04-21,Startup,"FastAPI, KDB+",95581.5,151635
Mcguire-Hayes,Tech,Data Scientist,"Keras, Flask, Scikit-learn, Reinforcement Learning, Power BI, AWS",Senior,Internship,"Jenniferborough, CD",2024-04-06,Mid,"MLflow, Scikit-learn, BigQuery",80834,133992
"Williams, Adams and Dominguez",Retail,Data Scientist,"SQL, CUDA, Flask",Entry,Full-time,"West Cathy, NO",2024-05-21,Mid,"Scikit-learn, BigQuery, MLflow",143635,176509
Buchanan-James,Education,AI Product Manager,"Flask, Scikit-learn, GCP, TensorFlow, NumPy",Entry,Full-time,"Lake Jacobport, SY",2023-11-09,Startup,KDB+,67463,117748
Hall-Wilcox,Education,ML Engineer,"Reinforcement Learning, FastAPI, R, Azure, PyTorch, Scikit-learn",Entry,Internship,"Jasontown, TV",2024-11-18,Mid,"BigQuery, PyTorch, FastAPI",139626,171708
"Brown, Gallagher and Scott",Healthcare,Data Analyst,"Excel, TensorFlow, SQL, Power BI, LangChain, Scikit-learn",Entry,Contract,"Powersfort, BB",2025-01-11,Mid,"BigQuery, PyTorch, KDB+",119828,147857
Miller-Cole,Retail,ML Engineer,"CUDA, C++, Azure, FastAPI, PyTorch",Entry,Contract,"Mirandatown, GR",2024-08-21,Large,"BigQuery, MLflow, TensorFlow",76830,109934
Fox Ltd,Automotive,Computer Vision Engineer,"Python, GCP, NumPy",Entry,Internship,"Whiteton, BS",2023-10-22,Large,"MLflow, Scikit-learn",94999,172683
Odonnell Group,Retail,NLP Engineer,"C++, Excel, NumPy, Pandas, TensorFlow",Entry,Full-time,"Kaylaport, LC",2024-12-03,Large,"LangChain, PyTorch, MLflow",95581.5,151635
Schultz Inc,Automotive,Data Analyst,"SQL, C++, Flask, Scikit-learn, Power BI, R",Entry,Remote,"Rileyville, QA",2024-08-16,Large,LangChain,104785,143093
"Robinson, Espinoza and Garcia",Finance,Data Scientist,"NumPy, Python, PyTorch, C++, AWS",Senior,Internship,"New Robyn, YE",2024-05-09,Large,"Scikit-learn, BigQuery, KDB+",42308,86646
"Henson, Sawyer and Gordon",Retail,Computer Vision Engineer,"NumPy, R, AWS, TensorFlow",Mid,Internship,"Brownmouth, ME",2023-12-30,Large,"LangChain, KDB+, PyTorch",91659,186622
Rodriguez-Morales,Finance,AI Product Manager,"FastAPI, MLflow, Flask",Senior,Contract,"Wandamouth, MY",2025-03-22,Startup,"PyTorch, KDB+",100619,133109
"Munoz, Parker and Marsh",E-commerce,ML Engineer,"NumPy, FastAPI, LangChain, Python",Entry,Remote,"Nicoleside, CD",2025-03-11,Large,"LangChain, Scikit-learn, MLflow",99808,170989
Collins Ltd,Automotive,NLP Engineer,"Excel, AWS, SQL, CUDA",Entry,Remote,"Kennedymouth, MG",2024-03-19,Mid,"MLflow, FastAPI",90343,162855
Sanchez-Camacho,Finance,NLP Engineer,"Azure, NumPy, Pandas, MLflow",Senior,Contract,"Port Michael, CH",2025-03-12,Mid,Scikit-learn,75703,128358
Paul-Ellis,Education,Computer Vision Engineer,"R, SQL, C++, FastAPI",Entry,Internship,"Ayalaland, VA",2025-08-05,Mid,"LangChain, TensorFlow",83952,144284
Church LLC,Automotive,AI Researcher,"Pandas, GCP, CUDA, NumPy, AWS",Mid,Remote,"Melissaburgh, AL",2024-01-01,Large,PyTorch,95581.5,151635
"Holt, Carlson and Shaffer",Finance,NLP Engineer,"AWS, SQL, GCP, NumPy, CUDA, Azure",Entry,Internship,"New Anthonyport, SC",2024-01-05,Large,"TensorFlow, FastAPI",144735,236116
Wells and Sons,Finance,Data Analyst,"Power BI, MLflow, Python, PyTorch, Scikit-learn",Entry,Full-time,"South Jillside, CG",2024-12-19,Startup,KDB+,95581.5,151635
Gomez-Anderson,Education,Data Analyst,"Power BI, Scikit-learn, R",Mid,Internship,"New Jennifer, ZW",2025-05-20,Large,"LangChain, Scikit-learn, PyTorch",147137,193127
Robinson Group,E-commerce,ML Engineer,"Keras, MLflow, AWS, SQL, Excel",Entry,Contract,"Port Haleyport, KE",2025-09-04,Startup,FastAPI,52210,134651
Klein-Ramirez,Healthcare,ML Engineer,"CUDA, Excel, C++",Senior,Internship,"Davishaven, MW",2025-09-06,Startup,"KDB+, FastAPI",65715,150039
Obrien-Kelley,E-commerce,Quant Researcher,"LangChain, R, Keras, Python, TensorFlow, Excel",Mid,Full-time,"East Katiemouth, SA",2024-06-23,Mid,LangChain,133828,174215
Hernandez LLC,Automotive,Quant Researcher,"TensorFlow, Reinforcement Learning, LangChain",Entry,Remote,"Sherrimouth, GA",2025-04-06,Large,FastAPI,70866,151464
Bryan Inc,Tech,Data Scientist,"Azure, Flask, Scikit-learn, Keras, NumPy, FastAPI",Entry,Contract,"Nguyenmouth, SK",2025-08-10,Large,"MLflow, Scikit-learn",95581.5,151635
Anderson PLC,E-commerce,AI Product Manager,"Flask, LangChain, Power BI, Azure",Entry,Full-time,"Lake Davidfort, BD",2024-06-29,Large,"KDB+, LangChain",58910,129962
Evans Group,Finance,NLP Engineer,"FastAPI, Hugging Face, Pandas, LangChain",Senior,Internship,"Kylieside, MM",2024-02-19,Startup,Scikit-learn,127058,168678
Garcia Inc,E-commerce,Data Scientist,"NumPy, Pandas, CUDA, AWS",Mid,Contract,"West Sonya, GN",2025-03-20,Startup,BigQuery,49767,101227
Bennett Inc,Finance,Quant Researcher,"Azure, LangChain, GCP, AWS, Flask",Senior,Contract,"Wrightville, IT",2024-05-25,Large,MLflow,146173,230184
Brown-Jones,Tech,ML Engineer,"Keras, SQL, Reinforcement Learning, Scikit-learn, GCP",Entry,Remote,"Johnsonside, BG",2025-02-21,Large,LangChain,88607,183164
"Irwin, Flores and Fowler",Retail,ML Engineer,"MLflow, NumPy, Flask, FastAPI, Hugging Face, PyTorch",Senior,Contract,"North Virginia, UZ",2025-02-14,Startup,"Scikit-learn, LangChain, BigQuery",147037,178287
"Olsen, Turner and Carpenter",Tech,Quant Researcher,"Excel, R, Hugging Face",Senior,Full-time,"East Michael, CH",2024-02-10,Mid,Scikit-learn,71180,170074
Gray-Simmons,Automotive,AI Researcher,"NumPy, PyTorch, C++, R, Azure",Entry,Contract,"South Mark, MK",2024-02-02,Large,"BigQuery, PyTorch",130422,190384
Garcia-Obrien,Retail,AI Researcher,"Excel, Keras, GCP, FastAPI, Pandas, NumPy",Mid,Internship,"Kimberlychester, BI",2025-06-08,Startup,"BigQuery, Scikit-learn",50046,107439
Travis-Murphy,Finance,Computer Vision Engineer,"NumPy, Hugging Face, Python",Entry,Full-time,"North Dennisview, CU",2025-06-20,Mid,"MLflow, Scikit-learn",77419,146607
Perez Inc,Healthcare,NLP Engineer,"Azure, GCP, Hugging Face",Entry,Full-time,"Nicolastown, SG",2023-10-12,Mid,LangChain,111527,151917
Owen-Lopez,Automotive,Data Scientist,"Python, FastAPI, Pandas, LangChain, Hugging Face, Power BI",Mid,Internship,"Walkerton, UG",2025-04-22,Startup,FastAPI,70421,88423
"Ashley, Owens and Garcia",E-commerce,ML Engineer,"FastAPI, LangChain, Hugging Face, AWS, Keras",Entry,Remote,"Lake Davidport, PG",2025-06-12,Large,BigQuery,95581.5,151635
Miranda Group,Retail,NLP Engineer,"Excel, R, NumPy, SQL",Entry,Internship,"Lake Sarahmouth, BI",2025-01-05,Startup,Scikit-learn,105588,129620
Carter Inc,E-commerce,Quant Researcher,"NumPy, PyTorch, Excel, Python, Scikit-learn",Entry,Internship,"Rosemouth, LU",2025-01-13,Startup,"MLflow, TensorFlow, PyTorch",46417,141320
Norton Ltd,Automotive,Computer Vision Engineer,"SQL, AWS, PyTorch, Scikit-learn",Mid,Remote,"Crystaltown, TL",2025-04-21,Startup,"KDB+, LangChain, BigQuery",63705,108066
Hernandez-Guerrero,Tech,AI Researcher,"AWS, Flask, NumPy",Senior,Contract,"Joshuamouth, GQ",2025-04-08,Mid,Scikit-learn,144068,203628
"Harris, Braun and Patton",Tech,Quant Researcher,"FastAPI, PyTorch, SQL, Reinforcement Learning, Power BI, TensorFlow",Senior,Internship,"Port Stacyberg, MC",2024-03-04,Mid,"BigQuery, KDB+, TensorFlow",112549,169557
Tate-Snow,Healthcare,Quant Researcher,"TensorFlow, FastAPI, SQL, Keras",Senior,Internship,"Port Katieborough, TD",2024-04-12,Mid,KDB+,129815,228735
Conner-Jones,Finance,Quant Researcher,"LangChain, Reinforcement Learning, SQL, Flask",Entry,Remote,"Jasonmouth, MX",2025-08-14,Startup,"FastAPI, Scikit-learn",119581,200017
Douglas-Ferguson,Retail,NLP Engineer,"Python, MLflow, CUDA, Excel, C++",Entry,Full-time,"Phillipsville, MN",2025-07-03,Large,"FastAPI, BigQuery",140552,177621
"Garcia, Moore and Fox",Automotive,Data Scientist,"Azure, FastAPI, Keras, SQL",Mid,Contract,"Craigmouth, VN",2024-07-28,Large,"TensorFlow, MLflow",115594,164198
Cooper-Bruce,E-commerce,AI Product Manager,"Hugging Face, SQL, MLflow, Scikit-learn, Power BI",Entry,Contract,"Andrewborough, MW",2024-07-24,Startup,BigQuery,79445,122162
Mcintyre-Wagner,Retail,ML Engineer,"Flask, Power BI, GCP, FastAPI, Hugging Face, AWS",Entry,Contract,"West Karamouth, CY",2025-02-02,Large,"Scikit-learn, FastAPI, LangChain",112049,152307
Jones-George,Tech,ML Engineer,"PyTorch, TensorFlow, FastAPI, C++, SQL, GCP",Senior,Remote,"South Kayla, ME",2024-06-14,Mid,Scikit-learn,142574,189997
Tapia Group,Retail,Data Analyst,"Flask, R, TensorFlow, Hugging Face, PyTorch",Entry,Remote,"West Stuart, AU",2025-08-08,Large,"LangChain, BigQuery, KDB+",104565,186039
Carpenter Group,Healthcare,Quant Researcher,"MLflow, CUDA, GCP",Entry,Internship,"Gonzalezville, HR",2023-12-11,Large,"LangChain, PyTorch, MLflow",90596,113378
Deleon-Lyons,E-commerce,NLP Engineer,"LangChain, Power BI, PyTorch, Pandas",Entry,Contract,"Josefurt, TO",2024-10-20,Startup,PyTorch,84913,135327
Petersen-Fuentes,Retail,AI Product Manager,"CUDA, LangChain, PyTorch",Entry,Internship,"West Curtiston, AF",2024-11-28,Large,MLflow,95581.5,151635
Bryant PLC,E-commerce,Computer Vision Engineer,"TensorFlow, CUDA, Pandas, Hugging Face, PyTorch, MLflow",Senior,Internship,"Austinville, MR",2023-10-21,Large,KDB+,128680,166841
"Long, Harrington and Bryant",Finance,NLP Engineer,"GCP, Pandas, R, Excel, Azure, PyTorch",Entry,Internship,"Lake Megan, MN",2023-10-03,Startup,"PyTorch, FastAPI, LangChain",96520,170352
Vaughn and Sons,E-commerce,Data Scientist,"GCP, CUDA, NumPy",Senior,Contract,"South Samanthabury, AR",2023-11-10,Startup,"LangChain, Scikit-learn",95581.5,151635
"Johnson, Yates and Lee",Tech,ML Engineer,"LangChain, Excel, Hugging Face",Senior,Internship,"Maryview, MW",2024-08-29,Startup,KDB+,46096,121946
Esparza-Chen,Education,AI Product Manager,"AWS, Excel, Keras, Scikit-learn",Senior,Contract,"Robertsport, SC",2025-09-01,Mid,TensorFlow,49743,85665
Hall-Lynn,Retail,ML Engineer,"Flask, MLflow, NumPy, Scikit-learn, CUDA",Entry,Internship,"New Kimberlyland, ZA",2025-07-10,Mid,BigQuery,60561,83066
Gutierrez-Flores,Automotive,ML Engineer,"NumPy, Keras, AWS, Python, LangChain, MLflow",Mid,Contract,"Crawfordtown, PY",2023-10-22,Mid,"BigQuery, LangChain, Scikit-learn",123480,196377
Stanley-Stone,E-commerce,AI Researcher,"Flask, LangChain, MLflow",Entry,Remote,"Silvafort, MZ",2024-02-27,Large,"LangChain, MLflow",49134,62088
"Jones, Allen and Horton",Finance,AI Researcher,"TensorFlow, Pandas, Keras, R",Entry,Full-time,"New Stevenfurt, JO",2023-12-10,Startup,PyTorch,146383,199913
White-Everett,Education,Quant Researcher,"LangChain, Keras, SQL, FastAPI, Azure",Entry,Internship,"Tracyborough, EG",2023-12-12,Startup,FastAPI,44419,65350
Mayo-Mullins,Automotive,AI Product Manager,"SQL, Pandas, FastAPI, C++, Keras, Python",Senior,Internship,"Lake Michaelberg, VC",2024-05-05,Startup,"MLflow, Scikit-learn, LangChain",48848,60982
Wiggins and Sons,Healthcare,Computer Vision Engineer,"LangChain, Power BI, MLflow",Mid,Full-time,"Yvettefort, AT",2025-07-05,Startup,"LangChain, BigQuery",93385,188098
"Larson, Vasquez and Bishop",Finance,AI Product Manager,"AWS, LangChain, FastAPI, C++, Python, CUDA",Entry,Full-time,"East Lorifort, JO",2024-10-22,Startup,"PyTorch, TensorFlow, LangChain",139966,204232
Carter-Pittman,E-commerce,Data Scientist,"PyTorch, C++, CUDA, MLflow, R, NumPy",Senior,Contract,"Baileyburgh, MG",2025-05-20,Large,"MLflow, FastAPI",97543,186865
Holmes-Sloan,Retail,ML Engineer,"Scikit-learn, Keras, Excel, PyTorch",Entry,Full-time,"Port Carmen, SB",2025-04-04,Startup,"KDB+, BigQuery",74682,90118
"Stevens, Smith and Mendez",Retail,AI Product Manager,"Azure, Power BI, GCP, LangChain",Entry,Internship,"Perkinstown, TN",2024-04-20,Large,"TensorFlow, LangChain, PyTorch",48904,148883
Pope Inc,Education,NLP Engineer,"Reinforcement Learning, TensorFlow, Pandas, FastAPI",Senior,Internship,"Pattonton, KZ",2024-01-28,Mid,"Scikit-learn, BigQuery, FastAPI",77036,123121
"Davis, Brown and Burke",E-commerce,Computer Vision Engineer,"Excel, Scikit-learn, GCP",Entry,Contract,"South Nathanielville, PG",2023-12-23,Large,BigQuery,99727,180257
Evans-Scott,Retail,Computer Vision Engineer,"MLflow, Pandas, Scikit-learn, AWS, Flask, FastAPI",Senior,Full-time,"Pearsonberg, TN",2024-01-06,Mid,LangChain,95581.5,151635
Owen Ltd,Finance,Data Analyst,"AWS, FastAPI, R, C++, Python, Reinforcement Learning",Senior,Full-time,"Sherriside, SN",2024-06-05,Mid,"LangChain, MLflow",113410,124488
"Lynn, Davenport and Gonzales",E-commerce,Data Analyst,"NumPy, Scikit-learn, FastAPI, Power BI, Pandas",Entry,Remote,"South Ryan, IQ",2024-05-08,Mid,PyTorch,145218,225247
Colon Ltd,Retail,ML Engineer,"Keras, C++, LangChain, AWS, Python, GCP",Mid,Internship,"Angelamouth, IQ",2023-10-03,Large,KDB+,99985,118835
Barnett-Boyer,Finance,Data Scientist,"Hugging Face, Pandas, Reinforcement Learning, C++, FastAPI",Entry,Full-time,"Lake Michelle, MW",2025-06-02,Startup,"LangChain, MLflow, Scikit-learn",56177,123724
Sanchez Inc,Tech,AI Product Manager,"LangChain, AWS, Reinforcement Learning, Hugging Face, FastAPI",Entry,Full-time,"Trevorhaven, BZ",2024-09-26,Startup,"PyTorch, Scikit-learn",133484,224807
"Anderson, Ortiz and Stanley",E-commerce,Data Analyst,"Azure, AWS, Reinforcement Learning",Senior,Remote,"Lake Andre, EG",2024-09-01,Mid,FastAPI,144347,187223
Parker PLC,Finance,NLP Engineer,"MLflow, Pandas, Keras",Mid,Internship,"North Laurenmouth, MM",2024-07-18,Large,PyTorch,83798,121933
Hernandez-Taylor,Automotive,Computer Vision Engineer,"PyTorch, CUDA, Azure, Pandas, Flask",Senior,Internship,"Shortburgh, CR",2025-03-14,Large,BigQuery,143575,159996
Cantu and Sons,Retail,Quant Researcher,"TensorFlow, FastAPI, Excel, GCP",Senior,Remote,"West Mary, TJ",2025-01-31,Startup,"Scikit-learn, TensorFlow, KDB+",95811,171383
"Harrington, Clark and Carter",E-commerce,Computer Vision Engineer,"Azure, R, MLflow, TensorFlow",Entry,Contract,"Warrenbury, WS",2024-01-24,Large,PyTorch,103575,118168
"Hernandez, Myers and Ward",Finance,NLP Engineer,"NumPy, LangChain, FastAPI, Reinforcement Learning, Flask",Mid,Internship,"Danielville, NE",2025-06-15,Startup,"BigQuery, KDB+, FastAPI",40745,127343
Price-Kelley,Healthcare,Quant Researcher,"MLflow, PyTorch, NumPy, TensorFlow",Entry,Internship,"Thomasfort, HN",2023-10-11,Large,"MLflow, TensorFlow",66473,78077
Lopez Group,Tech,NLP Engineer,"NumPy, TensorFlow, Keras, MLflow, CUDA, C++",Senior,Internship,"West Toddmouth, VA",2025-05-04,Large,"LangChain, BigQuery, KDB+",114324,162850
Kidd LLC,Retail,AI Product Manager,"CUDA, PyTorch, Reinforcement Learning, NumPy, AWS",Senior,Contract,"Jillport, US",2024-11-02,Large,"TensorFlow, Scikit-learn",81604,133314
"Williams, Poole and Anderson",Healthcare,Quant Researcher,"Power BI, Azure, Reinforcement Learning, R",Senior,Internship,"North Paige, BS",2024-09-09,Mid,"MLflow, KDB+, FastAPI",89096,179857
Mcdowell-Davis,E-commerce,Computer Vision Engineer,"Python, Reinforcement Learning, PyTorch, TensorFlow, Pandas, Power BI",Mid,Remote,"Lake Aliciaberg, MC",2023-11-06,Large,Scikit-learn,56260,87654
"Pineda, Williams and George",E-commerce,AI Researcher,"FastAPI, TensorFlow, Reinforcement Learning, Power BI, C++",Entry,Internship,"Port Richard, KE",2025-02-08,Large,"TensorFlow, FastAPI",49558,70064
Peck-Olson,Education,AI Product Manager,"C++, Power BI, LangChain, Azure, Pandas, TensorFlow",Entry,Full-time,"Johnsonport, IE",2024-11-03,Large,"MLflow, BigQuery, PyTorch",81542,177339
"Johnson, Hodge and Shaffer",Tech,AI Product Manager,"CUDA, PyTorch, GCP, C++",Entry,Full-time,"Port Jonathan, GR",2025-07-25,Startup,"FastAPI, TensorFlow",102091,163622
Carlson Group,E-commerce,NLP Engineer,"R, MLflow, Power BI, SQL, FastAPI",Senior,Remote,"Michaelfort, UA",2023-12-28,Startup,BigQuery,121879,190776
"Davis, Bailey and Hebert",E-commerce,Quant Researcher,"PyTorch, Keras, Azure, AWS, R, Reinforcement Learning",Senior,Internship,"Rayport, GM",2025-04-22,Mid,"Scikit-learn, MLflow",100499,194235
"Aguirre, Collins and Manning",Automotive,Data Scientist,"R, CUDA, C++, Excel",Mid,Remote,"Lake Ryan, RU",2023-10-03,Startup,"Scikit-learn, BigQuery, LangChain",93170,133713
"Freeman, Foley and Smith",Education,Quant Researcher,"Azure, Python, Flask, Power BI, NumPy, Excel",Entry,Internship,"Michaelview, VC",2025-08-17,Startup,LangChain,93116,182505
Acevedo-Frazier,Healthcare,Data Analyst,"Reinforcement Learning, Hugging Face, MLflow, CUDA",Senior,Internship,"Ellisport, CY",2024-01-04,Mid,"MLflow, BigQuery, PyTorch",134605,155059
Davis PLC,Finance,Computer Vision Engineer,"Reinforcement Learning, Azure, Hugging Face, LangChain, Pandas",Entry,Contract,"South Katherineton, LY",2024-08-05,Startup,"Scikit-learn, LangChain",135040,211350
Ford-Taylor,Healthcare,Computer Vision Engineer,"Azure, AWS, PyTorch, TensorFlow, GCP",Entry,Internship,"Lake Melissa, MV",2025-03-29,Startup,Scikit-learn,70699,105545
Sanchez LLC,Retail,Computer Vision Engineer,"R, Hugging Face, Flask",Entry,Internship,"South Jilltown, IQ",2025-06-14,Large,TensorFlow,49914,109366
Armstrong Inc,Healthcare,AI Researcher,"Reinforcement Learning, Power BI, MLflow, PyTorch, R, Pandas",Mid,Internship,"Davisstad, HN",2024-08-10,Startup,"Scikit-learn, FastAPI, LangChain",104664,167187
Gilbert Inc,E-commerce,Data Analyst,"Hugging Face, Flask, SQL, Scikit-learn, C++",Mid,Full-time,"New Megantown, BT",2024-12-01,Mid,"BigQuery, TensorFlow",95581.5,151635
Miller Ltd,Retail,Data Scientist,"FastAPI, Scikit-learn, SQL",Mid,Internship,"North Dianaton, RU",2025-09-10,Mid,"TensorFlow, Scikit-learn, LangChain",49582,66937
Moore-Garner,Automotive,Data Scientist,"Pandas, FastAPI, Hugging Face",Senior,Internship,"Hollyborough, MX",2024-01-02,Mid,"TensorFlow, FastAPI",90272,169247
Jenkins-Good,Tech,Data Analyst,"AWS, TensorFlow, Excel, SQL, GCP",Entry,Remote,"Contreraston, LC",2024-01-24,Mid,"KDB+, MLflow",124573,216693
Vance Ltd,Finance,Quant Researcher,"Excel, TensorFlow, Flask, Scikit-learn",Entry,Full-time,"Wardbury, RW",2024-12-28,Startup,KDB+,121683,156490
"Sellers, Williams and Ortiz",Automotive,Computer Vision Engineer,"Flask, Azure, SQL",Entry,Contract,"Matthewshire, SB",2023-11-08,Startup,PyTorch,140647,193727
"Rodgers, Martinez and Zhang",E-commerce,Data Analyst,"Flask, Excel, AWS, PyTorch, LangChain",Mid,Internship,"North Shane, LR",2023-11-25,Startup,"BigQuery, FastAPI",68266,125443
Simon LLC,Retail,Data Scientist,"Flask, Reinforcement Learning, Pandas, Hugging Face, Keras",Senior,Full-time,"West Michaelborough, BE",2024-04-23,Startup,"BigQuery, Scikit-learn, MLflow",141644,203839
Flynn-Franco,Tech,AI Product Manager,"NumPy, Pandas, SQL, R, Excel",Senior,Full-time,"North Grant, MR",2024-02-17,Large,KDB+,110260,191166
Floyd-Smith,E-commerce,Computer Vision Engineer,"GCP, Reinforcement Learning, CUDA, NumPy, SQL",Entry,Internship,"East Willie, BO",2024-07-20,Mid,"FastAPI, MLflow",56178,73901
"Bailey, Mccullough and Moon",Tech,Quant Researcher,"TensorFlow, Power BI, Azure, Flask, Reinforcement Learning, R",Senior,Contract,"Davidhaven, CL",2024-01-28,Large,"PyTorch, BigQuery, TensorFlow",148430,222122
"Kerr, Austin and Smith",E-commerce,Quant Researcher,"GCP, Power BI, FastAPI, Reinforcement Learning, TensorFlow, AWS",Senior,Remote,"Port Charles, GM",2024-09-29,Large,"LangChain, MLflow, PyTorch",130221,187925
"Potter, Chapman and Christensen",Retail,Computer Vision Engineer,"R, Python, Hugging Face, Excel, Azure",Entry,Full-time,"Colemanfort, SM",2024-04-21,Large,"Scikit-learn, KDB+, TensorFlow",89082,125755
Francis-Jones,Retail,NLP Engineer,"LangChain, Python, R, C++, NumPy",Senior,Contract,"North Jacqueline, SV",2025-03-08,Startup,KDB+,140456,219981
"Stephens, Garcia and Yoder",Automotive,Computer Vision Engineer,"MLflow, Excel, CUDA, LangChain, AWS, Azure",Entry,Internship,"South Caitlynchester, NL",2025-04-13,Large,Scikit-learn,95581.5,151635
Robbins-Burke,Finance,Computer Vision Engineer,"AWS, Hugging Face, MLflow, Excel, C++",Entry,Internship,"Sherrichester, BN",2024-06-16,Large,"BigQuery, PyTorch, Scikit-learn",74698,171496
"Hall, Savage and Walker",Education,Data Scientist,"PyTorch, TensorFlow, AWS, C++, GCP",Entry,Internship,"Bowersberg, SK",2023-09-21,Startup,"KDB+, MLflow, FastAPI",135994,178112
Smith-Cross,Healthcare,AI Product Manager,"Flask, Keras, Pandas, CUDA, PyTorch, Reinforcement Learning",Mid,Remote,"Anthonybury, ET",2025-09-19,Mid,FastAPI,67828,84015
Martinez-Stephens,Education,AI Product Manager,"Azure, Reinforcement Learning, Excel, SQL",Entry,Remote,"South Michellebury, GR",2024-01-02,Mid,"LangChain, BigQuery",134744,214025
"Barton, Wilson and Russell",Education,Data Scientist,"Power BI, GCP, Reinforcement Learning",Entry,Contract,"Kristiemouth, DK",2024-01-19,Large,FastAPI,123053,215790
"Brown, Bernard and Flores",Retail,Data Scientist,"Excel, R, Reinforcement Learning, Python, Power BI, FastAPI",Entry,Internship,"West Andrew, MD",2024-05-06,Mid,TensorFlow,129888,146706
Mendoza-Flores,E-commerce,AI Product Manager,"FastAPI, Python, TensorFlow, AWS",Senior,Contract,"West Andrew, ID",2024-08-09,Large,"TensorFlow, MLflow, BigQuery",134151,186280
Bowman PLC,E-commerce,AI Product Manager,"LangChain, Excel, TensorFlow",Senior,Remote,"Nicholshaven, HR",2024-09-06,Startup,"LangChain, TensorFlow",87836,151813
"Turner, Hernandez and White",Retail,ML Engineer,"GCP, TensorFlow, Flask, Azure",Mid,Internship,"North Alicia, IQ",2024-04-20,Mid,"BigQuery, KDB+, TensorFlow",95581.5,151635
Davis Inc,Healthcare,NLP Engineer,"Keras, Power BI, Excel, Python",Senior,Remote,"Port Tina, PE",2024-10-27,Mid,MLflow,72000,122709
Zhang-Watson,E-commerce,Computer Vision Engineer,"Excel, Flask, AWS, R",Senior,Internship,"New Veronica, AL",2024-07-10,Mid,"PyTorch, KDB+",95581.5,151635
"Harrison, Wallace and Chen",Retail,Quant Researcher,"Hugging Face, GCP, Keras",Entry,Remote,"Port Catherinetown, VE",2023-12-26,Startup,"TensorFlow, Scikit-learn",93878,113869
"Cruz, Cruz and Flores",E-commerce,NLP Engineer,"Reinforcement Learning, TensorFlow, CUDA",Entry,Remote,"New Alyssa, CI",2023-10-29,Startup,"KDB+, BigQuery, PyTorch",41243,77253
Garcia-Smith,Automotive,Data Scientist,"FastAPI, CUDA, Pandas, Python, NumPy, Reinforcement Learning",Entry,Contract,"North Kevin, YE",2023-11-17,Startup,"PyTorch, LangChain, Scikit-learn",47150,124312
Castaneda Group,Tech,ML Engineer,"Reinforcement Learning, Azure, Flask",Mid,Remote,"Nobleside, CY",2023-10-30,Mid,"BigQuery, FastAPI",127636,149510
"Sawyer, Frye and Jenkins",Finance,NLP Engineer,"GCP, PyTorch, FastAPI, LangChain, Pandas",Mid,Contract,"West Hayleyton, DJ",2025-01-10,Mid,FastAPI,95581.5,151635
Bradshaw and Sons,Education,AI Researcher,"PyTorch, MLflow, LangChain, Python, Azure, Pandas",Mid,Contract,"Kathrynfort, TO",2025-05-05,Large,BigQuery,95581.5,151635
"Cross, Johnson and Chan",Retail,Computer Vision Engineer,"Scikit-learn, TensorFlow, Azure, C++, Flask",Entry,Contract,"Danielview, BT",2025-08-31,Mid,FastAPI,68117,162345
Jones LLC,Healthcare,NLP Engineer,"TensorFlow, NumPy, Azure, LangChain, AWS",Senior,Internship,"Taraborough, KG",2024-09-07,Mid,MLflow,112292,131998
Adams-Chapman,Tech,AI Product Manager,"SQL, CUDA, Scikit-learn, Keras, Power BI, R",Senior,Contract,"Littleshire, CF",2025-03-09,Mid,"TensorFlow, LangChain",139059,151161
Duran-Williams,Retail,Data Analyst,"GCP, MLflow, FastAPI, TensorFlow, AWS, Reinforcement Learning",Entry,Contract,"East Patrickfurt, BT",2024-03-10,Mid,BigQuery,110780,193559
Arnold Inc,Healthcare,Quant Researcher,"FastAPI, GCP, Keras, Pandas",Senior,Remote,"Jonesfurt, NL",2025-09-13,Startup,"LangChain, KDB+, BigQuery",44707,105567
Kirk Group,Retail,Data Scientist,"Azure, Excel, Keras, SQL, Reinforcement Learning, Power BI",Senior,Contract,"Chasestad, LU",2023-10-10,Startup,"TensorFlow, BigQuery, Scikit-learn",112616,150479
Flynn-Kennedy,E-commerce,AI Researcher,"Python, Keras, AWS, CUDA, NumPy, R",Entry,Full-time,"Villaport, CO",2023-10-01,Large,"PyTorch, FastAPI, KDB+",92121,110462
Singleton-Roy,Automotive,Quant Researcher,"C++, Pandas, MLflow, Scikit-learn, AWS, LangChain",Mid,Internship,"Port Rodney, LR",2024-08-04,Large,"Scikit-learn, LangChain",92112,185041
"Combs, Brown and Williams",Retail,Data Analyst,"TensorFlow, Hugging Face, Scikit-learn",Mid,Internship,"Jessicatown, PH",2025-03-21,Mid,"KDB+, MLflow, FastAPI",95581.5,151635
Meyer-Reyes,Education,ML Engineer,"AWS, NumPy, Excel, CUDA",Mid,Internship,"Port Christine, BH",2024-05-30,Startup,"MLflow, KDB+, Scikit-learn",95581.5,151635
Anderson LLC,Tech,ML Engineer,"Scikit-learn, NumPy, FastAPI",Senior,Full-time,"Elizabethton, PW",2024-03-09,Mid,"KDB+, LangChain",141251,152764
Duncan-Reyes,Finance,Data Analyst,"Reinforcement Learning, SQL, Pandas, NumPy, TensorFlow, Power BI",Mid,Remote,"New Ryan, BW",2025-03-18,Startup,"KDB+, FastAPI",136810,231084
"Davis, Murphy and Cox",Retail,Data Scientist,"MLflow, NumPy, Reinforcement Learning, FastAPI, Pandas",Senior,Full-time,"Pittmanville, CR",2025-08-20,Startup,"KDB+, Scikit-learn, LangChain",83889,134261
"Peterson, Brown and Mcdonald",Automotive,ML Engineer,"Flask, GCP, Hugging Face, FastAPI, Excel, CUDA",Senior,Contract,"Port Bernard, BY",2025-02-16,Mid,"TensorFlow, KDB+, FastAPI",101199,165364
Turner and Sons,Tech,Data Analyst,"PyTorch, Pandas, Excel",Mid,Internship,"Robertsmouth, MN",2025-06-12,Mid,LangChain,131457,181221
"Spears, Moore and Mccormick",E-commerce,ML Engineer,"Keras, Pandas, Power BI, Scikit-learn, FastAPI, Azure",Senior,Full-time,"South Lisa, IS",2025-06-12,Startup,"KDB+, BigQuery",142849,159228
Shaw LLC,Automotive,Data Scientist,"Hugging Face, LangChain, Flask, PyTorch, TensorFlow",Mid,Internship,"New Johnnybury, LI",2024-12-07,Startup,BigQuery,138773,156637
Gill-Schmidt,Healthcare,Data Analyst,"Reinforcement Learning, GCP, Azure, LangChain, MLflow",Mid,Contract,"New Williambury, FR",2024-02-14,Large,"TensorFlow, BigQuery, MLflow",95581.5,151635
"Fuentes, Russo and Watson",Education,Data Analyst,"Pandas, PyTorch, AWS",Senior,Full-time,"East Amanda, GA",2025-06-06,Startup,FastAPI,42445,87889
Weaver-Mills,Automotive,Quant Researcher,"Power BI, Pandas, Hugging Face, PyTorch",Entry,Internship,"South Benjamin, PY",2024-03-23,Large,BigQuery,42100,109275
Lee-Levy,Retail,Quant Researcher,"AWS, CUDA, GCP, Flask, FastAPI, NumPy",Mid,Contract,"West Lindsayfurt, LK",2024-04-27,Startup,"FastAPI, Scikit-learn",137547,208492
Anderson PLC,Retail,ML Engineer,"PyTorch, Reinforcement Learning, Keras, C++, CUDA, SQL",Entry,Contract,"Younghaven, KM",2025-03-17,Startup,Scikit-learn,141946,171941
Murphy-Sosa,Education,Quant Researcher,"TensorFlow, Excel, Scikit-learn, Azure, R, Pandas",Mid,Full-time,"North Patrick, SZ",2025-03-16,Mid,TensorFlow,131712,178157
Lawrence Group,Education,ML Engineer,"FastAPI, Azure, AWS, Python",Mid,Remote,"Lake Aliciachester, TM",2024-07-05,Startup,FastAPI,91126,185060
Gonzales-Gardner,Automotive,NLP Engineer,"NumPy, GCP, R, Reinforcement Learning, LangChain, AWS",Senior,Full-time,"Frazierberg, DO",2024-09-07,Startup,"PyTorch, LangChain, BigQuery",100471,143502
"Padilla, Mann and Pierce",Finance,ML Engineer,"MLflow, Pandas, PyTorch, C++, LangChain",Senior,Remote,"West Brandon, RW",2025-08-22,Startup,"LangChain, PyTorch",95581.5,151635
"Vazquez, Mcknight and Vega",Retail,AI Researcher,"Keras, FastAPI, PyTorch, LangChain, Scikit-learn, Hugging Face",Entry,Internship,"Ramseyview, TV",2025-08-06,Large,"PyTorch, Scikit-learn",102565,184809
"Walker, Soto and Miles",Finance,Data Analyst,"SQL, MLflow, Pandas, CUDA, Scikit-learn",Mid,Remote,"Oconnorville, IT",2025-06-10,Startup,TensorFlow,61954,143718
Kelly-Walls,Tech,Computer Vision Engineer,"Reinforcement Learning, R, C++",Senior,Remote,"East Ana, KN",2024-01-05,Startup,"LangChain, MLflow, KDB+",83274,137815
Roberts-Watson,Healthcare,Data Analyst,"Power BI, SQL, Python, TensorFlow",Entry,Full-time,"Perryside, CZ",2025-05-25,Mid,LangChain,82652,137577
"George, Hines and Galvan",Tech,NLP Engineer,"Keras, MLflow, FastAPI, Python, Scikit-learn, Reinforcement Learning",Entry,Internship,"East Rachelland, MH",2024-04-08,Mid,Scikit-learn,84254,109338
"Lam, Garcia and Lopez",Automotive,Computer Vision Engineer,"R, Keras, Pandas, Reinforcement Learning",Mid,Full-time,"Baldwinland, TV",2025-04-13,Large,"TensorFlow, Scikit-learn",135038,234859
"Vasquez, Grimes and Mooney",Healthcare,ML Engineer,"LangChain, SQL, Reinforcement Learning, PyTorch",Entry,Remote,"Brewerland, AT",2024-10-02,Startup,"Scikit-learn, BigQuery",58091,128175
Mcneil-Nelson,Tech,Data Analyst,"CUDA, SQL, Flask",Senior,Contract,"Duartebury, VA",2024-12-21,Startup,"MLflow, KDB+, TensorFlow",95581.5,151635
Wiggins-Rivera,Healthcare,NLP Engineer,"LangChain, AWS, R",Senior,Internship,"Andreashire, TO",2024-01-14,Large,MLflow,90456,177785
Morris-Swanson,Education,NLP Engineer,"LangChain, AWS, Keras, Hugging Face, Pandas",Entry,Internship,"Howellburgh, NO",2024-11-08,Startup,"BigQuery, LangChain",130542,204720
Wong and Sons,Education,AI Product Manager,"C++, Reinforcement Learning, MLflow, Pandas, SQL",Entry,Internship,"North Kristie, CL",2025-04-01,Large,"Scikit-learn, PyTorch, MLflow",74640,136034
"Davidson, Green and Johnson",E-commerce,Data Analyst,"AWS, SQL, CUDA, Hugging Face, Power BI",Entry,Internship,"West Tylerberg, JO",2025-05-01,Large,"Scikit-learn, PyTorch",134678,199022
Greer-Garner,E-commerce,Data Analyst,"Power BI, Pandas, GCP, Hugging Face, R",Entry,Contract,"South Chadton, IQ",2025-09-11,Mid,"TensorFlow, PyTorch",60699,100444
"Nash, Solomon and Cameron",Education,NLP Engineer,"Azure, Power BI, GCP, LangChain",Entry,Internship,"Davidfurt, IT",2024-03-27,Mid,"BigQuery, LangChain",118562,168256
Jimenez Group,E-commerce,Data Scientist,"MLflow, CUDA, Reinforcement Learning",Mid,Full-time,"Williamview, CU",2024-03-03,Mid,TensorFlow,135565,208792
Garcia-Adams,Education,ML Engineer,"Python, GCP, Scikit-learn, Pandas, PyTorch",Senior,Internship,"Port Victoriaburgh, TN",2023-12-15,Mid,TensorFlow,102146,133999
Munoz and Sons,Retail,Quant Researcher,"Reinforcement Learning, FastAPI, Power BI",Entry,Full-time,"Smithmouth, UG",2024-09-05,Startup,"Scikit-learn, KDB+",119302,138298
Griffin Ltd,E-commerce,Data Analyst,"Reinforcement Learning, Scikit-learn, Hugging Face, MLflow",Entry,Contract,"Harrisonhaven, PT",2024-04-03,Large,FastAPI,49324,111133
Briggs-Miller,E-commerce,Computer Vision Engineer,"R, Flask, Keras, Python, CUDA, FastAPI",Entry,Full-time,"Janicemouth, UZ",2024-02-06,Startup,"Scikit-learn, FastAPI, PyTorch",138580,231364
Dominguez Group,Finance,Quant Researcher,"Keras, FastAPI, Reinforcement Learning, Power BI",Mid,Contract,"New Melissashire, RW",2024-11-06,Startup,MLflow,74176,137039
"Cohen, Schneider and Scott",Healthcare,ML Engineer,"CUDA, FastAPI, Reinforcement Learning",Mid,Remote,"Port Nathan, TM",2025-05-24,Large,"MLflow, BigQuery",95581.5,151635
Peterson Ltd,E-commerce,Quant Researcher,"Reinforcement Learning, Python, Pandas, Excel, LangChain, Azure",Mid,Contract,"Staffordstad, AZ",2025-04-30,Large,"PyTorch, LangChain, TensorFlow",147838,240312
Ramsey-Hamilton,Education,AI Product Manager,"FastAPI, CUDA, GCP, Keras, MLflow, C++",Senior,Internship,"West Kyliechester, AD",2024-03-22,Startup,Scikit-learn,73318,132625
Davidson-Clark,Finance,Computer Vision Engineer,"Flask, Pandas, LangChain",Entry,Internship,"Lake Erika, VC",2025-08-14,Mid,LangChain,95581.5,151635
"Ramirez, Sanchez and Lucas",Retail,NLP Engineer,"R, Azure, Power BI, NumPy, Reinforcement Learning",Senior,Internship,"Johnsonfurt, GQ",2025-08-11,Startup,"KDB+, LangChain",147851,188241
"Atkinson, Branch and Horton",Tech,Data Analyst,"R, NumPy, SQL, GCP, Python, FastAPI",Senior,Full-time,"New Darren, ET",2024-09-07,Large,KDB+,83545,139001
Hawkins Ltd,E-commerce,Data Scientist,"AWS, Scikit-learn, TensorFlow, CUDA",Senior,Contract,"North Madison, UZ",2023-12-11,Mid,TensorFlow,113683,150250
Moore Ltd,Tech,AI Researcher,"Excel, Reinforcement Learning, NumPy, AWS, MLflow",Mid,Internship,"Abigailmouth, NE",2025-01-30,Mid,"Scikit-learn, FastAPI",85570,163706
Hughes-Henry,Retail,Data Analyst,"TensorFlow, SQL, Scikit-learn",Entry,Internship,"West James, ER",2024-07-03,Startup,"MLflow, LangChain, PyTorch",47968,108841
Johnson-Thomas,Healthcare,Data Analyst,"Reinforcement Learning, TensorFlow, PyTorch, Excel, FastAPI",Entry,Internship,"Lake Curtis, BS",2024-03-18,Large,"FastAPI, PyTorch, KDB+",110576,182999
"Hunt, White and Schmidt",Tech,AI Researcher,"AWS, Python, MLflow, Scikit-learn, Keras, Power BI",Entry,Contract,"Josephstad, DZ",2025-08-01,Startup,TensorFlow,95581.5,151635
Harris-Zavala,E-commerce,AI Product Manager,"GCP, SQL, LangChain, R",Mid,Internship,"West Michael, NI",2024-10-19,Startup,"FastAPI, BigQuery",95581.5,151635
Price PLC,Finance,AI Researcher,"SQL, Excel, AWS, MLflow, TensorFlow, FastAPI",Mid,Remote,"Madisonside, BH",2024-01-29,Startup,BigQuery,113368,178541
Craig-Lloyd,Tech,Data Analyst,"MLflow, Reinforcement Learning, Azure, C++, Pandas, NumPy",Mid,Internship,"Priceborough, LU",2025-02-03,Startup,"BigQuery, MLflow, KDB+",86846,98704
Bell-Perez,Tech,NLP Engineer,"Excel, C++, GCP, SQL, PyTorch",Mid,Internship,"Rossbury, SC",2024-08-01,Mid,"BigQuery, PyTorch",125414,140740
Cole-Clark,Automotive,Data Scientist,"CUDA, TensorFlow, Python, Azure, Scikit-learn",Entry,Internship,"South Meganmouth, LI",2024-11-05,Startup,FastAPI,127708,143295
Knight-Lozano,Finance,NLP Engineer,"LangChain, GCP, R, SQL",Senior,Remote,"New Heatherbury, BG",2023-10-21,Mid,"TensorFlow, Scikit-learn, KDB+",136117,208595
Burton LLC,Automotive,Data Scientist,"Scikit-learn, Power BI, R, Reinforcement Learning, Excel, Azure",Senior,Full-time,"South Jamesville, JM",2024-06-04,Mid,KDB+,95581.5,151635
"Castillo, Bonilla and Mclaughlin",Automotive,Computer Vision Engineer,"NumPy, Excel, LangChain, Keras",Mid,Internship,"West Jasonmouth, IR",2024-03-14,Large,"LangChain, FastAPI",123956,163525
Byrd-Christian,Finance,NLP Engineer,"SQL, Reinforcement Learning, Python",Mid,Internship,"West Theresashire, NI",2024-11-07,Large,"FastAPI, TensorFlow",138221,219313
Price-Sandoval,E-commerce,Data Scientist,"Flask, NumPy, C++",Senior,Remote,"Lake Markport, PK",2025-08-09,Large,"FastAPI, TensorFlow",46907,84839
Black-Simmons,Automotive,Data Scientist,"Pandas, SQL, CUDA, Power BI, AWS",Entry,Full-time,"Allenburgh, BW",2024-07-03,Startup,"PyTorch, BigQuery, TensorFlow",136391,226513
"Berger, Jackson and Hansen",Automotive,Data Analyst,"CUDA, SQL, Power BI, GCP, FastAPI, PyTorch",Mid,Contract,"Hopkinstown, KP",2025-07-09,Mid,"BigQuery, KDB+",95581.5,151635
Kent-Preston,E-commerce,Data Analyst,"Excel, GCP, Scikit-learn, PyTorch",Senior,Internship,"North Nicolechester, CO",2024-06-11,Mid,KDB+,45973,72433
"Hartman, Rowe and Hernandez",Automotive,Data Analyst,"C++, NumPy, Excel, Keras, TensorFlow",Entry,Internship,"East Joseph, GR",2024-04-30,Large,"FastAPI, Scikit-learn",85501,149518
Morrison-Turner,Retail,Computer Vision Engineer,"C++, SQL, Flask, PyTorch, MLflow, FastAPI",Entry,Contract,"Mayerview, NI",2025-08-25,Mid,"KDB+, TensorFlow",137862,169321
Smith Inc,Tech,AI Product Manager,"Power BI, SQL, Reinforcement Learning, TensorFlow",Mid,Internship,"New Adam, BN",2025-03-04,Startup,"LangChain, MLflow, FastAPI",104563,140859
Gardner-Chavez,Tech,Data Scientist,"TensorFlow, Pandas, Flask, Reinforcement Learning, Azure",Mid,Full-time,"Lopezfort, KH",2023-12-17,Mid,"MLflow, TensorFlow",119393,154411
Morris-Blake,Healthcare,Data Scientist,"Python, NumPy, LangChain, Excel",Senior,Contract,"Lake Anthony, CL",2024-01-05,Mid,"LangChain, PyTorch",52342,65593
Hunter-Ward,Finance,ML Engineer,"SQL, Python, CUDA, FastAPI, TensorFlow",Senior,Remote,"Millerborough, WS",2023-12-01,Large,"MLflow, Scikit-learn, FastAPI",110675,194128
Hicks and Sons,Finance,Data Scientist,"Reinforcement Learning, Excel, Azure, SQL, FastAPI, Pandas",Entry,Remote,"Port Franciscoside, GT",2025-06-12,Large,"PyTorch, BigQuery, FastAPI",93518,182685
Torres-Clark,Education,NLP Engineer,"Excel, Hugging Face, CUDA, Flask, TensorFlow, C++",Entry,Contract,"West Jason, RO",2023-10-26,Mid,"PyTorch, KDB+, BigQuery",80174,143646
Brown Ltd,Automotive,Data Analyst,"C++, GCP, Reinforcement Learning",Senior,Contract,"West Keithview, LU",2025-03-13,Mid,LangChain,95581.5,151635
Kerr Ltd,Education,Quant Researcher,"PyTorch, CUDA, AWS, Reinforcement Learning",Entry,Full-time,"Juanburgh, TD",2024-01-14,Mid,"MLflow, PyTorch, TensorFlow",42741,138581
"Hobbs, Moreno and Williams",Finance,ML Engineer,"Scikit-learn, Pandas, Keras, Power BI, TensorFlow, LangChain",Mid,Full-time,"Andrewmouth, GN",2025-08-31,Startup,"LangChain, PyTorch, KDB+",141028,211158
"Brown, Giles and Thompson",E-commerce,ML Engineer,"R, LangChain, MLflow, Power BI, Azure, CUDA",Entry,Internship,"North Mistyland, DJ",2025-02-17,Startup,BigQuery,62711,120957
Jordan Inc,Healthcare,ML Engineer,"AWS, Excel, C++, Keras",Mid,Internship,"Joelland, MC",2025-02-28,Mid,Scikit-learn,140092,164804
Rodriguez Inc,Tech,AI Product Manager,"AWS, SQL, Scikit-learn, Flask, FastAPI",Mid,Internship,"Lake Debbie, SZ",2025-04-13,Mid,"MLflow, LangChain",72382,84197
Evans-Alvarado,Retail,NLP Engineer,"FastAPI, AWS, Pandas, Excel, Reinforcement Learning, Azure",Senior,Remote,"Davidmouth, BJ",2025-06-23,Large,"FastAPI, TensorFlow, BigQuery",91789,114759
"Phillips, Sanchez and Christensen",E-commerce,AI Product Manager,"CUDA, Pandas, Python, PyTorch, Azure, Keras",Entry,Internship,"East Davidchester, NE",2025-02-08,Large,LangChain,112036,153498
"Sexton, Davis and Allen",Healthcare,NLP Engineer,"R, Flask, Keras, GCP, Hugging Face",Mid,Internship,"Lake David, FI",2025-06-13,Startup,Scikit-learn,45224,79444
"Gill, Russo and Hill",Automotive,Quant Researcher,"LangChain, Keras, Excel",Entry,Internship,"Gomezchester, UG",2023-12-19,Startup,PyTorch,95581.5,151635
"Walsh, Davis and Tanner",Automotive,Data Analyst,"Power BI, Scikit-learn, Keras, TensorFlow, MLflow, SQL",Senior,Full-time,"North Brettfurt, MH",2025-04-25,Large,"TensorFlow, BigQuery, FastAPI",67630,155926
Green Group,E-commerce,AI Researcher,"SQL, Excel, Flask, NumPy, FastAPI",Entry,Contract,"Port Yvetteland, LK",2023-12-12,Mid,"TensorFlow, PyTorch",92512,136705
"Wilson, Wilson and Austin",Finance,Data Analyst,"GCP, SQL, Keras, AWS, Python",Mid,Remote,"Mistyfurt, KP",2024-06-18,Large,"TensorFlow, FastAPI",96374,117586
Williams-Thomas,Retail,NLP Engineer,"Flask, AWS, Reinforcement Learning, LangChain, FastAPI",Entry,Internship,"North Patricia, YE",2025-05-28,Large,PyTorch,72840,136135
"Thompson, Gibson and Simmons",Retail,NLP Engineer,"Python, AWS, MLflow, C++, R",Mid,Remote,"Gutierreztown, TJ",2025-09-01,Mid,FastAPI,107564,192348
"Bush, Dennis and Burke",Automotive,AI Product Manager,"Python, MLflow, LangChain, GCP, PyTorch, Keras",Entry,Full-time,"Benitezfurt, ST",2024-07-14,Startup,"PyTorch, Scikit-learn, BigQuery",101793,153283
Anderson and Sons,Retail,Data Analyst,"AWS, Excel, Keras, Power BI, CUDA, Flask",Senior,Remote,"Griffintown, KP",2025-03-25,Startup,"BigQuery, MLflow",111604,157715
"Russell, Wood and Robertson",E-commerce,Quant Researcher,"Python, Excel, FastAPI, GCP, C++, PyTorch",Senior,Remote,"Gonzalezstad, VN",2025-09-01,Mid,"MLflow, LangChain, BigQuery",124909,142566
Johnson LLC,Tech,Data Scientist,"GCP, Azure, CUDA, AWS, PyTorch",Entry,Contract,"South Christopher, FJ",2024-02-15,Startup,"TensorFlow, MLflow, Scikit-learn",142140,231014
Kaufman LLC,Tech,ML Engineer,"AWS, Excel, SQL, Scikit-learn",Senior,Full-time,"Port Ianfurt, LR",2023-12-24,Startup,"Scikit-learn, KDB+, PyTorch",74360,154591
Murphy LLC,Healthcare,Data Analyst,"Keras, TensorFlow, MLflow, NumPy, Pandas, Scikit-learn",Senior,Contract,"Whitefort, NI",2024-04-06,Large,"LangChain, FastAPI, PyTorch",142266,205665
Matthews-Collins,E-commerce,NLP Engineer,"Flask, Pandas, GCP",Senior,Full-time,"Jonesville, TO",2025-01-24,Mid,"LangChain, PyTorch",85449,173276
Rivas PLC,Retail,AI Product Manager,"CUDA, SQL, Azure, MLflow, Python, GCP",Mid,Contract,"South Timothystad, CH",2023-09-26,Startup,KDB+,72838,82839
Alvarez PLC,Automotive,Computer Vision Engineer,"Azure, Flask, PyTorch, C++, GCP, Pandas",Entry,Remote,"North Connorfurt, PA",2024-01-13,Mid,"KDB+, TensorFlow",58883,94087
Best Inc,E-commerce,Data Analyst,"FastAPI, Excel, AWS, TensorFlow",Entry,Internship,"Lake Melanie, VU",2024-07-19,Mid,PyTorch,95581.5,151635
"Ochoa, Davidson and Thomas",Education,Quant Researcher,"Azure, Keras, C++, LangChain",Senior,Remote,"Coryton, WS",2025-03-11,Large,"TensorFlow, BigQuery",95581.5,151635
"Reilly, Barajas and Hughes",Finance,AI Product Manager,"CUDA, Excel, FastAPI, MLflow, Azure, Power BI",Senior,Full-time,"South Kathleen, MV",2024-02-23,Startup,"FastAPI, BigQuery",121770,181258
"Dixon, Wright and Smith",Education,Data Analyst,"MLflow, SQL, Pandas",Entry,Internship,"Markfort, NO",2025-09-10,Large,"BigQuery, KDB+",59736,141312
"Sawyer, Hall and Lowe",Automotive,Data Analyst,"CUDA, NumPy, Keras",Mid,Internship,"Nancyberg, AF",2023-12-28,Large,"TensorFlow, MLflow, PyTorch",54563,120250
"Donaldson, Espinoza and Mills",Tech,AI Product Manager,"C++, Reinforcement Learning, Flask, AWS, Scikit-learn, NumPy",Senior,Full-time,"Matthewsberg, DO",2024-12-11,Mid,FastAPI,59528,141804
Davis-Moore,Retail,Computer Vision Engineer,"PyTorch, Python, FastAPI, Azure, LangChain",Senior,Internship,"North Jessica, VC",2025-09-19,Mid,"FastAPI, KDB+, TensorFlow",135458,162633
Clark PLC,Retail,NLP Engineer,"GCP, Scikit-learn, CUDA, R, AWS, Pandas",Mid,Internship,"New Austin, BZ",2025-03-20,Startup,TensorFlow,120849,175578
Lynch-Coffey,Automotive,ML Engineer,"Azure, R, Hugging Face, SQL, MLflow, Flask",Entry,Internship,"Deborahton, CV",2023-10-11,Large,"TensorFlow, LangChain",114398,162569
Archer Ltd,Tech,AI Product Manager,"Keras, Azure, C++, Reinforcement Learning, Hugging Face",Entry,Remote,"Allisonview, ET",2024-09-16,Mid,Scikit-learn,95581.5,151635
"Estrada, Perry and Jackson",E-commerce,AI Product Manager,"NumPy, Hugging Face, CUDA, Flask",Mid,Internship,"Eatonmouth, PW",2023-10-13,Startup,"TensorFlow, BigQuery",109096,152219
Shelton-Ellison,Healthcare,NLP Engineer,"FastAPI, C++, R, Scikit-learn, GCP, Flask",Mid,Internship,"Davistown, NA",2024-06-21,Large,"PyTorch, FastAPI, MLflow",42116,124383
Montgomery Inc,Finance,Data Scientist,"Power BI, R, Python, C++, SQL",Entry,Internship,"Danielside, SZ",2024-07-25,Large,KDB+,101352,179549
"Rios, Evans and Foster",Retail,AI Researcher,"R, Python, Reinforcement Learning",Senior,Full-time,"Hernandezland, ZA",2024-11-21,Large,"FastAPI, PyTorch",66107,154510
"Garcia, Lopez and Santiago",Finance,NLP Engineer,"LangChain, Azure, PyTorch, FastAPI",Entry,Remote,"New Jared, BB",2024-12-03,Mid,Scikit-learn,95581.5,151635
Bell Group,Finance,AI Researcher,"Hugging Face, GCP, FastAPI",Entry,Internship,"Nicholaschester, KE",2023-11-11,Startup,LangChain,134451,175964
Stevens-Foster,Tech,Data Analyst,"Power BI, Python, Pandas, AWS",Entry,Internship,"Blairside, GH",2024-03-13,Startup,"Scikit-learn, PyTorch, BigQuery",65526,112033
Sawyer PLC,E-commerce,NLP Engineer,"Hugging Face, Azure, SQL",Mid,Internship,"Bryceport, AO",2025-01-17,Startup,"MLflow, BigQuery, PyTorch",98233,144034
Hurley-Scott,Healthcare,Quant Researcher,"R, CUDA, Reinforcement Learning",Entry,Internship,"West Christian, SO",2024-07-24,Startup,"TensorFlow, BigQuery, MLflow",63107,93304
Black-Bennett,Tech,Quant Researcher,"Reinforcement Learning, Hugging Face, CUDA, MLflow, AWS, PyTorch",Mid,Contract,"Lake Toddmouth, IN",2024-09-13,Mid,"LangChain, TensorFlow, KDB+",111226,163698
Perez Group,Tech,AI Product Manager,"Scikit-learn, Pandas, FastAPI, AWS, Python",Mid,Internship,"South Erikchester, GA",2023-11-11,Large,"FastAPI, LangChain",75074,155545
"Saunders, Bradford and Sharp",E-commerce,Quant Researcher,"Pandas, Excel, Flask, LangChain, Scikit-learn, TensorFlow",Mid,Internship,"Port Meganstad, GW",2023-10-03,Large,"KDB+, LangChain, PyTorch",80973,145159
Hudson-Gordon,Education,Quant Researcher,"FastAPI, SQL, Scikit-learn",Mid,Contract,"Port Erikaburgh, PG",2024-04-27,Startup,LangChain,93507,119377
"Nelson, Maddox and Klein",Finance,ML Engineer,"Flask, MLflow, Scikit-learn",Senior,Internship,"Philipmouth, GQ",2024-10-21,Startup,"Scikit-learn, FastAPI",50076,79334
"Clark, Price and Dickson",Automotive,Data Scientist,"C++, Keras, Pandas",Entry,Contract,"Lake Misty, MZ",2025-04-06,Mid,"Scikit-learn, FastAPI, TensorFlow",134300,219809
Gonzalez PLC,Tech,NLP Engineer,"Keras, Azure, C++",Entry,Internship,"Campbellmouth, IN",2024-12-23,Large,"FastAPI, LangChain",97395,189060
Pierce Inc,Automotive,NLP Engineer,"C++, CUDA, Power BI, TensorFlow",Senior,Internship,"Collierchester, PH",2024-01-14,Mid,"Scikit-learn, TensorFlow",144238,220052
"House, Bond and Myers",E-commerce,Data Scientist,"R, C++, SQL, GCP, MLflow, TensorFlow",Mid,Contract,"West Cathy, PG",2024-07-04,Large,"LangChain, MLflow, TensorFlow",149741,230920
Johns Inc,Retail,AI Researcher,"LangChain, Reinforcement Learning, Flask",Senior,Contract,"Rodriguezstad, GN",2023-12-08,Mid,"KDB+, TensorFlow, FastAPI",106079,137034
"Matthews, Mcdowell and Reynolds",Automotive,Computer Vision Engineer,"Reinforcement Learning, Excel, Power BI, Hugging Face",Entry,Internship,"Port Jeffstad, MD",2024-11-27,Startup,"TensorFlow, Scikit-learn",98445,165573
Navarro-Costa,Retail,ML Engineer,"C++, TensorFlow, FastAPI, AWS, Reinforcement Learning",Senior,Contract,"Lawrenceton, BG",2024-09-17,Startup,"KDB+, PyTorch",43140,88722
Morris Inc,Education,AI Product Manager,"Scikit-learn, LangChain, MLflow, Flask",Entry,Remote,"Zunigaside, DM",2024-01-29,Large,"KDB+, LangChain, Scikit-learn",52046,121333
"Miller, Pena and Spencer",E-commerce,AI Product Manager,"Keras, FastAPI, Scikit-learn, R, Hugging Face, PyTorch",Entry,Remote,"East Timothy, BF",2025-01-27,Startup,"MLflow, PyTorch",99858,123912
"Davis, Sosa and Greene",Finance,Quant Researcher,"Keras, Pandas, R, Excel, SQL",Mid,Contract,"North Kristafort, CV",2024-04-22,Mid,"MLflow, PyTorch, BigQuery",88347,162648
"Klein, Jordan and Lang",E-commerce,NLP Engineer,"AWS, GCP, Azure",Entry,Remote,"Scottport, SZ",2024-12-11,Large,"TensorFlow, MLflow, LangChain",111367,142733
"Valdez, Nguyen and Espinoza",Healthcare,Data Analyst,"Power BI, R, LangChain, C++",Entry,Full-time,"Andreatown, SR",2025-08-04,Mid,"BigQuery, KDB+",95581.5,151635
Patterson-Salazar,Education,Computer Vision Engineer,"C++, Hugging Face, Flask",Senior,Remote,"Port Nicholas, KW",2025-02-27,Large,"PyTorch, BigQuery",134633,217031
"Thomas, Greene and Munoz",Retail,ML Engineer,"CUDA, FastAPI, Power BI",Senior,Internship,"Lake Jaime, VA",2024-10-17,Mid,"FastAPI, LangChain",112953,211579
Torres Ltd,Education,NLP Engineer,"Flask, GCP, C++",Mid,Contract,"Grahambury, BR",2023-12-14,Mid,FastAPI,144779,159980
"Young, Peterson and Wood",Finance,Data Scientist,"Flask, Pandas, PyTorch, Excel",Entry,Contract,"New Masonton, KI",2025-09-05,Mid,"FastAPI, TensorFlow",95581.5,151635
Reilly PLC,Retail,NLP Engineer,"Reinforcement Learning, LangChain, Excel, Pandas, Python, Flask",Mid,Internship,"Cabrerafort, GW",2025-09-16,Mid,"TensorFlow, PyTorch",53255,64684
Woods-Kelly,Retail,Data Scientist,"C++, Python, R, Excel",Entry,Internship,"Millerborough, AL",2024-06-05,Startup,KDB+,113739,165657
Moss-Jackson,Retail,Computer Vision Engineer,"LangChain, Pandas, TensorFlow, CUDA",Mid,Remote,"Christopherton, TM",2024-10-24,Startup,"LangChain, KDB+",64726,112277
Johnson and Sons,Education,NLP Engineer,"MLflow, Flask, AWS",Entry,Contract,"Joneschester, LK",2023-11-23,Startup,"PyTorch, MLflow, TensorFlow",47268,62862
Green Group,Automotive,Computer Vision Engineer,"SQL, AWS, Power BI, NumPy, Reinforcement Learning",Senior,Internship,"Ramostown, BI",2025-06-19,Startup,FastAPI,119846,164604
Evans LLC,Automotive,AI Product Manager,"Pandas, SQL, Power BI, Python, Reinforcement Learning",Senior,Internship,"Port Kelsey, KI",2023-11-05,Mid,"PyTorch, TensorFlow, Scikit-learn",66099,141841
Chambers PLC,Tech,AI Product Manager,"NumPy, Power BI, LangChain, GCP, Python",Mid,Contract,"Johnberg, VC",2024-03-31,Mid,"PyTorch, MLflow, BigQuery",72050,137819
Conner-Young,Education,AI Product Manager,"Azure, Python, FastAPI",Entry,Remote,"Port Amandaburgh, GA",2025-03-24,Startup,BigQuery,90239,170922
Morris LLC,Automotive,Data Analyst,"Scikit-learn, LangChain, Hugging Face, SQL, Azure, MLflow",Senior,Remote,"East Barrybury, GA",2024-08-02,Large,"LangChain, FastAPI, KDB+",95581.5,151635
Hawkins-Valdez,Finance,ML Engineer,"CUDA, SQL, NumPy, Python, Flask",Senior,Internship,"Roseton, VE",2024-07-18,Startup,FastAPI,110310,161110
Vance-Mcdowell,Finance,NLP Engineer,"LangChain, CUDA, Excel, Flask",Entry,Internship,"Port Jessica, SG",2024-05-12,Mid,"MLflow, FastAPI",95581.5,151635
Wright LLC,Finance,Quant Researcher,"AWS, Flask, MLflow, FastAPI, Azure",Senior,Remote,"Sandrastad, IE",2024-04-11,Large,"LangChain, KDB+",149975,199905
Silva LLC,Automotive,Data Analyst,"CUDA, Hugging Face, SQL, GCP, C++, Python",Mid,Internship,"Lewisburgh, BF",2025-08-17,Mid,"PyTorch, BigQuery",82338,95759
"Sanders, Rodriguez and Meyers",Finance,Quant Researcher,"SQL, LangChain, Hugging Face, R",Mid,Remote,"Port Kathyton, GQ",2024-11-28,Mid,FastAPI,76484,111575
Allen Group,E-commerce,NLP Engineer,"TensorFlow, NumPy, GCP, Power BI, FastAPI",Entry,Internship,"Williamsville, MG",2024-09-22,Mid,PyTorch,95581.5,151635
Webb LLC,Education,ML Engineer,"C++, Hugging Face, Excel, GCP, TensorFlow, FastAPI",Mid,Contract,"Sylviaport, BS",2024-10-10,Mid,"KDB+, MLflow",63255,108370
Harris-Brown,E-commerce,ML Engineer,"FastAPI, Azure, MLflow, PyTorch, Excel",Entry,Remote,"East Kimberlyview, ME",2025-07-24,Startup,PyTorch,129625,193613
Stewart-White,Retail,Data Scientist,"Azure, MLflow, Hugging Face, GCP, Keras",Entry,Remote,"West Amber, HU",2025-07-25,Large,"Scikit-learn, PyTorch, LangChain",136317,195529
"Roberts, Ford and Davis",Retail,AI Product Manager,"Power BI, MLflow, SQL, AWS",Mid,Full-time,"Hannahfort, LS",2024-06-30,Mid,"KDB+, LangChain, BigQuery",148403,180220
"Garcia, Blake and Gardner",Healthcare,Data Analyst,"NumPy, R, Excel, Scikit-learn, Flask, LangChain",Senior,Full-time,"North Cassandraborough, FJ",2024-04-17,Large,KDB+,95581.5,151635
Brown-Fisher,Automotive,ML Engineer,"C++, Excel, TensorFlow, PyTorch",Entry,Internship,"Lake Ruthport, JM",2025-02-24,Startup,FastAPI,143807,217646
Hayes PLC,Finance,Computer Vision Engineer,"Pandas, C++, Power BI, Hugging Face, Excel",Entry,Internship,"South Michael, GE",2024-07-01,Mid,"KDB+, PyTorch, BigQuery",83586,94806
"Mccoy, Barnes and Mercado",Automotive,NLP Engineer,"Pandas, Scikit-learn, NumPy",Senior,Full-time,"New Richardburgh, PS",2025-03-25,Startup,FastAPI,147570,214641
Herrera and Sons,Healthcare,ML Engineer,"MLflow, AWS, Flask, SQL, Azure",Entry,Internship,"East Michael, AO",2024-10-23,Mid,"LangChain, KDB+",130398,148438
Smith-Hansen,Retail,Quant Researcher,"Excel, Reinforcement Learning, TensorFlow, SQL",Mid,Full-time,"North Michellestad, ME",2023-11-23,Startup,"TensorFlow, FastAPI, MLflow",126850,203760
"Goodman, Watson and Norman",Tech,AI Researcher,"PyTorch, R, Python, GCP, CUDA, C++",Senior,Internship,"Davidshire, ES",2024-04-10,Large,KDB+,63340,150275
Bennett PLC,Tech,Data Analyst,"Flask, LangChain, Reinforcement Learning",Senior,Internship,"West Jennifertown, NP",2024-08-19,Mid,"TensorFlow, LangChain",52424,142189
Brady-Jones,Education,Quant Researcher,"LangChain, GCP, Keras",Mid,Contract,"Jasonbury, HT",2024-02-24,Large,TensorFlow,95581.5,151635
Walker and Sons,Finance,AI Product Manager,"MLflow, PyTorch, SQL, TensorFlow",Mid,Internship,"New Amber, CL",2025-03-05,Startup,"MLflow, LangChain, FastAPI",134795,155851
Bautista LLC,Automotive,Data Scientist,"GCP, Pandas, AWS, Azure, Flask, PyTorch",Entry,Contract,"Douglasberg, FM",2025-05-05,Startup,"FastAPI, KDB+, MLflow",95581.5,151635
Church Ltd,Healthcare,ML Engineer,"GCP, Pandas, Python",Entry,Contract,"Jonathanland, FJ",2024-01-17,Mid,"KDB+, LangChain, MLflow",95581.5,151635
Smith LLC,Healthcare,ML Engineer,"SQL, Pandas, CUDA, LangChain, Excel",Senior,Full-time,"New Sandraland, ZM",2023-12-08,Large,"TensorFlow, MLflow",80600,149326
"Acosta, Williams and Carter",Finance,AI Researcher,"Python, R, Reinforcement Learning, Azure",Mid,Internship,"Wrightland, ZW",2024-01-16,Mid,"Scikit-learn, FastAPI",60613,118504
"Thornton, Pittman and Torres",Automotive,Computer Vision Engineer,"AWS, TensorFlow, CUDA, MLflow",Senior,Remote,"Bowmanton, AG",2025-01-14,Mid,"BigQuery, Scikit-learn",91079,126568
Palmer Group,Retail,Quant Researcher,"R, SQL, CUDA, Keras, AWS, Power BI",Mid,Contract,"Samanthahaven, CA",2024-02-02,Startup,"KDB+, LangChain",52422,78293
"Smith, Hancock and Bolton",Education,Data Scientist,"Pandas, NumPy, TensorFlow, SQL",Entry,Internship,"Nicholasville, KN",2024-05-23,Mid,"KDB+, LangChain, BigQuery",81248,174992
"Shaffer, Wright and Morgan",Automotive,AI Product Manager,"Power BI, SQL, TensorFlow",Senior,Internship,"South Richardtown, KP",2025-05-02,Mid,Scikit-learn,95581.5,151635
Proctor Inc,Tech,Data Scientist,"Excel, Scikit-learn, PyTorch, C++, GCP",Mid,Internship,"Jeffreystad, GW",2024-06-30,Large,KDB+,78872,152783
"Ross, Barrera and Winters",E-commerce,NLP Engineer,"LangChain, SQL, NumPy, R, Power BI",Entry,Internship,"East Seanview, GB",2023-10-07,Startup,"FastAPI, MLflow, Scikit-learn",122910,136367
"Hernandez, Collins and Smith",Retail,Data Scientist,"Scikit-learn, Reinforcement Learning, TensorFlow",Entry,Internship,"Lake Jessicaside, DJ",2025-09-19,Mid,"KDB+, LangChain",100828,139590
"Nguyen, Shaffer and Thompson",Automotive,Computer Vision Engineer,"SQL, CUDA, Reinforcement Learning, Excel",Mid,Internship,"South Danielle, TH",2024-03-12,Startup,"BigQuery, TensorFlow, KDB+",52943,87718
"Nguyen, Brown and Edwards",Finance,Data Scientist,"TensorFlow, MLflow, SQL, PyTorch",Mid,Full-time,"Port Victoriaburgh, PG",2024-04-04,Large,MLflow,84079,116621
Bartlett Group,Healthcare,Quant Researcher,"Scikit-learn, TensorFlow, Azure, CUDA",Senior,Full-time,"West Robin, PY",2024-08-02,Large,"KDB+, TensorFlow, Scikit-learn",77131,153891
"Moran, Ellis and Vargas",E-commerce,AI Product Manager,"Pandas, AWS, GCP, SQL, Azure, NumPy",Mid,Contract,"New Sethtown, ZW",2025-01-03,Mid,TensorFlow,64114,80848
"Porter, Hernandez and Hall",Tech,AI Product Manager,"MLflow, Keras, Scikit-learn, R, GCP",Mid,Full-time,"Ambertown, LV",2024-03-27,Startup,"KDB+, TensorFlow, FastAPI",94393,193885
Hunter and Sons,Automotive,AI Product Manager,"SQL, Scikit-learn, Reinforcement Learning, MLflow, Pandas",Senior,Full-time,"South Jasonville, RO",2024-11-21,Large,"MLflow, LangChain",130255,148523
Moore Ltd,Education,ML Engineer,"NumPy, GCP, SQL, CUDA, PyTorch",Mid,Internship,"Garyville, BZ",2024-10-28,Mid,"BigQuery, MLflow, TensorFlow",116734,214659
Diaz-Gray,Education,AI Product Manager,"Excel, GCP, C++, NumPy, Hugging Face",Senior,Full-time,"West Justinside, KI",2024-09-09,Mid,"PyTorch, BigQuery, Scikit-learn",148619,160261
Poole-Scott,Education,Data Analyst,"MLflow, LangChain, Excel, C++",Entry,Contract,"Kellyhaven, GQ",2025-07-20,Mid,"Scikit-learn, BigQuery",95762,123849
"Bishop, Finley and Duran",Healthcare,Computer Vision Engineer,"C++, CUDA, Keras, Excel",Entry,Contract,"South Meganfort, CZ",2025-05-03,Mid,"PyTorch, LangChain, MLflow",144929,213298
Rivera Group,Healthcare,AI Product Manager,"CUDA, Pandas, MLflow, Azure, Flask",Entry,Full-time,"Port Jennifer, CF",2023-12-20,Mid,"MLflow, FastAPI, Scikit-learn",64077,123461
Blanchard LLC,E-commerce,Data Scientist,"LangChain, Python, Excel, C++, FastAPI",Entry,Internship,"North Robertberg, CL",2025-03-17,Startup,"LangChain, KDB+",84270,128757
"Herman, Rivera and Gonzalez",Retail,Data Analyst,"AWS, Reinforcement Learning, Azure, Python, TensorFlow",Mid,Remote,"East Jessica, PG",2025-02-03,Mid,"Scikit-learn, LangChain, BigQuery",134675,230472
"Mcmillan, Jensen and Olson",Tech,AI Product Manager,"Reinforcement Learning, Keras, R, MLflow, Power BI, Flask",Entry,Full-time,"Rachelmouth, EG",2025-01-09,Startup,LangChain,60301,147093
"Mcbride, Davenport and Kidd",Tech,Data Scientist,"Keras, NumPy, GCP",Senior,Full-time,"Port Leahland, GQ",2025-02-09,Mid,"LangChain, Scikit-learn",80142,137381
"Lane, Diaz and Khan",Automotive,AI Researcher,"AWS, Flask, SQL, Keras, Excel",Entry,Contract,"Melaniemouth, RS",2024-08-30,Startup,"MLflow, PyTorch",139587,157245
Taylor LLC,Tech,AI Researcher,"TensorFlow, Reinforcement Learning, C++, Power BI, LangChain",Entry,Full-time,"Lopezfurt, AD",2025-08-01,Large,"TensorFlow, LangChain",95581.5,151635
"Moss, Simmons and Elliott",Finance,ML Engineer,"Power BI, Azure, Hugging Face, Python, C++, R",Entry,Contract,"Matthewville, US",2025-08-30,Large,"LangChain, TensorFlow, MLflow",95581.5,151635
"Crane, Robles and Arias",Automotive,ML Engineer,"TensorFlow, Reinforcement Learning, SQL, NumPy, Python",Entry,Contract,"New Michaelmouth, KR",2024-06-01,Mid,"FastAPI, TensorFlow",85552,135909
Martinez-Fuller,Finance,Data Scientist,"Scikit-learn, GCP, NumPy, Flask, Excel, AWS",Entry,Remote,"Ruizbury, NZ",2024-03-23,Startup,"FastAPI, Scikit-learn",78016,138883
Wood-Johnson,Finance,AI Researcher,"AWS, NumPy, LangChain, Scikit-learn, FastAPI",Senior,Remote,"Gailland, SK",2023-10-03,Mid,"TensorFlow, Scikit-learn, PyTorch",132214,163110
Martin Group,Retail,ML Engineer,"CUDA, Power BI, LangChain, Scikit-learn",Entry,Full-time,"Lake Nicole, GT",2024-04-30,Mid,"BigQuery, MLflow",139424,155189
"Morrison, Wallace and Wade",Retail,AI Researcher,"PyTorch, Power BI, Pandas, Scikit-learn",Mid,Internship,"East Cheryl, PG",2023-12-21,Startup,"MLflow, LangChain, Scikit-learn",77201,136368
"Villa, Hall and Bishop",Automotive,Data Analyst,"LangChain, Power BI, AWS, TensorFlow",Mid,Contract,"New Garytown, FI",2024-10-21,Startup,MLflow,53641,106882
Kennedy-Davis,E-commerce,Data Scientist,"Keras, Python, Power BI, GCP",Entry,Internship,"East Jessicaport, CG",2025-02-02,Mid,"BigQuery, FastAPI, PyTorch",54875,88396
Anderson Group,E-commerce,Data Scientist,"LangChain, Pandas, Scikit-learn, MLflow, C++",Mid,Contract,"Turnerville, AO",2024-01-27,Mid,PyTorch,71896,133164
"Price, Moore and Kidd",E-commerce,Computer Vision Engineer,"FastAPI, Excel, Scikit-learn, Pandas, PyTorch, Hugging Face",Entry,Full-time,"Rachelview, KH",2024-02-09,Startup,"TensorFlow, BigQuery, MLflow",54199,121277
Carroll Group,Automotive,NLP Engineer,"C++, AWS, NumPy, SQL",Mid,Remote,"West Monica, TT",2025-05-19,Startup,KDB+,58539,140291
Woods-French,Healthcare,AI Researcher,"TensorFlow, Python, Reinforcement Learning",Mid,Internship,"South Meagan, GQ",2023-12-31,Startup,"PyTorch, Scikit-learn, KDB+",95581.5,151635
"Miller, Gonzalez and Kelly",Retail,Data Scientist,"Reinforcement Learning, Flask, C++, Azure, Hugging Face, Python",Entry,Remote,"Kellyborough, PA",2023-10-26,Startup,Scikit-learn,107193,148881
Marquez and Sons,Education,Data Scientist,"TensorFlow, Scikit-learn, NumPy, C++, Hugging Face",Entry,Contract,"Pooleview, NL",2025-03-31,Large,"FastAPI, MLflow, PyTorch",101110,159072
"Anderson, Lucas and Clements",Retail,Quant Researcher,"SQL, AWS, TensorFlow",Entry,Full-time,"West Bethanyshire, HU",2024-09-21,Mid,PyTorch,136800,229914
Williams LLC,Tech,ML Engineer,"Hugging Face, Pandas, SQL",Mid,Internship,"East Nicholeberg, DE",2025-03-25,Startup,"MLflow, PyTorch, BigQuery",124475,186998
Braun Inc,Tech,Data Scientist,"NumPy, TensorFlow, Pandas, CUDA",Senior,Internship,"Brooksbury, GE",2024-08-08,Large,BigQuery,132410,187652
"Williams, Carter and Wilson",E-commerce,NLP Engineer,"C++, Pandas, Keras, Excel",Mid,Full-time,"Juliemouth, TR",2023-11-06,Startup,"MLflow, KDB+, Scikit-learn",112490,177711
Howard-Farrell,Retail,Quant Researcher,"Scikit-learn, Excel, Flask",Entry,Internship,"Fishershire, CN",2025-07-11,Mid,FastAPI,87425,138303
Richards-Adams,Finance,Quant Researcher,"FastAPI, C++, NumPy, Flask",Entry,Internship,"Lake Kathleenville, AZ",2024-08-17,Large,"MLflow, LangChain",67422,166675
Olson Group,Automotive,Data Scientist,"SQL, Pandas, Flask",Senior,Remote,"East Nicole, GA",2025-01-25,Mid,"FastAPI, MLflow, BigQuery",60629,128509
Montgomery-Castro,Automotive,Data Analyst,"MLflow, Keras, C++, Reinforcement Learning",Mid,Internship,"South Michelebury, AO",2023-10-05,Startup,"LangChain, FastAPI",141368,183538
Cannon Group,E-commerce,AI Researcher,"Hugging Face, Flask, Pandas, SQL, TensorFlow",Entry,Remote,"Port Andrew, AF",2024-10-03,Startup,"FastAPI, MLflow, LangChain",125075,152579
Green-Freeman,Education,Data Scientist,"GCP, LangChain, Scikit-learn, NumPy, Pandas",Mid,Full-time,"East Edwardtown, ME",2024-01-11,Mid,"FastAPI, TensorFlow, MLflow",140375,183044
"Sullivan, Spencer and Holland",Finance,Quant Researcher,"FastAPI, TensorFlow, Hugging Face, SQL, Azure, Reinforcement Learning",Entry,Internship,"Thomasfurt, VA",2023-09-28,Startup,"Scikit-learn, MLflow, FastAPI",58608,145805
Barrett-Smith,Automotive,ML Engineer,"SQL, R, AWS",Mid,Internship,"Jessicachester, MW",2025-01-01,Mid,"MLflow, BigQuery, FastAPI",51771,68566
Vargas-Rodriguez,Automotive,Data Analyst,"AWS, C++, Hugging Face, Azure, TensorFlow, MLflow",Senior,Internship,"Debraton, GT",2024-06-20,Startup,"KDB+, BigQuery",87515,163452
Gaines-Vance,Healthcare,NLP Engineer,"TensorFlow, MLflow, CUDA",Entry,Remote,"Cervantesmouth, FM",2025-09-10,Large,"MLflow, TensorFlow, FastAPI",140185,236787
"Brown, Fox and Stokes",Healthcare,AI Product Manager,"Flask, CUDA, Hugging Face, MLflow, FastAPI",Mid,Internship,"Marcmouth, CN",2025-08-13,Mid,LangChain,52829,97624
Sparks-Garrison,E-commerce,Data Analyst,"FastAPI, GCP, C++",Entry,Internship,"New Andreastad, RO",2024-07-12,Mid,"FastAPI, LangChain",132513,230452
"Payne, Swanson and Silva",Automotive,AI Researcher,"TensorFlow, Power BI, Scikit-learn, Excel",Entry,Remote,"North Jamesside, YE",2024-12-22,Mid,"FastAPI, PyTorch",84716,150208
Vargas-Edwards,Tech,Data Analyst,"Power BI, GCP, Scikit-learn",Entry,Internship,"Adamtown, CH",2025-01-08,Large,"KDB+, LangChain",57691,76940
Huynh PLC,Retail,AI Researcher,"R, Keras, Azure, AWS, NumPy, GCP",Entry,Internship,"West Christopher, QA",2024-12-15,Mid,"LangChain, BigQuery, Scikit-learn",124533,208279
"Griffith, Ruiz and Jones",Healthcare,AI Product Manager,"SQL, FastAPI, CUDA, GCP, LangChain, Scikit-learn",Entry,Internship,"West Christina, BW",2024-04-14,Startup,TensorFlow,91133,152395
Flowers Group,Healthcare,Computer Vision Engineer,"NumPy, R, CUDA, MLflow, Azure, PyTorch",Mid,Full-time,"New Robin, NR",2023-10-03,Mid,"BigQuery, KDB+",45671,90178
Deleon PLC,Finance,ML Engineer,"Power BI, Keras, TensorFlow",Senior,Contract,"North Brendaview, SE",2023-11-17,Mid,"LangChain, Scikit-learn",82804,138709
Mcintosh-Mitchell,Tech,ML Engineer,"Keras, Power BI, TensorFlow, Excel, SQL, LangChain",Entry,Internship,"North John, YE",2024-07-28,Mid,"MLflow, Scikit-learn, FastAPI",91610,132764
Davies-Valentine,Finance,Quant Researcher,"AWS, GCP, Keras, SQL, Pandas, Python",Entry,Full-time,"Dixontown, BY",2024-08-29,Large,"PyTorch, Scikit-learn",68574,108118
Collins Group,Retail,NLP Engineer,"Azure, PyTorch, LangChain",Entry,Internship,"Brandonville, FR",2024-01-07,Mid,"LangChain, MLflow",95581.5,151635
Fields-Ramirez,Education,AI Researcher,"Hugging Face, LangChain, R, Python, SQL, TensorFlow",Entry,Internship,"East Alexandratown, BT",2024-03-16,Mid,BigQuery,86589,178866
"Christensen, Heath and Lopez",Education,Quant Researcher,"SQL, Scikit-learn, GCP",Mid,Internship,"Mcdonaldview, TT",2024-03-07,Startup,"LangChain, BigQuery, MLflow",93501,130789
Cross-Randall,E-commerce,Data Analyst,"Hugging Face, R, TensorFlow",Entry,Contract,"Brianshire, KE",2024-12-09,Large,"TensorFlow, LangChain",57590,85895
Brewer-Bruce,Finance,Quant Researcher,"TensorFlow, Hugging Face, CUDA, PyTorch",Entry,Contract,"New Donnaville, AG",2024-06-28,Mid,"BigQuery, MLflow, FastAPI",142708,157155
"Henderson, Owens and Jones",Finance,AI Product Manager,"FastAPI, Python, MLflow, R, TensorFlow",Mid,Internship,"Sullivanborough, TH",2024-03-11,Startup,"Scikit-learn, LangChain",140520,166869
Lee-Davis,Tech,AI Product Manager,"Excel, Pandas, Power BI, NumPy, Reinforcement Learning, C++",Senior,Internship,"Gonzalesland, UZ",2024-03-25,Startup,Scikit-learn,93505,152567
Watson-Fernandez,Healthcare,Data Scientist,"Flask, Python, C++, Azure",Entry,Full-time,"Mosesland, FJ",2024-06-17,Startup,"FastAPI, Scikit-learn",137712,152412
"Benjamin, Jordan and Larsen",Education,AI Product Manager,"Scikit-learn, MLflow, Keras, Hugging Face",Senior,Full-time,"New Angelton, SM",2024-04-16,Mid,"PyTorch, FastAPI",100873,150041
Moore LLC,Finance,Data Scientist,"R, NumPy, Hugging Face, TensorFlow",Entry,Internship,"Willischester, ET",2024-10-06,Startup,KDB+,86191,119779
"Wilson, Roberts and Frank",E-commerce,Data Scientist,"PyTorch, Azure, Flask, SQL, Power BI, TensorFlow",Entry,Full-time,"Port Amy, FJ",2023-12-15,Startup,"Scikit-learn, LangChain",107174,166157
"Hernandez, Long and Hutchinson",E-commerce,AI Product Manager,"GCP, C++, R, Pandas",Senior,Remote,"Hayesport, CH",2025-06-14,Startup,"MLflow, KDB+, LangChain",95581.5,151635
"Huffman, Larson and Bryant",Healthcare,NLP Engineer,"NumPy, C++, Python",Entry,Contract,"South Devinburgh, GM",2025-09-07,Startup,"BigQuery, KDB+",44626,114268
"Perry, Ford and Watson",Finance,Quant Researcher,"Python, Excel, Scikit-learn, TensorFlow, R",Mid,Remote,"Leeville, IR",2024-06-06,Startup,"LangChain, BigQuery, FastAPI",42058,140636
Coffey Ltd,E-commerce,AI Researcher,"LangChain, GCP, NumPy",Entry,Full-time,"Port Aprilhaven, MD",2025-07-03,Large,"PyTorch, LangChain",83416,151596
Lewis-Suarez,Education,AI Researcher,"Power BI, Pandas, Python, Keras, NumPy, Scikit-learn",Mid,Full-time,"New Brandonfurt, TJ",2023-10-29,Large,PyTorch,136005,149348
Dominguez Ltd,Education,NLP Engineer,"Flask, Pandas, Power BI, Scikit-learn, R",Senior,Contract,"Gillbury, LR",2025-01-31,Mid,"PyTorch, MLflow",142696,209766
Bennett-Peck,Finance,AI Researcher,"PyTorch, Hugging Face, GCP, Keras, TensorFlow, AWS",Mid,Remote,"Port Ernest, PY",2023-09-23,Mid,Scikit-learn,57791,105397
Jones and Sons,Finance,AI Researcher,"Azure, LangChain, Flask",Entry,Contract,"New Loriberg, OM",2024-03-05,Mid,LangChain,117104,212155
Benton-Dunn,Retail,Data Scientist,"AWS, GCP, PyTorch, Keras, TensorFlow",Entry,Full-time,"Justinmouth, BF",2024-01-17,Startup,"Scikit-learn, MLflow, KDB+",81222,98058
Martin and Sons,Automotive,Data Analyst,"Azure, Keras, R, Scikit-learn, TensorFlow, PyTorch",Entry,Contract,"South Lauraport, MC",2025-02-20,Startup,"PyTorch, KDB+",136657,216930
"Washington, Allen and Watts",Finance,Computer Vision Engineer,"AWS, TensorFlow, R",Mid,Contract,"Kyliehaven, UY",2025-04-19,Startup,"FastAPI, KDB+",117119,152032
"Bauer, Hayden and Reynolds",Healthcare,NLP Engineer,"NumPy, Excel, GCP, CUDA, AWS",Entry,Full-time,"Matthewland, FI",2024-02-27,Large,"Scikit-learn, PyTorch",98470,180907
Williams-Hamilton,Tech,AI Researcher,"PyTorch, Keras, R, SQL, Reinforcement Learning, Excel",Entry,Internship,"West Sierra, LT",2024-01-12,Mid,FastAPI,120633,178318
Walters LLC,Healthcare,Quant Researcher,"SQL, Excel, Flask, Scikit-learn",Senior,Internship,"Lake Rodneyfort, BF",2024-08-23,Startup,BigQuery,95461,193480
"Davis, Hanson and Gaines",Automotive,AI Researcher,"Flask, Keras, TensorFlow, CUDA, C++",Mid,Contract,"Lake Phyllisburgh, MY",2023-10-04,Mid,"TensorFlow, FastAPI, BigQuery",102123,122063
"Garcia, Smith and James",Automotive,ML Engineer,"NumPy, Pandas, SQL, GCP, FastAPI",Mid,Full-time,"Lake Gregoryshire, CD",2024-01-15,Mid,"MLflow, LangChain",95581.5,151635
Williams PLC,Retail,Data Analyst,"SQL, Power BI, Excel, Reinforcement Learning",Entry,Contract,"Vanessafurt, TG",2025-06-29,Large,"FastAPI, KDB+",128138,226109
Powell Ltd,Automotive,Computer Vision Engineer,"NumPy, CUDA, TensorFlow, Pandas, Hugging Face, PyTorch",Senior,Remote,"New Donaldmouth, BG",2024-02-26,Mid,"Scikit-learn, KDB+, LangChain",97139,170282
Bell-Miles,Tech,Computer Vision Engineer,"R, Excel, NumPy, CUDA, Azure, TensorFlow",Senior,Internship,"East Heather, MX",2025-04-15,Mid,Scikit-learn,137454,165905
Cohen-Gardner,Education,AI Product Manager,"SQL, MLflow, Keras",Mid,Remote,"Bairdmouth, BF",2024-07-08,Large,MLflow,42730,121043
"Smith, Shepherd and Dawson",Education,NLP Engineer,"Keras, FastAPI, Flask",Senior,Remote,"East Matthew, KW",2025-07-10,Startup,MLflow,121082,204983
Dennis-West,Automotive,AI Researcher,"LangChain, SQL, Hugging Face",Mid,Remote,"West Carolberg, KW",2025-08-20,Mid,MLflow,94437,128266
"Cortez, Kirby and Harris",Finance,Computer Vision Engineer,"TensorFlow, Excel, NumPy, Reinforcement Learning, MLflow, Power BI",Senior,Remote,"North George, LC",2024-03-31,Startup,BigQuery,67907,106672
Martin and Sons,Automotive,Data Scientist,"Hugging Face, Pandas, Scikit-learn, Flask",Entry,Internship,"Mitchelltown, GE",2025-04-01,Mid,KDB+,95122,188498
Jones-Romero,Education,Quant Researcher,"AWS, Scikit-learn, TensorFlow, FastAPI, Power BI, Azure",Entry,Internship,"Coxstad, PE",2024-07-20,Mid,PyTorch,141020,194689
"Mercer, Robinson and Rhodes",E-commerce,Data Scientist,"LangChain, FastAPI, R",Senior,Internship,"Jacksonborough, BH",2025-04-22,Large,MLflow,133090,175529
White-Gomez,Education,Data Analyst,"TensorFlow, SQL, Reinforcement Learning, AWS, PyTorch, Python",Senior,Contract,"Carlaton, BR",2025-07-24,Large,"PyTorch, TensorFlow",96867,163829
Morgan-Phillips,E-commerce,Data Analyst,"Scikit-learn, Reinforcement Learning, NumPy, MLflow, Flask, Hugging Face",Entry,Full-time,"Rodriguezchester, SK",2025-03-18,Mid,FastAPI,133145,195186
Bailey-York,Education,AI Researcher,"FastAPI, Azure, NumPy, GCP, Flask",Mid,Internship,"Brittanymouth, ME",2024-11-05,Large,FastAPI,44966,73083
Rodriguez-Walters,Healthcare,AI Product Manager,"Flask, TensorFlow, Python, R, Azure, SQL",Senior,Full-time,"Travistown, PS",2024-01-18,Mid,"PyTorch, Scikit-learn, KDB+",113803,173152
Ortiz PLC,E-commerce,AI Researcher,"Keras, GCP, Scikit-learn, MLflow, NumPy",Entry,Full-time,"Rochastad, BB",2025-02-20,Mid,"LangChain, PyTorch",96732,192601
Green-Moore,Retail,Data Analyst,"R, NumPy, PyTorch",Senior,Full-time,"East Valerieville, KE",2024-01-09,Startup,PyTorch,137258,223013
"Underwood, Scott and Norris",Education,Data Scientist,"NumPy, Pandas, LangChain, MLflow, TensorFlow, R",Senior,Remote,"Davisville, GQ",2024-12-19,Startup,"BigQuery, TensorFlow, MLflow",129628,217643
Gonzalez-Gordon,Education,Data Scientist,"MLflow, LangChain, Power BI, CUDA, SQL, TensorFlow",Senior,Full-time,"Jodyville, BA",2025-02-18,Large,"Scikit-learn, LangChain",98960,171179
Gilmore Group,Tech,Quant Researcher,"Scikit-learn, R, Power BI",Mid,Full-time,"North William, FJ",2024-06-05,Large,"PyTorch, LangChain, BigQuery",98270,193839
Scott-Jones,Education,Data Scientist,"Keras, NumPy, Reinforcement Learning, Scikit-learn, Azure, Pandas",Mid,Internship,"Haneyview, KR",2025-03-28,Large,"PyTorch, BigQuery",112886,206291
Johnson-Peters,Tech,NLP Engineer,"LangChain, GCP, NumPy, Python, R",Entry,Contract,"North Daniel, AZ",2025-04-18,Startup,LangChain,74842,147593
"Black, Baker and Sanchez",Healthcare,AI Researcher,"FastAPI, Flask, Power BI, Reinforcement Learning, PyTorch",Entry,Full-time,"West Josebury, IS",2024-01-19,Startup,MLflow,132532,204945
Durham Ltd,Education,Data Analyst,"SQL, MLflow, Keras, TensorFlow, NumPy, Reinforcement Learning",Entry,Contract,"Lake Marychester, CU",2025-09-05,Startup,"KDB+, MLflow",85034,163334
Lee LLC,Healthcare,AI Researcher,"AWS, NumPy, TensorFlow, Hugging Face, CUDA, Power BI",Senior,Full-time,"South Feliciafurt, SA",2024-01-02,Mid,"PyTorch, FastAPI, Scikit-learn",69810,147152
Lindsey LLC,Automotive,AI Product Manager,"AWS, Flask, C++, GCP, Hugging Face",Senior,Contract,"West Lauren, FM",2025-01-31,Startup,"FastAPI, TensorFlow",123414,145432
"Miller, Garcia and Juarez",Automotive,AI Researcher,"Reinforcement Learning, TensorFlow, Flask, Excel, GCP",Senior,Remote,"Port Kevin, TV",2025-02-10,Mid,"Scikit-learn, LangChain, FastAPI",142118,211573
Matthews and Sons,Retail,NLP Engineer,"TensorFlow, Hugging Face, MLflow, GCP, PyTorch",Senior,Internship,"Port Crystal, SN",2024-09-10,Large,"FastAPI, TensorFlow",93048,182709
Cannon-Phelps,Retail,Quant Researcher,"FastAPI, Scikit-learn, LangChain",Entry,Full-time,"Lake Danielle, IE",2024-10-23,Startup,"FastAPI, MLflow",143586,192237
Anderson PLC,Automotive,NLP Engineer,"R, FastAPI, TensorFlow",Entry,Internship,"Sandovalberg, BY",2025-02-20,Mid,Scikit-learn,130633,195258
Brady and Sons,E-commerce,ML Engineer,"Excel, R, Pandas",Entry,Remote,"Stewartfort, AM",2024-05-30,Large,"FastAPI, PyTorch",47496,67158
Johnson Inc,Finance,Quant Researcher,"PyTorch, CUDA, TensorFlow, FastAPI, Keras",Senior,Full-time,"West Jason, CU",2023-10-19,Startup,Scikit-learn,98888,179005
"Gonzalez, Burnett and Alexander",Automotive,Data Analyst,"Reinforcement Learning, Hugging Face, CUDA, PyTorch",Mid,Remote,"North Paulburgh, BF",2025-01-10,Startup,"BigQuery, PyTorch",95581.5,151635
Morris-Lee,Retail,NLP Engineer,"Reinforcement Learning, TensorFlow, Pandas, Keras, Python, PyTorch",Mid,Internship,"West Eric, ZA",2024-03-28,Startup,Scikit-learn,53719,90956
Baxter and Sons,Healthcare,Data Scientist,"Pandas, Reinforcement Learning, FastAPI, Power BI",Senior,Contract,"West Carolynside, TN",2024-02-06,Startup,FastAPI,85034,137565
"King, Hatfield and Small",Automotive,ML Engineer,"Reinforcement Learning, TensorFlow, Hugging Face, SQL, C++, LangChain",Senior,Remote,"Wheelerview, BZ",2025-03-26,Startup,KDB+,78685,174178
"Bailey, Chavez and Green",Tech,Data Scientist,"R, Scikit-learn, LangChain, Flask",Entry,Full-time,"East Marcus, TH",2025-04-28,Large,"BigQuery, TensorFlow",95581.5,151635
"Daniels, Lambert and Porter",E-commerce,Data Analyst,"LangChain, C++, Power BI",Entry,Full-time,"Tylerberg, CU",2025-03-03,Large,LangChain,95581.5,151635
Casey Ltd,E-commerce,ML Engineer,"NumPy, SQL, Flask, Python",Entry,Full-time,"Priceland, TL",2025-03-18,Startup,TensorFlow,98434,136560
"Williams, Robinson and Scott",Tech,ML Engineer,"Excel, Scikit-learn, AWS, Flask, LangChain",Entry,Remote,"Parkborough, BI",2024-08-30,Startup,TensorFlow,114993,167476
Palmer Group,Finance,Data Scientist,"Excel, Pandas, SQL, R, Azure",Entry,Remote,"Port Amyberg, CD",2024-01-22,Large,BigQuery,44859,105193
Brooks Group,Healthcare,AI Researcher,"Pandas, GCP, Power BI, Hugging Face, Reinforcement Learning, CUDA",Senior,Internship,"New Jerome, CY",2024-12-27,Startup,"Scikit-learn, TensorFlow",112082,168256
"Martinez, Nelson and Hernandez",Education,Data Analyst,"PyTorch, Python, AWS, Reinforcement Learning, FastAPI, CUDA",Entry,Remote,"Port Justin, RW",2024-09-22,Startup,"KDB+, PyTorch, FastAPI",74410,152948
Sanchez Ltd,Retail,Quant Researcher,"Scikit-learn, PyTorch, Python",Entry,Contract,"North Nicoleland, AF",2024-06-27,Mid,Scikit-learn,86695,101255
Riley Ltd,Retail,Data Scientist,"LangChain, Power BI, Python",Mid,Internship,"Williamside, ST",2025-07-11,Startup,"MLflow, PyTorch",133790,219591
Hunter Inc,Tech,AI Researcher,"NumPy, PyTorch, Excel",Mid,Internship,"Lindabury, HN",2023-10-26,Startup,KDB+,52444,92373
"Day, Jones and Castillo",Finance,Quant Researcher,"Scikit-learn, PyTorch, Reinforcement Learning, Flask, FastAPI, MLflow",Mid,Internship,"North Carolfurt, MM",2025-05-25,Mid,"MLflow, KDB+",123880,187230
"Tran, Williams and Ochoa",Automotive,NLP Engineer,"CUDA, Pandas, Scikit-learn",Mid,Full-time,"Lake Micheal, SC",2024-10-11,Mid,"MLflow, KDB+",146084,231984
"Deleon, Fuller and Hall",Healthcare,Computer Vision Engineer,"NumPy, PyTorch, SQL, TensorFlow",Entry,Contract,"Parrishburgh, OM",2025-05-16,Mid,MLflow,56481,84513
"Pierce, White and Poole",Retail,NLP Engineer,"Reinforcement Learning, Pandas, Azure, SQL, C++",Senior,Full-time,"Port John, LU",2024-07-08,Startup,"TensorFlow, Scikit-learn",57340,68602
Johnson LLC,Finance,NLP Engineer,"FastAPI, LangChain, Python, AWS, R, TensorFlow",Senior,Full-time,"Zacharyberg, PG",2025-09-18,Startup,MLflow,118381,202353
Tucker LLC,Education,NLP Engineer,"AWS, Power BI, Pandas, TensorFlow",Mid,Full-time,"East Justin, FJ",2024-04-07,Large,"MLflow, BigQuery, FastAPI",119065,138839
"Washington, Kirby and Kennedy",Healthcare,AI Product Manager,"Hugging Face, LangChain, Flask, AWS",Entry,Remote,"Lake Bryan, CD",2025-07-17,Large,"FastAPI, LangChain, MLflow",95581.5,151635
Mills LLC,Retail,Data Scientist,"PyTorch, C++, Flask, Pandas, NumPy",Mid,Remote,"New Sonya, FJ",2025-07-18,Startup,"MLflow, LangChain, TensorFlow",55380,126665
Stewart Inc,Automotive,AI Product Manager,"CUDA, LangChain, NumPy, GCP, Flask, Azure",Entry,Internship,"Bradleystad, KI",2024-08-18,Startup,"KDB+, MLflow",97367,187232
Mckay-Patton,Automotive,NLP Engineer,"Excel, Azure, R, FastAPI, PyTorch, Power BI",Mid,Remote,"Kimfurt, MW",2024-09-10,Startup,LangChain,61468,116118
Cooley LLC,Tech,Data Analyst,"TensorFlow, GCP, Power BI, FastAPI, Pandas, R",Entry,Remote,"East Jasonfort, MU",2024-10-26,Mid,LangChain,115727,146548
Williams PLC,Retail,Computer Vision Engineer,"NumPy, Keras, Reinforcement Learning",Mid,Internship,"South Latoya, CV",2024-06-29,Startup,Scikit-learn,87853,140156
"Carlson, Taylor and Johnson",Finance,Quant Researcher,"Excel, SQL, AWS, Scikit-learn, GCP",Senior,Contract,"Scottmouth, NP",2024-05-25,Startup,"LangChain, MLflow, Scikit-learn",143861,179759
Price LLC,Automotive,NLP Engineer,"PyTorch, Excel, LangChain, Scikit-learn",Senior,Full-time,"Brittanyborough, GN",2024-07-12,Startup,"TensorFlow, FastAPI, KDB+",67012,121933
Adams and Sons,Tech,AI Researcher,"Scikit-learn, CUDA, GCP, SQL, Reinforcement Learning",Entry,Contract,"Port Judyside, SL",2024-07-09,Large,"LangChain, BigQuery",41971,77635
Roberts Ltd,Retail,NLP Engineer,"SQL, PyTorch, Keras, Reinforcement Learning, C++, Hugging Face",Senior,Remote,"East Charles, CL",2024-08-08,Large,"TensorFlow, LangChain",139502,184795
"Johnson, Fuller and Rogers",Retail,Quant Researcher,"Excel, LangChain, FastAPI, SQL, Azure, Keras",Mid,Full-time,"New Antoniomouth, VN",2024-01-31,Startup,"PyTorch, TensorFlow",45567,73023
Morgan PLC,Retail,NLP Engineer,"C++, Azure, Hugging Face, Keras, PyTorch",Entry,Internship,"Martinchester, SO",2025-02-10,Startup,KDB+,136733,208599
Evans PLC,Automotive,Quant Researcher,"SQL, Azure, Reinforcement Learning, C++",Mid,Contract,"West Karen, LI",2024-09-23,Mid,FastAPI,89039,133332
Young-Flores,E-commerce,Data Scientist,"Pandas, FastAPI, Azure, Flask, Python, SQL",Mid,Contract,"North Debbie, DJ",2023-10-03,Large,PyTorch,95581.5,151635
"Howard, Owens and Coleman",Education,AI Researcher,"SQL, NumPy, GCP",Mid,Internship,"Hollowayfort, QA",2024-04-16,Large,"MLflow, TensorFlow, PyTorch",101178,186066
Jefferson-Cooper,E-commerce,NLP Engineer,"Flask, GCP, C++, Hugging Face, PyTorch",Senior,Remote,"Marissabury, AO",2025-02-13,Startup,"MLflow, TensorFlow, FastAPI",123425,181886
"Mosley, Schultz and Wilson",Education,ML Engineer,"Hugging Face, MLflow, PyTorch",Entry,Internship,"Roseland, IT",2025-08-28,Large,PyTorch,70478,128940
"Collier, Houston and Brown",E-commerce,Quant Researcher,"Reinforcement Learning, C++, TensorFlow",Mid,Contract,"Adrianstad, SG",2024-03-23,Large,PyTorch,54468,79575
Raymond-Powell,Retail,ML Engineer,"Azure, LangChain, R",Entry,Internship,"Alexchester, GT",2024-04-28,Large,PyTorch,118961,131569
Booth-Gibbs,E-commerce,ML Engineer,"Flask, Excel, Azure, MLflow, Keras, LangChain",Senior,Internship,"Michaelchester, BR",2025-03-10,Mid,LangChain,77357,139297
Henderson-Lewis,Retail,AI Product Manager,"Scikit-learn, TensorFlow, Power BI, SQL, Hugging Face, Excel",Entry,Internship,"Nelsonbury, AE",2024-06-13,Startup,"LangChain, TensorFlow",73723,124812
Rhodes PLC,E-commerce,AI Product Manager,"Excel, GCP, R",Entry,Internship,"West Laura, SE",2023-12-13,Startup,Scikit-learn,95581.5,151635
"Yang, Wyatt and Jackson",Education,AI Researcher,"Power BI, NumPy, GCP",Entry,Full-time,"Fitzgeraldmouth, TL",2025-01-02,Mid,KDB+,95581.5,151635
Ortiz-Hogan,Tech,NLP Engineer,"C++, R, LangChain, Keras",Entry,Remote,"Port Kellieview, FR",2025-03-12,Mid,"Scikit-learn, TensorFlow",119426,210962
Morgan-Kelly,Automotive,AI Researcher,"Hugging Face, AWS, R",Senior,Contract,"Fryeside, UZ",2025-06-06,Mid,"MLflow, LangChain, BigQuery",143238,190147
Kelly-Conrad,E-commerce,Data Analyst,"CUDA, NumPy, Power BI, Azure, SQL, Keras",Mid,Contract,"Lake Kevinmouth, SE",2024-09-15,Large,KDB+,95911,153606
"Briggs, Chase and Thompson",E-commerce,NLP Engineer,"Azure, MLflow, Keras, Scikit-learn",Entry,Contract,"Claudiaberg, DZ",2024-08-09,Large,"PyTorch, Scikit-learn, KDB+",144692,182426
Payne-Reese,Finance,AI Product Manager,"GCP, Hugging Face, NumPy, Power BI, Excel, Keras",Mid,Contract,"Campbellville, BS",2025-09-03,Large,"PyTorch, Scikit-learn",65633,128186
"Mullins, Black and Ferrell",Education,AI Researcher,"R, Scikit-learn, Excel, Hugging Face",Mid,Remote,"North Donald, TL",2025-09-15,Large,"LangChain, TensorFlow",96745,117500
"Williams, Johnson and Williams",Automotive,AI Researcher,"Azure, Pandas, Scikit-learn",Entry,Internship,"Charlesberg, DO",2024-08-23,Large,KDB+,90844,116911
"Vega, Trujillo and Sanchez",Healthcare,Data Scientist,"Azure, TensorFlow, AWS, NumPy",Senior,Internship,"East Lauraland, QA",2025-02-24,Large,TensorFlow,127738,213346
Parker Group,E-commerce,Computer Vision Engineer,"NumPy, Flask, MLflow",Entry,Internship,"North Kelly, SI",2023-11-05,Large,"PyTorch, FastAPI, Scikit-learn",40044,122431
"Miranda, Gonzalez and Long",Healthcare,AI Researcher,"R, Excel, FastAPI, Pandas, TensorFlow, NumPy",Entry,Full-time,"New Brettburgh, BR",2024-05-17,Large,"LangChain, FastAPI, MLflow",87576,154227
"Franklin, Saunders and Gray",Automotive,AI Researcher,"CUDA, Hugging Face, Azure",Senior,Full-time,"Lake Kaitlyn, BH",2023-12-11,Large,"FastAPI, PyTorch",127240,171690
"Smith, Montes and Rodriguez",Education,ML Engineer,"FastAPI, CUDA, NumPy",Entry,Remote,"Johnborough, IR",2025-07-06,Mid,"TensorFlow, Scikit-learn",79966,166524
"Klein, Mason and Edwards",Finance,ML Engineer,"PyTorch, TensorFlow, FastAPI, NumPy, Reinforcement Learning",Senior,Contract,"Carlsonside, KR",2025-02-21,Mid,BigQuery,145861,182592
Mcbride-Harrison,Retail,Data Scientist,"Python, Pandas, R, Reinforcement Learning",Entry,Remote,"East Angelaville, DM",2025-05-18,Large,"FastAPI, MLflow, BigQuery",72218,140897
Brown-Shaffer,Healthcare,ML Engineer,"Azure, Hugging Face, C++, Power BI",Mid,Full-time,"East Kimberlystad, LK",2024-04-14,Large,"FastAPI, BigQuery",44006,88400
"Mcintyre, Bradley and Scott",Education,Quant Researcher,"SQL, FastAPI, NumPy, TensorFlow, Keras, Reinforcement Learning",Entry,Remote,"Lake Pamelafurt, BB",2024-01-15,Mid,"TensorFlow, MLflow",43780,84358
Harris-Miller,Tech,Quant Researcher,"Scikit-learn, Keras, Pandas",Entry,Internship,"New Matthew, GM",2024-01-20,Large,"PyTorch, BigQuery",61249,134740
Meadows PLC,Education,Data Analyst,"FastAPI, MLflow, Excel, Reinforcement Learning, Hugging Face, Pandas",Entry,Internship,"Hendrickstown, UG",2024-12-04,Large,"BigQuery, TensorFlow",149324,195524
"Crawford, Perry and Reynolds",E-commerce,Data Scientist,"C++, Scikit-learn, FastAPI, GCP",Entry,Contract,"East Alexisbury, MC",2025-09-02,Startup,"BigQuery, FastAPI",143363,168572
Taylor PLC,Automotive,AI Researcher,"Python, Keras, NumPy, R, Scikit-learn, PyTorch",Senior,Internship,"Murrayton, ST",2023-12-01,Large,"KDB+, Scikit-learn",93073,108827
"Herring, Smith and Fletcher",Healthcare,Quant Researcher,"Keras, C++, Flask, Python, GCP, NumPy",Entry,Internship,"Monroemouth, GQ",2025-05-20,Large,"PyTorch, FastAPI",144902,243389
Howard-Johnson,Automotive,AI Product Manager,"Keras, TensorFlow, Excel, CUDA, PyTorch",Mid,Contract,"Westville, ZA",2025-01-21,Mid,MLflow,73201,96873
Kidd PLC,Tech,AI Product Manager,"TensorFlow, Flask, GCP, Pandas",Entry,Contract,"Madisonstad, BT",2024-02-01,Large,"LangChain, BigQuery, MLflow",53695,121552
Mccoy Inc,Retail,ML Engineer,"AWS, FastAPI, Keras",Mid,Contract,"North Donnaside, FM",2025-08-29,Mid,"TensorFlow, MLflow",42104,140917
"Riddle, Costa and Morris",E-commerce,ML Engineer,"Reinforcement Learning, Excel, LangChain, TensorFlow, FastAPI, R",Mid,Internship,"Leeton, ZA",2023-10-18,Large,TensorFlow,146786,165131
Allen-Middleton,E-commerce,AI Researcher,"Excel, FastAPI, Power BI, R",Senior,Contract,"North Shannon, QA",2025-07-30,Startup,LangChain,52261,62954
"Walker, Parks and Ray",Automotive,ML Engineer,"GCP, Hugging Face, MLflow",Entry,Internship,"Sheltonburgh, DE",2024-01-30,Large,"PyTorch, Scikit-learn, TensorFlow",124350,175380
"Lee, Roberts and Jones",Education,Computer Vision Engineer,"Azure, SQL, AWS",Entry,Internship,"West Nathan, AF",2025-03-06,Startup,MLflow,122574,158266
"Cox, Jacobson and Gillespie",Education,Data Analyst,"Flask, FastAPI, Power BI, Reinforcement Learning, Keras, SQL",Entry,Full-time,"Delgadomouth, ID",2025-03-29,Mid,MLflow,50676,79231
Stevenson-Flores,Retail,AI Product Manager,"R, FastAPI, Power BI",Mid,Internship,"East Kelli, TZ",2024-07-06,Large,KDB+,59596,145072
Fisher Inc,E-commerce,Quant Researcher,"Azure, Scikit-learn, Excel, Flask, GCP, AWS",Mid,Remote,"Copelandfort, WS",2024-11-12,Startup,PyTorch,52352,106000
Santos and Sons,Automotive,AI Researcher,"Azure, GCP, Hugging Face, R, Scikit-learn",Senior,Contract,"Desireestad, MG",2024-05-20,Startup,"LangChain, TensorFlow",44992,67962
Washington Group,Healthcare,AI Product Manager,"C++, AWS, SQL",Mid,Remote,"Jasonstad, RW",2024-10-17,Startup,"LangChain, Scikit-learn, MLflow",76958,104030
Hoffman LLC,Automotive,Data Analyst,"SQL, Scikit-learn, TensorFlow, LangChain, R, Power BI",Mid,Full-time,"West Sarahborough, KG",2024-02-03,Startup,"MLflow, TensorFlow, Scikit-learn",113006,141758
Suarez LLC,Education,AI Product Manager,"C++, LangChain, NumPy, Azure, MLflow",Entry,Internship,"Hodgesborough, ER",2023-12-28,Large,KDB+,110023,151959
Green Ltd,Finance,Computer Vision Engineer,"Keras, Scikit-learn, Pandas, Python, FastAPI",Senior,Internship,"Gordontown, CA",2024-01-01,Large,"MLflow, LangChain, FastAPI",139711,223197
Fischer-Guzman,Tech,Computer Vision Engineer,"PyTorch, Python, Flask",Mid,Internship,"North James, UA",2023-09-26,Large,"TensorFlow, KDB+",101687,193715
Powell-Hall,E-commerce,Computer Vision Engineer,"AWS, R, FastAPI",Senior,Remote,"Ortizside, PK",2023-11-16,Startup,"MLflow, LangChain",148358,235635
Price-Johnson,E-commerce,ML Engineer,"AWS, PyTorch, Scikit-learn",Senior,Remote,"Leestad, DE",2024-04-26,Startup,Scikit-learn,112045,176528
"Boyle, Griffin and Mitchell",E-commerce,AI Researcher,"Power BI, TensorFlow, Azure, PyTorch, NumPy",Senior,Full-time,"Michaelport, GW",2024-03-03,Startup,TensorFlow,89570,149201
"Gould, Owen and Hahn",Finance,Data Scientist,"FastAPI, AWS, Python",Entry,Full-time,"South Steven, NE",2025-02-12,Startup,"MLflow, FastAPI, BigQuery",47542,119102
Fox Inc,Retail,Computer Vision Engineer,"Flask, Pandas, SQL, PyTorch",Mid,Remote,"Wheelerborough, VC",2025-08-13,Large,"FastAPI, PyTorch",71640,85301
"Martin, Morrison and Woods",Healthcare,AI Researcher,"Pandas, PyTorch, Power BI, FastAPI, TensorFlow",Mid,Contract,"South Veronicaberg, AD",2024-05-24,Large,"PyTorch, FastAPI, LangChain",107629,145979
"Thornton, Johnson and Coleman",Education,Quant Researcher,"Power BI, C++, NumPy",Senior,Full-time,"Daltontown, GD",2024-02-26,Mid,"LangChain, Scikit-learn, PyTorch",97661,179130
Nelson PLC,E-commerce,Quant Researcher,"PyTorch, Pandas, TensorFlow, Azure, NumPy",Entry,Remote,"North Linda, BG",2023-09-22,Mid,"KDB+, Scikit-learn",72703,140316
"Peters, Martin and Gonzalez",Finance,Data Scientist,"PyTorch, Excel, Scikit-learn, MLflow",Entry,Internship,"South Jeremyborough, MM",2024-05-01,Mid,"MLflow, TensorFlow",95581.5,151635
Holmes-Palmer,Education,Data Analyst,"NumPy, Excel, LangChain, PyTorch, AWS, Power BI",Mid,Full-time,"West Melanie, SG",2024-10-26,Large,"MLflow, TensorFlow",94017,182469
"Bass, Carpenter and Bishop",E-commerce,Computer Vision Engineer,"Azure, TensorFlow, Excel",Senior,Contract,"West Rebeccachester, BE",2024-03-09,Startup,Scikit-learn,117882,213004
Robinson Inc,Education,AI Product Manager,"Excel, MLflow, NumPy",Senior,Remote,"East Laurie, GH",2025-08-17,Large,LangChain,54113,93140
Moore-Ross,Automotive,NLP Engineer,"AWS, MLflow, Reinforcement Learning, FastAPI, Python",Entry,Remote,"Waltersfurt, KZ",2024-03-05,Large,"PyTorch, MLflow, KDB+",115738,195091
Hernandez-Schneider,Education,AI Product Manager,"Python, MLflow, Azure, Reinforcement Learning",Entry,Internship,"South Ravenfurt, TW",2024-07-26,Large,"FastAPI, Scikit-learn",72794,126656
Singleton-Morris,Automotive,AI Product Manager,"AWS, NumPy, CUDA, Scikit-learn",Entry,Full-time,"East Alyssahaven, ML",2025-07-13,Mid,"PyTorch, BigQuery",97964,155467
"Smith, Barnett and Robles",Automotive,AI Product Manager,"Azure, R, MLflow, Python, AWS",Entry,Full-time,"Martinezburgh, IN",2024-05-25,Mid,"LangChain, BigQuery",65913,127356
"Anderson, Perez and Harrison",Healthcare,Quant Researcher,"GCP, Hugging Face, Python",Mid,Remote,"East Daniel, JM",2024-07-24,Large,PyTorch,88549,108694
Woodard-Jones,Finance,ML Engineer,"Hugging Face, PyTorch, SQL, FastAPI",Mid,Internship,"East Michael, CI",2025-05-20,Mid,Scikit-learn,95581.5,151635
"Taylor, Randolph and Robinson",Finance,Computer Vision Engineer,"CUDA, MLflow, Flask, Python, Scikit-learn, PyTorch",Mid,Contract,"Derekton, AL",2025-06-24,Large,"TensorFlow, PyTorch",54397,133038
"Scott, Nguyen and Gomez",E-commerce,Data Scientist,"Keras, LangChain, FastAPI",Senior,Contract,"West Austinbury, SC",2025-09-19,Large,"FastAPI, BigQuery, TensorFlow",106470,120224
"Stephens, Barnes and Howard",Education,AI Researcher,"AWS, LangChain, Python, PyTorch, R",Mid,Full-time,"Lake Meganchester, CY",2024-10-27,Startup,"Scikit-learn, BigQuery",69114,96062
Young-Cook,Healthcare,Data Scientist,"CUDA, Pandas, R, Reinforcement Learning, TensorFlow, Azure",Mid,Internship,"North Stephen, LV",2025-08-28,Large,TensorFlow,95581.5,151635
Perez-Mills,Finance,Data Analyst,"NumPy, MLflow, Flask, Keras, TensorFlow, FastAPI",Entry,Remote,"Vanessamouth, ID",2023-10-16,Startup,"PyTorch, MLflow, Scikit-learn",95581.5,151635
"Torres, Williams and Ramos",Automotive,ML Engineer,"GCP, Hugging Face, Keras",Entry,Internship,"New Stephanieside, LI",2025-08-29,Startup,"BigQuery, LangChain, Scikit-learn",149066,207483
Mosley-Ferrell,Retail,Quant Researcher,"Reinforcement Learning, C++, Scikit-learn",Senior,Full-time,"Paulberg, NE",2025-01-27,Mid,FastAPI,125945,180189
Roman Inc,Retail,Computer Vision Engineer,"AWS, Power BI, TensorFlow, SQL",Mid,Remote,"Lake Vanessashire, MW",2024-01-23,Mid,"LangChain, KDB+, PyTorch",119221,152590
Johnson-Bell,Automotive,ML Engineer,"AWS, Azure, Reinforcement Learning, NumPy",Senior,Contract,"Toddfurt, LT",2024-05-08,Startup,LangChain,84230,111464
"Macias, King and Sanchez",Education,AI Researcher,"PyTorch, Reinforcement Learning, Pandas",Senior,Contract,"South Jesus, NL",2025-01-13,Startup,"MLflow, PyTorch, LangChain",65718,165024
Franco and Sons,Automotive,Quant Researcher,"Hugging Face, FastAPI, Reinforcement Learning, Flask",Entry,Internship,"North Amanda, JO",2025-01-28,Startup,KDB+,117920,214828
"Villa, Fowler and Oneill",Tech,Data Scientist,"Power BI, Reinforcement Learning, TensorFlow, CUDA",Senior,Internship,"New Jacob, CZ",2024-03-08,Startup,"LangChain, FastAPI",139463,235020
Cervantes-Parker,Education,Quant Researcher,"Reinforcement Learning, TensorFlow, R, SQL, FastAPI",Mid,Contract,"Lake Jessicamouth, CH",2024-07-08,Large,TensorFlow,125497,137583
Gonzalez Inc,E-commerce,ML Engineer,"Keras, LangChain, AWS, TensorFlow, Reinforcement Learning, NumPy",Senior,Internship,"West Brian, VU",2023-12-07,Large,"TensorFlow, LangChain, MLflow",135863,181350
Suarez LLC,Healthcare,ML Engineer,"NumPy, Excel, Scikit-learn, CUDA, R, TensorFlow",Entry,Full-time,"North Richardburgh, HR",2025-09-06,Mid,"BigQuery, LangChain",95581.5,151635
"Cox, Taylor and Kent",Tech,NLP Engineer,"C++, TensorFlow, Keras",Entry,Full-time,"New Jamesside, TJ",2024-08-26,Mid,BigQuery,95581.5,151635
Blanchard-Rodriguez,Automotive,Computer Vision Engineer,"Excel, Scikit-learn, PyTorch, FastAPI",Mid,Remote,"South Corey, LY",2024-11-29,Large,"FastAPI, KDB+",124196,209492
"Schmitt, Terry and Ramirez",Healthcare,Data Analyst,"Hugging Face, PyTorch, AWS, MLflow",Senior,Contract,"Petersonstad, MX",2024-08-05,Mid,"TensorFlow, BigQuery, FastAPI",137549,211945
Nixon-Martinez,Education,NLP Engineer,"Reinforcement Learning, MLflow, GCP, Azure, Pandas",Senior,Internship,"Jacksonfurt, EC",2024-02-21,Startup,PyTorch,86557,115492
Jenkins Ltd,Retail,AI Product Manager,"Power BI, Python, Scikit-learn, R, Pandas",Entry,Full-time,"New Jessicaburgh, SE",2024-12-16,Mid,"BigQuery, TensorFlow",89046,110627
"Grant, Rosario and Williams",Retail,AI Researcher,"Keras, AWS, SQL, CUDA, Python, GCP",Mid,Remote,"Lake Ryanville, AZ",2024-12-28,Large,"TensorFlow, MLflow, PyTorch",127351,220767
"Rogers, Nixon and Martinez",Retail,ML Engineer,"Excel, Flask, FastAPI",Mid,Internship,"New Lauren, OM",2024-03-30,Large,Scikit-learn,122699,207906
Carter-Lang,Healthcare,AI Researcher,"LangChain, MLflow, Azure",Entry,Full-time,"Millerburgh, ZA",2025-03-05,Mid,"MLflow, BigQuery, LangChain",138388,235443
"Moss, Salazar and Stanley",Retail,ML Engineer,"CUDA, Scikit-learn, Power BI, TensorFlow",Mid,Full-time,"Kimberlyfurt, HN",2024-09-22,Mid,"Scikit-learn, MLflow",95581.5,151635
Carlson-Allen,Retail,Data Analyst,"C++, Azure, CUDA",Mid,Remote,"New Kristinatown, GD",2023-11-25,Mid,"MLflow, FastAPI, LangChain",120521,199525
Robertson-Alvarez,Automotive,Quant Researcher,"NumPy, Python, SQL",Entry,Internship,"Lake Jacquelineside, SD",2024-11-17,Large,"LangChain, TensorFlow, Scikit-learn",73584,110294
Gutierrez-Solomon,Healthcare,Computer Vision Engineer,"Pandas, Azure, Reinforcement Learning, C++, FastAPI",Senior,Full-time,"West James, FJ",2025-06-23,Startup,"Scikit-learn, KDB+",95581.5,151635
Holland PLC,E-commerce,AI Product Manager,"C++, R, Python, Scikit-learn, Reinforcement Learning, LangChain",Entry,Remote,"Michealburgh, BW",2025-05-18,Mid,"FastAPI, LangChain",65517,143228
"Gonzalez, Wilson and Barnett",Retail,AI Product Manager,"TensorFlow, Excel, LangChain",Senior,Full-time,"Rogersstad, SL",2024-09-25,Startup,BigQuery,116334,191378
Tran and Sons,Automotive,ML Engineer,"SQL, Flask, C++",Mid,Internship,"Lake Jonathanhaven, SE",2025-07-29,Mid,"Scikit-learn, TensorFlow, PyTorch",104129,180066
"Pena, Figueroa and Gregory",E-commerce,NLP Engineer,"Scikit-learn, Python, Excel, C++",Senior,Internship,"West Christophermouth, UZ",2024-11-29,Startup,"KDB+, PyTorch, BigQuery",95581.5,151635
Perez-Wilkins,Healthcare,Data Scientist,"MLflow, C++, Power BI, LangChain",Senior,Internship,"Lake Alice, TO",2025-01-04,Startup,"Scikit-learn, KDB+",101917,123000
Morales-Wallace,Automotive,AI Product Manager,"SQL, C++, R, Scikit-learn, NumPy",Senior,Full-time,"Faulknerfort, SL",2024-04-19,Large,Scikit-learn,79029,130633
Steele-Hansen,E-commerce,AI Product Manager,"Excel, Power BI, Hugging Face, LangChain, MLflow",Mid,Contract,"North Jaclynview, JM",2025-07-06,Startup,"KDB+, LangChain, BigQuery",143756,214831
"Martin, Love and Gonzalez",Tech,Data Scientist,"Reinforcement Learning, FastAPI, AWS",Entry,Remote,"Port Michael, CI",2024-05-06,Large,FastAPI,85533,108720
Wood PLC,Automotive,Quant Researcher,"Excel, Power BI, Hugging Face, Flask, NumPy",Entry,Full-time,"South Javierport, GB",2025-06-09,Large,"Scikit-learn, BigQuery",113696,156285
Watson and Sons,Healthcare,Computer Vision Engineer,"R, LangChain, Power BI, C++",Mid,Internship,"Port Timothyhaven, MR",2025-03-02,Large,"KDB+, BigQuery, FastAPI",44327,114164
"Martinez, Frye and Murray",Automotive,Data Analyst,"Hugging Face, Excel, Keras, FastAPI, TensorFlow, GCP",Senior,Full-time,"Zamorafort, BY",2023-12-22,Startup,"LangChain, KDB+, MLflow",42174,115778
Austin-Garza,Education,Data Scientist,"Reinforcement Learning, Pandas, AWS",Entry,Contract,"Landryburgh, BO",2025-02-27,Mid,KDB+,83012,128069
Cook-Francis,Automotive,Quant Researcher,"SQL, GCP, Excel, CUDA, R",Entry,Internship,"Bridgesberg, AZ",2024-10-06,Startup,"BigQuery, KDB+",94512,159116
Frank-Graham,Education,ML Engineer,"Scikit-learn, Excel, Python, Flask, GCP, C++",Entry,Internship,"South Derrick, BT",2024-03-08,Startup,"TensorFlow, KDB+",56379,96578
Miller Inc,Tech,NLP Engineer,"Pandas, GCP, Azure, Reinforcement Learning, TensorFlow, MLflow",Mid,Internship,"Alishire, YE",2024-11-16,Startup,"PyTorch, LangChain, BigQuery",95581.5,151635
Hughes Group,Retail,Computer Vision Engineer,"CUDA, SQL, C++, PyTorch, Hugging Face, AWS",Senior,Full-time,"Susanville, JO",2025-07-20,Startup,LangChain,41141,82048
Wallace LLC,Automotive,AI Product Manager,"Hugging Face, Power BI, TensorFlow, C++, Python, AWS",Mid,Full-time,"Williefort, SE",2024-08-16,Large,"Scikit-learn, BigQuery",119291,180214
"Little, Bishop and Silva",Automotive,NLP Engineer,"LangChain, CUDA, FastAPI, Excel, GCP, Power BI",Senior,Contract,"Hubbardville, RU",2025-02-25,Large,Scikit-learn,68514,83310
Randall-Lewis,Education,AI Researcher,"MLflow, Python, Reinforcement Learning, SQL, Pandas, NumPy",Entry,Internship,"Lake Debbie, DZ",2024-11-12,Large,"LangChain, FastAPI",136136,173242
Jones PLC,Tech,ML Engineer,"Scikit-learn, C++, NumPy, FastAPI",Senior,Remote,"Lake Melissaburgh, NP",2025-04-27,Mid,"BigQuery, KDB+",84014,111768
"Diaz, Thomas and Hahn",Retail,Computer Vision Engineer,"TensorFlow, C++, Pandas",Entry,Full-time,"North Cody, QA",2024-02-18,Startup,"TensorFlow, KDB+",95419,156635
Strickland-Oliver,E-commerce,Data Analyst,"TensorFlow, PyTorch, C++",Entry,Contract,"Kimberlyland, SN",2025-09-14,Mid,"LangChain, FastAPI",149578,227156
Bartlett-Long,Tech,NLP Engineer,"Hugging Face, SQL, AWS, Scikit-learn, C++, Pandas",Mid,Internship,"New Chrisport, MC",2024-08-28,Large,"TensorFlow, FastAPI",76646,175442
"Martin, Reeves and Holt",Finance,Data Scientist,"CUDA, Scikit-learn, R, Azure",Senior,Contract,"Carolport, WS",2024-03-08,Mid,"BigQuery, LangChain",59448,101920
Roth-Caldwell,Healthcare,NLP Engineer,"LangChain, PyTorch, TensorFlow, GCP",Entry,Internship,"Brownmouth, SA",2023-12-27,Startup,"TensorFlow, MLflow, BigQuery",41904,79881
"Cherry, Hernandez and Powell",Automotive,ML Engineer,"MLflow, AWS, SQL, Pandas",Entry,Contract,"Carrollbury, TG",2024-08-15,Startup,"LangChain, FastAPI",122152,211094
Ross-Harris,Education,Data Scientist,"Python, Flask, Azure, MLflow, Keras, Power BI",Mid,Contract,"East Austinchester, GT",2024-05-05,Mid,"BigQuery, TensorFlow",148075,159793
Riley-Little,Education,NLP Engineer,"Power BI, Excel, Scikit-learn, Hugging Face, FastAPI",Senior,Internship,"South Rachel, MU",2024-01-28,Startup,LangChain,138448,172737
"Bell, Boyer and Thompson",Tech,ML Engineer,"Python, Keras, Hugging Face, Flask, TensorFlow",Entry,Internship,"Stevehaven, VC",2023-12-23,Mid,MLflow,114961,137232
"Carter, Green and Page",Automotive,AI Product Manager,"CUDA, TensorFlow, PyTorch, Python, R, NumPy",Entry,Internship,"Port Breannastad, DJ",2023-12-23,Startup,"LangChain, TensorFlow, KDB+",95581.5,151635
Fernandez-Campos,Automotive,Data Analyst,"Python, TensorFlow, Power BI",Entry,Remote,"Virginiaside, SA",2025-08-19,Mid,"FastAPI, KDB+, TensorFlow",130193,219722
"Smith, Austin and Robinson",Tech,Data Analyst,"MLflow, Keras, GCP",Senior,Remote,"Jenniferland, PS",2025-04-07,Large,Scikit-learn,95581.5,151635
Graham-Cox,E-commerce,Quant Researcher,"MLflow, Hugging Face, Scikit-learn, C++",Mid,Internship,"Suzanneton, GQ",2025-07-05,Large,TensorFlow,144303,234237
"Blake, Chen and Barnes",Finance,Computer Vision Engineer,"Pandas, TensorFlow, Hugging Face",Mid,Contract,"Davidmouth, AR",2025-04-18,Startup,TensorFlow,125644,191197
Wilson-Anderson,Retail,Computer Vision Engineer,"Power BI, NumPy, TensorFlow, Flask, SQL",Senior,Full-time,"South Alexton, IQ",2024-07-25,Startup,"BigQuery, FastAPI",124397,179920
"Allison, Jensen and Wilson",Finance,Data Analyst,"Hugging Face, Scikit-learn, GCP, TensorFlow, NumPy",Senior,Full-time,"West Larrybury, GB",2023-10-20,Startup,BigQuery,100967,158917
Smith PLC,Tech,Computer Vision Engineer,"Power BI, Hugging Face, Azure, NumPy, SQL",Mid,Contract,"West Gerald, SV",2025-05-29,Mid,"BigQuery, PyTorch",86614,168639
Rose-Knight,Retail,Computer Vision Engineer,"MLflow, TensorFlow, Reinforcement Learning",Entry,Internship,"Marcustown, TL",2023-11-23,Large,FastAPI,91509,117239
Castro-Carpenter,E-commerce,AI Product Manager,"Flask, AWS, TensorFlow, NumPy",Mid,Internship,"East Jonathanville, CF",2025-01-05,Large,"Scikit-learn, KDB+",105140,164172
Wilson PLC,Retail,Data Analyst,"Scikit-learn, GCP, LangChain, Python, CUDA, Excel",Entry,Internship,"Lake Patrickmouth, SG",2024-11-24,Startup,LangChain,117356,209343
Hodges-Johnson,Finance,AI Product Manager,"Hugging Face, Excel, Scikit-learn, CUDA, SQL, PyTorch",Senior,Remote,"Robersonport, DO",2025-04-19,Startup,"BigQuery, LangChain, Scikit-learn",140190,184813
Alvarado PLC,Education,Quant Researcher,"Pandas, MLflow, Power BI, Python",Senior,Internship,"Lake William, FI",2024-07-02,Startup,"LangChain, TensorFlow",91516,113851
"Brown, White and Alvarado",Retail,ML Engineer,"Hugging Face, TensorFlow, C++, Keras, AWS",Senior,Full-time,"Loweland, CN",2024-03-04,Startup,"Scikit-learn, BigQuery",42598,130452
Flores-Lee,Healthcare,Data Analyst,"C++, Excel, Pandas",Entry,Remote,"Catherineshire, BG",2025-02-19,Startup,TensorFlow,43782,76516
"Sexton, Woods and Allen",Healthcare,ML Engineer,"NumPy, Python, PyTorch",Senior,Internship,"West Ruth, NZ",2025-01-25,Mid,PyTorch,113253,141139
Robinson Ltd,Healthcare,ML Engineer,"Reinforcement Learning, TensorFlow, Excel, Azure",Senior,Full-time,"West Michael, BS",2024-12-21,Startup,"TensorFlow, LangChain",95581.5,151635
Williams-Cooper,Automotive,Data Analyst,"Excel, R, FastAPI",Entry,Contract,"North Kelly, JO",2024-09-13,Startup,"Scikit-learn, MLflow",40447,58415
Garcia-Moss,Healthcare,AI Product Manager,"Excel, R, MLflow, Azure, Flask, TensorFlow",Senior,Internship,"North Jay, AG",2025-02-24,Startup,"PyTorch, TensorFlow, MLflow",66165,124209
"Lopez, Kelley and Davis",Automotive,NLP Engineer,"LangChain, SQL, Hugging Face, AWS, CUDA",Senior,Contract,"West Robertfort, NR",2025-01-13,Startup,"KDB+, FastAPI, PyTorch",95581.5,151635
Hunter Inc,Education,NLP Engineer,"Excel, Power BI, Python",Senior,Full-time,"Adamfort, PK",2025-01-07,Mid,"FastAPI, PyTorch",95581.5,151635
Bush Inc,Education,AI Researcher,"MLflow, Pandas, NumPy, GCP, FastAPI, LangChain",Entry,Full-time,"New Christophermouth, MC",2025-03-09,Mid,"FastAPI, KDB+, PyTorch",89994,162981
"Martin, Joseph and Baldwin",Retail,NLP Engineer,"GCP, Flask, TensorFlow, MLflow",Entry,Full-time,"North Jamiestad, CA",2025-08-13,Large,"BigQuery, PyTorch",88502,151208
Kelly and Sons,Retail,NLP Engineer,"Reinforcement Learning, MLflow, Hugging Face, C++, Azure",Senior,Remote,"Taylorchester, VE",2023-11-12,Startup,MLflow,104608,194654
Wheeler LLC,Finance,Computer Vision Engineer,"Hugging Face, TensorFlow, MLflow",Senior,Remote,"Wellsport, SL",2024-02-16,Startup,"PyTorch, KDB+, TensorFlow",59714,136906
"Moore, Smith and Obrien",Education,Quant Researcher,"FastAPI, Scikit-learn, MLflow",Mid,Contract,"West Chad, GY",2025-01-18,Startup,BigQuery,129435,219563
"Perez, Rangel and Pugh",Education,AI Product Manager,"MLflow, CUDA, GCP, Pandas, Power BI",Mid,Remote,"Jeremyshire, CI",2024-05-30,Mid,"KDB+, Scikit-learn, MLflow",98022,116786
Martinez-Williams,Education,Data Analyst,"Python, Azure, CUDA, NumPy, Power BI",Senior,Contract,"Christopherfort, BJ",2024-10-24,Large,"FastAPI, KDB+",74164,101550
Klein-Williams,E-commerce,NLP Engineer,"Pandas, MLflow, C++, Reinforcement Learning, SQL, Python",Entry,Internship,"Amberchester, AU",2024-05-14,Startup,"LangChain, MLflow",125699,188499
Vazquez and Sons,Healthcare,AI Researcher,"GCP, C++, FastAPI",Senior,Contract,"Porterland, UZ",2025-03-09,Large,TensorFlow,81948,127477
"Calderon, Kelly and Velasquez",Tech,ML Engineer,"NumPy, Python, SQL, CUDA, Hugging Face",Entry,Internship,"West Drew, MU",2024-10-14,Mid,"FastAPI, BigQuery",86924,166800
Johnson-Rivas,Retail,AI Researcher,"GCP, TensorFlow, Hugging Face",Senior,Contract,"North Lauren, LU",2024-09-12,Startup,"LangChain, TensorFlow, BigQuery",139991,156099
"Lee, Huerta and Mcclain",Tech,AI Researcher,"Excel, LangChain, AWS, CUDA, Hugging Face, Power BI",Entry,Full-time,"New Benjamin, NO",2024-02-12,Mid,"Scikit-learn, MLflow",121461,158777
Wilson LLC,Retail,Data Analyst,"Power BI, GCP, NumPy",Senior,Full-time,"Stacyview, AO",2024-10-31,Mid,"LangChain, MLflow",41311,111484
Beck-Miller,Retail,Computer Vision Engineer,"Reinforcement Learning, Keras, TensorFlow, Python, LangChain",Senior,Remote,"Bushport, SC",2024-08-08,Mid,"Scikit-learn, MLflow, LangChain",42488,58522
Dominguez LLC,Education,Data Analyst,"Reinforcement Learning, Keras, MLflow, PyTorch, Pandas",Entry,Remote,"New Austin, CN",2024-09-11,Mid,TensorFlow,74011,171651
Ruiz-Smith,E-commerce,AI Researcher,"Pandas, MLflow, LangChain, Hugging Face, TensorFlow, PyTorch",Senior,Full-time,"Jennifershire, ES",2025-06-20,Mid,FastAPI,91345,189314
Johnson LLC,Healthcare,ML Engineer,"Hugging Face, Excel, TensorFlow, R, Keras",Entry,Contract,"West Samanthamouth, VU",2024-09-11,Large,PyTorch,114617,173395
"Gonzalez, Smith and Rice",Finance,Data Scientist,"Flask, PyTorch, LangChain, Pandas, Azure, FastAPI",Entry,Contract,"Port Robert, CG",2025-02-05,Mid,"TensorFlow, PyTorch",52660,62953
"Trevino, Adams and Carroll",Automotive,Computer Vision Engineer,"GCP, Power BI, AWS, LangChain",Mid,Internship,"East Jocelynfort, HN",2024-08-04,Startup,"FastAPI, Scikit-learn",78844,134900
"Ellis, Jones and Grant",Education,NLP Engineer,"Python, Pandas, C++",Entry,Full-time,"Johnbury, TR",2025-01-31,Large,"FastAPI, BigQuery, PyTorch",95991,162094
Griffin and Sons,Finance,Computer Vision Engineer,"R, NumPy, PyTorch, Pandas",Senior,Contract,"Ronaldbury, LA",2024-02-15,Large,PyTorch,119616,205812
Crawford Ltd,Tech,Quant Researcher,"R, Pandas, CUDA",Entry,Contract,"Ericfurt, NO",2025-03-18,Startup,FastAPI,68863,85315
"Bell, Ruiz and Hull",Education,Data Scientist,"MLflow, FastAPI, GCP",Entry,Contract,"Michaeltown, PW",2023-09-24,Large,"TensorFlow, FastAPI, BigQuery",47522,136959
Wilkerson LLC,Tech,NLP Engineer,"NumPy, Flask, Pandas",Mid,Internship,"Jenniferbury, DJ",2023-10-19,Startup,KDB+,72658,145079
Davis-Owen,Finance,NLP Engineer,"Hugging Face, MLflow, Python, Reinforcement Learning",Mid,Remote,"Nicholaston, MN",2024-11-16,Startup,"BigQuery, TensorFlow",72872,168844
Fry Inc,E-commerce,Data Analyst,"Power BI, CUDA, Excel",Senior,Contract,"North Melanie, SG",2025-07-19,Startup,"BigQuery, MLflow",49176,116584
Myers PLC,Finance,NLP Engineer,"Power BI, TensorFlow, NumPy, MLflow",Entry,Remote,"West Denise, SZ",2025-02-17,Startup,FastAPI,40845,77525
Rosales Ltd,Education,Quant Researcher,"PyTorch, GCP, Reinforcement Learning, TensorFlow, FastAPI",Mid,Remote,"Mitchellview, CO",2023-10-29,Mid,"KDB+, Scikit-learn, PyTorch",95581.5,151635
"Wilkerson, Chase and Rivera",Tech,Data Scientist,"AWS, R, FastAPI, Python, MLflow",Mid,Remote,"Torresport, IL",2023-11-19,Mid,TensorFlow,95581.5,151635
Clark Ltd,Healthcare,AI Product Manager,"R, GCP, Power BI, Python, Pandas",Mid,Internship,"North Cassandraville, SI",2025-09-10,Startup,"LangChain, MLflow, TensorFlow",43865,142219
Holt-Wells,Automotive,Computer Vision Engineer,"Reinforcement Learning, C++, Pandas, Keras, NumPy",Entry,Contract,"Bryanshire, JM",2024-12-12,Startup,"MLflow, Scikit-learn",95581.5,151635
Larson Ltd,Tech,ML Engineer,"FastAPI, Keras, C++, LangChain, SQL, AWS",Mid,Full-time,"Carterton, BN",2024-07-27,Mid,"PyTorch, LangChain",46712,73011
Ray-Edwards,Automotive,AI Researcher,"Python, Hugging Face, Flask, Excel",Entry,Full-time,"Port Krista, BZ",2023-11-08,Mid,"MLflow, LangChain, FastAPI",84284,167397
"Roth, Johnson and Cummings",Healthcare,NLP Engineer,"Pandas, Python, C++",Senior,Full-time,"Brianfurt, RO",2025-02-12,Large,"FastAPI, MLflow, LangChain",135833,197643
Powell-Parker,Automotive,Computer Vision Engineer,"MLflow, Scikit-learn, TensorFlow, Azure, SQL, R",Entry,Full-time,"West Jeffreyburgh, CR",2024-11-03,Startup,BigQuery,141467,155307
Montoya Inc,Finance,Computer Vision Engineer,"Azure, R, Pandas, MLflow, TensorFlow, Keras",Mid,Remote,"Simmonsfurt, GT",2024-09-28,Mid,"LangChain, TensorFlow",95581.5,151635
"Allen, Hernandez and Salazar",Finance,Data Analyst,"Reinforcement Learning, Power BI, C++, AWS",Entry,Internship,"East Anthony, HU",2025-07-05,Large,TensorFlow,98582,135739
Miller-Salazar,Healthcare,AI Researcher,"Excel, TensorFlow, Hugging Face, MLflow, SQL",Entry,Full-time,"Mccoyfort, BB",2023-11-13,Large,"FastAPI, TensorFlow, BigQuery",92626,143007
"Klein, Brown and Wallace",Healthcare,AI Product Manager,"Hugging Face, LangChain, Azure, AWS, SQL",Senior,Internship,"Markside, UY",2024-09-09,Large,"FastAPI, PyTorch, KDB+",108432,195288
"Kim, Farrell and Tucker",E-commerce,AI Product Manager,"C++, Scikit-learn, FastAPI",Entry,Remote,"New Julie, KZ",2024-07-04,Large,TensorFlow,95581.5,151635
Mckee-Brown,Finance,NLP Engineer,"FastAPI, Reinforcement Learning, PyTorch, C++, Keras",Entry,Contract,"Zacharyside, HR",2024-12-23,Mid,FastAPI,85589,148109
"Campbell, Winters and Glover",Tech,NLP Engineer,"CUDA, Pandas, AWS, LangChain",Senior,Contract,"Haroldside, SN",2025-06-07,Large,"TensorFlow, KDB+",139437,239385
Hart LLC,E-commerce,Quant Researcher,"LangChain, AWS, MLflow, SQL, Hugging Face, Power BI",Senior,Internship,"Lake Grace, ID",2024-02-22,Startup,Scikit-learn,95581.5,151635
Burns-Guzman,Tech,Quant Researcher,"Flask, LangChain, C++",Entry,Internship,"South Stacymouth, KP",2024-01-27,Large,TensorFlow,71813,105633
"Craig, Ortiz and Gross",Finance,Computer Vision Engineer,"Azure, Hugging Face, TensorFlow, NumPy, PyTorch",Senior,Internship,"Garyfurt, PK",2025-08-28,Large,"Scikit-learn, BigQuery, KDB+",55539,114892
Mccormick Group,E-commerce,AI Researcher,"R, Reinforcement Learning, LangChain, Hugging Face, CUDA, Flask",Entry,Remote,"Julieton, NL",2024-11-21,Large,KDB+,145430,192975
Ortiz and Sons,Education,AI Product Manager,"CUDA, FastAPI, Power BI, Flask, SQL",Senior,Internship,"East Nancy, PG",2025-07-22,Mid,"PyTorch, MLflow",47867,139682
"Guzman, Peterson and Perry",Tech,Computer Vision Engineer,"GCP, CUDA, R",Mid,Full-time,"North Mikayla, BZ",2025-06-26,Large,TensorFlow,64749,164044
Vazquez-Davis,Tech,AI Product Manager,"Flask, Hugging Face, Keras, Excel, Scikit-learn",Mid,Remote,"North Emilyton, PT",2024-02-28,Startup,"LangChain, TensorFlow, FastAPI",72744,151257
Gross PLC,E-commerce,Computer Vision Engineer,"CUDA, Excel, Keras, C++, PyTorch, GCP",Mid,Remote,"Billyton, LS",2024-11-15,Large,PyTorch,102252,156748
Lee-Johnson,Retail,AI Product Manager,"GCP, C++, MLflow, PyTorch, Scikit-learn, FastAPI",Entry,Internship,"Rachelside, MM",2024-03-10,Startup,"TensorFlow, KDB+",75063,90302
Kelly Group,Education,Data Analyst,"Pandas, LangChain, Excel, Power BI, Keras",Entry,Full-time,"East Robertmouth, SO",2025-06-08,Mid,Scikit-learn,49065,72252
Johnson-Guzman,Automotive,NLP Engineer,"Power BI, Reinforcement Learning, LangChain, SQL, Excel, Scikit-learn",Entry,Contract,"Elizabethbury, VE",2024-12-17,Mid,"TensorFlow, PyTorch, MLflow",138980,186003
Schneider-Barnett,Finance,AI Researcher,"TensorFlow, CUDA, Reinforcement Learning, GCP, Excel",Entry,Internship,"Jenniferfurt, SN",2024-10-24,Mid,PyTorch,116702,165765
"Evans, Le and Gomez",Education,NLP Engineer,"Keras, NumPy, Reinforcement Learning, Azure, GCP, Power BI",Senior,Full-time,"Phyllisburgh, BS",2024-03-21,Startup,BigQuery,49864,72810
Wade PLC,Tech,AI Researcher,"Power BI, Keras, GCP, FastAPI",Entry,Remote,"Greenmouth, VC",2023-12-08,Large,TensorFlow,105130,146172
Figueroa LLC,Healthcare,Data Analyst,"MLflow, FastAPI, Azure, Keras, Pandas, CUDA",Entry,Internship,"East Nathan, MV",2024-12-29,Startup,Scikit-learn,74633,121776
Marshall LLC,Healthcare,Quant Researcher,"MLflow, TensorFlow, CUDA, GCP",Senior,Remote,"Peterville, SM",2025-07-13,Large,"BigQuery, MLflow, KDB+",56993,155521
"Browning, Sanchez and Elliott",Automotive,Computer Vision Engineer,"Python, Pandas, LangChain, PyTorch, Hugging Face",Entry,Full-time,"Spearshaven, RU",2023-12-20,Large,"PyTorch, MLflow, Scikit-learn",46611,66817
"Thompson, Baker and Ortega",Finance,Data Scientist,"Reinforcement Learning, Pandas, Flask",Senior,Internship,"Parkerfort, IT",2024-10-25,Mid,"PyTorch, FastAPI, TensorFlow",95581.5,151635
"Bailey, Wilson and Fry",Retail,Computer Vision Engineer,"LangChain, Azure, GCP, Python, R, C++",Senior,Internship,"South Michael, KM",2023-12-29,Startup,"KDB+, MLflow, Scikit-learn",41220,94501
"Gallagher, Montes and Rowe",Tech,Data Scientist,"AWS, Flask, Reinforcement Learning, LangChain, R",Senior,Internship,"New Brian, KH",2024-01-08,Mid,"FastAPI, TensorFlow, MLflow",140240,228848
"Chan, Miller and Meyer",E-commerce,AI Product Manager,"Pandas, Reinforcement Learning, NumPy, TensorFlow, Keras, CUDA",Mid,Contract,"Lake Michele, AU",2024-12-06,Mid,"FastAPI, TensorFlow",95581.5,151635
Boyd PLC,Finance,ML Engineer,"Keras, Scikit-learn, FastAPI, Azure, GCP, CUDA",Mid,Internship,"Johnsonport, BT",2025-07-12,Large,"TensorFlow, LangChain, BigQuery",103253,177379
Evans Group,Retail,NLP Engineer,"GCP, Keras, Flask, LangChain, TensorFlow, Python",Entry,Full-time,"South Jonathanhaven, PL",2024-10-07,Mid,BigQuery,132044,204939
Martin-Torres,Tech,AI Researcher,"Python, Azure, Power BI, Pandas, C++, FastAPI",Mid,Internship,"Michaelport, KW",2024-11-27,Startup,"Scikit-learn, MLflow",50076,116015
"Gross, Rivera and Gutierrez",Automotive,Data Scientist,"LangChain, NumPy, Pandas, Azure, Scikit-learn, Hugging Face",Entry,Remote,"Olivermouth, NG",2024-01-21,Startup,KDB+,92423,112166
Holland LLC,Retail,NLP Engineer,"Scikit-learn, MLflow, AWS",Entry,Internship,"Stewartborough, LV",2023-10-03,Mid,"Scikit-learn, MLflow",95581.5,151635
"Novak, Clark and Sullivan",E-commerce,NLP Engineer,"FastAPI, LangChain, R",Mid,Remote,"Robinview, NZ",2024-09-29,Mid,"FastAPI, KDB+, BigQuery",57442,108303
Hall PLC,Tech,Quant Researcher,"Flask, Pandas, Reinforcement Learning, Scikit-learn, NumPy",Entry,Internship,"Ryanshire, TL",2023-10-21,Mid,"FastAPI, KDB+",125288,172272
Gamble-Cardenas,E-commerce,Quant Researcher,"R, Flask, Power BI",Entry,Contract,"Kristenside, ZM",2024-09-30,Large,TensorFlow,109244,192898
"Sutton, Mcdonald and Vang",Automotive,AI Product Manager,"PyTorch, Hugging Face, SQL, MLflow, R, Python",Senior,Full-time,"Jessicafort, MR",2024-03-10,Large,"KDB+, LangChain",89405,129344
Foster and Sons,Tech,Computer Vision Engineer,"GCP, Flask, PyTorch, AWS, Excel, Keras",Mid,Internship,"Katelynstad, JM",2024-04-04,Mid,"KDB+, FastAPI, MLflow",125228,201338
Myers Group,E-commerce,AI Product Manager,"FastAPI, Reinforcement Learning, AWS",Mid,Contract,"Williamburgh, KI",2023-12-15,Mid,"BigQuery, MLflow, KDB+",119543,164615
Davis-French,Automotive,Computer Vision Engineer,"AWS, Excel, Flask, PyTorch",Senior,Internship,"New Miranda, YE",2025-05-18,Large,"LangChain, FastAPI",69269,155758
"Rivera, Kennedy and Smith",Retail,AI Product Manager,"PyTorch, GCP, Excel, Flask",Entry,Full-time,"East Debraport, GT",2025-06-24,Large,"FastAPI, MLflow, PyTorch",75472,162820
"Romero, Clark and Williams",Retail,Data Scientist,"GCP, Reinforcement Learning, AWS",Senior,Full-time,"East Josephland, KM",2025-06-23,Startup,"TensorFlow, PyTorch",120392,155826
Wong-Miller,Tech,ML Engineer,"Flask, NumPy, Scikit-learn",Entry,Full-time,"Lake Joseph, DO",2024-05-09,Large,LangChain,83724,177161
"Franco, Green and Green",Finance,ML Engineer,"MLflow, GCP, Python, R, TensorFlow",Senior,Internship,"Michelleborough, AT",2024-01-25,Mid,MLflow,43526,94615
Gould Inc,Automotive,Computer Vision Engineer,"Azure, CUDA, LangChain, Hugging Face",Mid,Contract,"North Amber, CH",2024-01-05,Large,Scikit-learn,69190,92823
"Page, Garrett and Little",Tech,Computer Vision Engineer,"Keras, Pandas, CUDA",Entry,Full-time,"South Kelly, ZA",2025-08-25,Mid,"LangChain, PyTorch, KDB+",142140,185091
Moore LLC,Finance,Data Scientist,"Reinforcement Learning, Power BI, Hugging Face, CUDA, Pandas",Senior,Internship,"West Gregory, MC",2023-11-29,Large,"TensorFlow, BigQuery, Scikit-learn",137496,177845
Schaefer-Mcbride,Automotive,Data Scientist,"AWS, MLflow, Hugging Face, Flask",Mid,Contract,"South Kurtberg, VC",2024-03-19,Mid,BigQuery,95581.5,151635
Wallace and Sons,Automotive,Computer Vision Engineer,"NumPy, R, Pandas",Entry,Internship,"Meganmouth, SA",2023-10-17,Mid,"MLflow, KDB+",124300,220342
"Le, Morris and Hernandez",Retail,Data Scientist,"TensorFlow, Azure, C++, Scikit-learn, Python, Flask",Entry,Full-time,"Ralphbury, PA",2024-10-06,Startup,"Scikit-learn, FastAPI, BigQuery",149747,212159
"Johnson, Gomez and Neal",E-commerce,Data Scientist,"SQL, MLflow, LangChain",Senior,Remote,"East Elizabeth, TO",2025-01-06,Large,"FastAPI, Scikit-learn",58550,113209
Campbell-Yu,Healthcare,ML Engineer,"Keras, MLflow, Hugging Face, FastAPI, Azure",Mid,Contract,"New Nicholas, GN",2025-01-16,Large,KDB+,136005,206557
"Martinez, Gonzalez and Rasmussen",Automotive,Data Analyst,"Excel, Azure, Hugging Face, FastAPI",Entry,Contract,"Gregorytown, QA",2024-07-12,Large,TensorFlow,95581.5,151635
"Gonzalez, Roth and Gilbert",Healthcare,Quant Researcher,"AWS, Keras, FastAPI",Entry,Remote,"Espinozaside, NG",2025-06-24,Large,LangChain,133857,182147
"Brown, Morris and Young",Education,AI Researcher,"Power BI, Keras, Pandas, Excel, NumPy, PyTorch",Entry,Contract,"West Alicia, EC",2024-05-24,Large,"TensorFlow, Scikit-learn",117573,173851
Avila-Johnson,Healthcare,AI Researcher,"NumPy, Hugging Face, Keras, Azure",Senior,Internship,"Marshallfort, IT",2025-07-11,Startup,"BigQuery, TensorFlow",95581.5,151635
Lynch and Sons,E-commerce,Quant Researcher,"Scikit-learn, Pandas, Python, Keras",Mid,Remote,"Dennisland, BS",2025-03-09,Startup,"Scikit-learn, KDB+",56646,83703
Haynes-George,Education,Computer Vision Engineer,"Flask, GCP, FastAPI, Reinforcement Learning",Mid,Full-time,"Port Jeremiahshire, BT",2023-10-16,Mid,"Scikit-learn, KDB+, PyTorch",102732,135345
Fowler-Stewart,Finance,AI Researcher,"Hugging Face, PyTorch, Power BI, Pandas, Flask",Senior,Remote,"Taylorfort, KP",2024-09-23,Large,"MLflow, LangChain",45791,105166
"Powell, Ruiz and Smith",Finance,AI Product Manager,"CUDA, NumPy, TensorFlow, Keras",Entry,Full-time,"Adkinshaven, CZ",2025-04-08,Mid,"KDB+, MLflow",59099,87832
"Richardson, Rojas and Patton",Finance,Quant Researcher,"Python, R, TensorFlow, AWS, Hugging Face, GCP",Entry,Contract,"East Carolinehaven, IE",2023-09-23,Mid,"BigQuery, KDB+, MLflow",47248,70576
Patterson-Green,Finance,Computer Vision Engineer,"NumPy, TensorFlow, Reinforcement Learning, Keras",Entry,Full-time,"Mooreland, NZ",2024-10-27,Startup,"BigQuery, TensorFlow, PyTorch",66493,158190
Conner-Rivera,Retail,Data Analyst,"LangChain, Keras, SQL, NumPy, TensorFlow, Scikit-learn",Entry,Internship,"Lake Andrewchester, DJ",2025-02-08,Large,"MLflow, FastAPI",114601,211800
Johnson-Murphy,Education,Data Scientist,"R, FastAPI, NumPy, PyTorch, Excel",Entry,Full-time,"North Joshuahaven, DO",2024-12-16,Mid,KDB+,117083,171872
"Freeman, Williams and Thomas",Finance,ML Engineer,"FastAPI, Azure, Pandas, Keras",Entry,Internship,"Barajaston, DZ",2024-01-19,Large,"Scikit-learn, TensorFlow",109164,147105
Reilly PLC,Education,ML Engineer,"AWS, Azure, C++, NumPy",Senior,Internship,"Bennettfurt, IQ",2025-09-19,Startup,"Scikit-learn, BigQuery, LangChain",140820,232170
"Sosa, Whitney and Dickerson",Tech,AI Product Manager,"GCP, R, Flask, Azure, Pandas, FastAPI",Mid,Remote,"Williamshire, TJ",2025-05-27,Startup,PyTorch,143360,229787
Johnson PLC,Education,NLP Engineer,"TensorFlow, GCP, Flask, Excel",Senior,Internship,"Jenniferburgh, SC",2024-11-29,Startup,"MLflow, PyTorch",93833,129073
Rosales-Peterson,Tech,ML Engineer,"TensorFlow, Flask, AWS, Python",Entry,Internship,"Gonzaleshaven, MR",2024-09-26,Large,TensorFlow,52854,117986
"Salazar, Wiggins and Campbell",Healthcare,AI Product Manager,"Reinforcement Learning, C++, Keras",Senior,Remote,"North Alexandra, MZ",2025-07-29,Large,"BigQuery, MLflow, PyTorch",50279,67460
Torres PLC,Automotive,Data Scientist,"SQL, Hugging Face, CUDA, GCP, NumPy, C++",Senior,Full-time,"Rodriguezmouth, AE",2024-06-04,Mid,"PyTorch, Scikit-learn",95581.5,151635
"Zuniga, Coleman and Guzman",Finance,Computer Vision Engineer,"Python, TensorFlow, Azure, PyTorch, Power BI, Hugging Face",Entry,Contract,"South Jamesstad, GT",2025-07-06,Mid,"TensorFlow, KDB+",95581.5,151635
Oliver-Miller,E-commerce,AI Product Manager,"GCP, SQL, Flask, C++, Scikit-learn",Senior,Internship,"Sarahton, ER",2025-06-11,Mid,"BigQuery, FastAPI, Scikit-learn",111908,130116
"Mullins, Butler and Moses",Education,AI Researcher,"LangChain, Scikit-learn, Hugging Face",Senior,Remote,"South Jason, PG",2025-06-12,Large,FastAPI,109390,202587
"Roberson, Dunlap and Todd",E-commerce,NLP Engineer,"FastAPI, SQL, GCP, Pandas, CUDA, Reinforcement Learning",Entry,Internship,"New Samanthaberg, BD",2024-07-11,Large,"FastAPI, Scikit-learn, KDB+",101444,169137
Hammond-Miles,Finance,Data Scientist,"MLflow, Python, AWS, NumPy, Flask, C++",Entry,Full-time,"Lake Brianna, ET",2025-09-05,Large,"FastAPI, PyTorch",117133,215594
"Walls, Young and Cook",E-commerce,Data Scientist,"Reinforcement Learning, Keras, MLflow, Flask, Pandas, AWS",Entry,Contract,"New Nicole, AZ",2024-02-12,Large,MLflow,95581.5,151635
Henderson-Douglas,Automotive,AI Product Manager,"C++, Scikit-learn, PyTorch, SQL, Reinforcement Learning, Hugging Face",Entry,Full-time,"Larsenport, FM",2024-12-07,Large,KDB+,92033,164027
Waters Group,Healthcare,AI Researcher,"Azure, CUDA, Excel",Senior,Full-time,"Lewiston, HN",2024-12-18,Large,KDB+,97058,148912
"Evans, Keller and Macdonald",E-commerce,ML Engineer,"Excel, Flask, SQL, R",Senior,Internship,"Sanchezland, LI",2023-11-01,Large,MLflow,70051,83613
"Smith, Smith and Calhoun",Healthcare,ML Engineer,"Keras, NumPy, Flask, Python",Mid,Full-time,"Jamesburgh, LS",2024-04-07,Startup,FastAPI,125724,223370
Holmes Inc,Finance,AI Product Manager,"LangChain, NumPy, CUDA",Senior,Contract,"Bendershire, AG",2024-04-22,Startup,"BigQuery, KDB+",131442,152901
Gordon-Bradley,Education,Quant Researcher,"R, Excel, SQL, MLflow, PyTorch, CUDA",Senior,Remote,"Higginsview, NI",2023-10-30,Mid,Scikit-learn,79312,97051
Garrison-Rosales,Healthcare,Quant Researcher,"GCP, Python, R",Mid,Remote,"New Henryshire, TZ",2024-09-17,Startup,LangChain,115682,141436
Beasley LLC,Tech,Data Analyst,"GCP, PyTorch, Keras, Reinforcement Learning, C++",Mid,Contract,"Port Christinaburgh, TN",2024-06-16,Mid,"Scikit-learn, FastAPI",138711,221786
"Miller, Harris and Johnson",Retail,NLP Engineer,"FastAPI, Pandas, MLflow, R",Entry,Full-time,"Jessicaport, WS",2024-07-27,Mid,"MLflow, TensorFlow, PyTorch",46308,82147
"Miller, Hahn and Jackson",Finance,AI Researcher,"Reinforcement Learning, AWS, Azure",Mid,Remote,"Marquezchester, SL",2024-03-16,Mid,"LangChain, Scikit-learn",46859,111642
Smith-Mcintyre,Retail,ML Engineer,"AWS, Flask, Reinforcement Learning, Scikit-learn, Excel",Senior,Remote,"North Sheilaville, IN",2025-06-25,Startup,"MLflow, Scikit-learn, BigQuery",135050,200313
Martinez Inc,Healthcare,ML Engineer,"FastAPI, Pandas, MLflow",Mid,Full-time,"West Morgan, ST",2024-05-16,Startup,FastAPI,106176,132983
Jones-Robertson,Education,Data Analyst,"FastAPI, Excel, Pandas",Entry,Remote,"Lake Charles, DM",2025-01-03,Mid,MLflow,61825,157940
Schneider-Watson,Finance,Quant Researcher,"C++, Pandas, CUDA, Scikit-learn",Mid,Contract,"Rosston, PY",2025-02-25,Startup,"BigQuery, PyTorch, MLflow",134559,195478
"Thompson, Castillo and Farrell",Retail,AI Researcher,"Keras, Hugging Face, Power BI, C++, SQL, Python",Mid,Full-time,"North Jennifer, NA",2024-07-25,Startup,MLflow,79291,125380
Acevedo Ltd,Retail,AI Product Manager,"TensorFlow, Pandas, Reinforcement Learning",Entry,Contract,"North Martin, AU",2024-11-24,Startup,"KDB+, PyTorch, FastAPI",48218,71004
"Flynn, Arellano and Porter",E-commerce,AI Product Manager,"Pandas, Reinforcement Learning, TensorFlow",Entry,Internship,"Reesebury, RO",2025-08-22,Mid,Scikit-learn,42270,120885
Harper and Sons,Retail,Data Analyst,"Reinforcement Learning, Flask, Hugging Face",Mid,Full-time,"South Roystad, TR",2023-12-15,Startup,"FastAPI, MLflow, KDB+",106925,155924
Molina-Dixon,E-commerce,AI Product Manager,"AWS, SQL, Python, LangChain, Keras, Azure",Mid,Remote,"Lake Eric, CD",2024-02-22,Startup,"Scikit-learn, LangChain",129266,186688
"Baker, Smith and Phillips",Retail,AI Product Manager,"R, Excel, NumPy",Mid,Full-time,"Lake Christopher, LA",2024-07-02,Mid,"Scikit-learn, MLflow, PyTorch",119647,168743
"Robertson, Miller and Watson",E-commerce,Data Scientist,"AWS, Power BI, MLflow, C++",Senior,Full-time,"Cynthiamouth, NE",2024-08-14,Mid,MLflow,51216,149871
"Bowman, Sutton and Richmond",Healthcare,AI Researcher,"Pandas, Azure, Hugging Face, Python",Senior,Internship,"Ericburgh, BR",2023-10-07,Mid,"MLflow, KDB+, FastAPI",143939,227202
Moore-Wood,Finance,Data Analyst,"SQL, FastAPI, Flask, Hugging Face",Entry,Full-time,"South Christopherchester, MG",2024-11-28,Large,"LangChain, BigQuery",95581.5,151635
"Lee, Mitchell and Neal",Education,ML Engineer,"Hugging Face, Azure, C++, Reinforcement Learning",Mid,Internship,"New Shane, MM",2024-10-08,Mid,"BigQuery, PyTorch, FastAPI",92763,144582
"Burton, Reynolds and Dougherty",Retail,Data Scientist,"Scikit-learn, C++, GCP, FastAPI",Senior,Contract,"East Monicastad, YE",2024-05-26,Startup,"TensorFlow, Scikit-learn, BigQuery",87741,187018
Kelly Ltd,Healthcare,Data Scientist,"C++, SQL, Reinforcement Learning, PyTorch",Entry,Full-time,"South Brett, ML",2024-11-07,Mid,"LangChain, Scikit-learn",70119,104669
"Thompson, Morris and Griffin",Education,Data Scientist,"AWS, SQL, Reinforcement Learning, Keras, Flask, C++",Mid,Internship,"Michaelside, TV",2025-07-03,Startup,Scikit-learn,96233,154946
Carr Inc,Healthcare,Data Scientist,"SQL, R, MLflow, Flask, Reinforcement Learning, Python",Mid,Full-time,"Browntown, KR",2024-05-08,Large,"BigQuery, LangChain, KDB+",84163,157649
"Townsend, Strickland and Rodriguez",Automotive,AI Product Manager,"GCP, Azure, AWS, SQL, MLflow, CUDA",Mid,Internship,"East Michael, MD",2024-06-30,Startup,"TensorFlow, KDB+, FastAPI",108145,192990
Pineda Inc,E-commerce,Computer Vision Engineer,"Keras, GCP, CUDA, AWS, PyTorch",Mid,Full-time,"Lauriehaven, CV",2025-08-22,Large,BigQuery,108715,193682
Hudson and Sons,E-commerce,AI Product Manager,"Python, AWS, PyTorch, NumPy",Senior,Full-time,"East Keithview, AR",2025-03-09,Large,MLflow,147144,199817
Miller-Burton,Automotive,AI Product Manager,"PyTorch, GCP, Scikit-learn, LangChain, Reinforcement Learning, Keras",Entry,Remote,"West Kennethton, PA",2024-08-17,Startup,TensorFlow,145610,225001
Murillo Inc,Healthcare,Computer Vision Engineer,"Azure, Hugging Face, Excel, Scikit-learn",Mid,Contract,"Jonesburgh, BH",2025-02-04,Mid,"PyTorch, FastAPI, TensorFlow",60515,146870
Alvarez-Butler,Tech,Data Analyst,"C++, CUDA, Scikit-learn, Keras",Entry,Internship,"North James, HT",2025-08-18,Mid,"KDB+, BigQuery",120811,193549
Glenn-Brady,Retail,Quant Researcher,"FastAPI, Scikit-learn, AWS, NumPy",Mid,Remote,"North Dakota, TW",2025-07-27,Startup,TensorFlow,61543,126761
Bryant-Martin,Healthcare,ML Engineer,"Reinforcement Learning, Flask, NumPy, Keras",Entry,Internship,"East John, NR",2024-10-17,Startup,"MLflow, PyTorch, FastAPI",147220,158056
Bailey PLC,Retail,Data Analyst,"Hugging Face, Excel, SQL, LangChain",Entry,Internship,"Port Elizabeth, SY",2023-11-27,Startup,"KDB+, BigQuery",63354,160413
"Swanson, Young and Martin",Tech,Quant Researcher,"PyTorch, LangChain, FastAPI",Senior,Full-time,"East Alexis, LK",2024-02-15,Mid,KDB+,131169,174872
Hancock-Wiggins,Healthcare,ML Engineer,"Scikit-learn, NumPy, Power BI, Azure, FastAPI, Reinforcement Learning",Senior,Internship,"North Adamburgh, AO",2024-08-03,Startup,"FastAPI, LangChain, TensorFlow",41566,134888
Mcconnell Ltd,E-commerce,Quant Researcher,"Keras, GCP, PyTorch",Entry,Internship,"New Allisonshire, MN",2025-02-08,Startup,Scikit-learn,95581.5,151635
Patton and Sons,Tech,ML Engineer,"Scikit-learn, MLflow, Python, R, Pandas, FastAPI",Entry,Internship,"Jacktown, TW",2025-06-10,Startup,MLflow,95354,126587
Gray-Dixon,Healthcare,Computer Vision Engineer,"AWS, GCP, CUDA, MLflow",Senior,Full-time,"West Maria, ML",2023-10-01,Startup,"LangChain, KDB+, FastAPI",142291,215970
"Miller, Casey and Gray",Education,Computer Vision Engineer,"Scikit-learn, Excel, Power BI, Python",Entry,Remote,"South Michael, CD",2025-05-23,Mid,KDB+,40629,72042
Andersen Inc,Tech,Data Scientist,"LangChain, Pandas, Reinforcement Learning, R, FastAPI",Mid,Internship,"Smithbury, BT",2023-11-10,Mid,"MLflow, KDB+, PyTorch",54969,146111
"Bernard, Henry and Zamora",Education,Quant Researcher,"PyTorch, Power BI, Pandas, Hugging Face",Mid,Internship,"Breannahaven, MA",2025-08-21,Startup,BigQuery,108252,151627
Frost Ltd,Education,AI Researcher,"Hugging Face, SQL, LangChain, FastAPI, Flask",Senior,Remote,"Vazquezton, BH",2024-04-23,Startup,"MLflow, TensorFlow",70656,152148
Lewis Group,E-commerce,ML Engineer,"FastAPI, C++, MLflow",Senior,Contract,"Williamland, KN",2025-05-09,Startup,"FastAPI, TensorFlow",73293,127143
"Tucker, Strong and Bond",Retail,AI Researcher,"R, C++, Keras, Excel, Azure",Mid,Remote,"Wilsonmouth, PW",2024-04-13,Large,"MLflow, PyTorch, Scikit-learn",58659,98311
Livingston-Phillips,E-commerce,NLP Engineer,"PyTorch, SQL, Python",Entry,Remote,"Knightstad, BD",2024-08-31,Startup,"FastAPI, LangChain",124301,140446
Snyder Group,Retail,AI Product Manager,"TensorFlow, GCP, CUDA, R",Entry,Contract,"Jenniferburgh, AE",2023-09-21,Large,LangChain,113791,138812
"Herman, Johnson and Barnes",Tech,Data Analyst,"SQL, CUDA, LangChain, Scikit-learn, Reinforcement Learning",Mid,Remote,"Maciasfort, LR",2025-05-09,Large,"KDB+, LangChain, BigQuery",145000,223134
Perez-Bailey,Education,AI Product Manager,"AWS, Power BI, FastAPI",Entry,Contract,"Santiagoshire, PH",2023-12-04,Mid,"MLflow, BigQuery",95581.5,151635
"Summers, Swanson and Brown",Tech,NLP Engineer,"Reinforcement Learning, SQL, C++, Pandas",Entry,Remote,"West Cynthiaburgh, AD",2023-12-28,Startup,"BigQuery, FastAPI, MLflow",81624,95183
Schmidt-Payne,Finance,Computer Vision Engineer,"Reinforcement Learning, PyTorch, GCP, R, Excel",Senior,Full-time,"Kyleside, JP",2024-02-26,Startup,"LangChain, KDB+",99722,119999
"Ortiz, Hill and Anderson",Healthcare,Data Analyst,"Pandas, Excel, FastAPI, Reinforcement Learning, LangChain",Entry,Remote,"West Cynthiaton, SM",2024-01-11,Startup,"TensorFlow, FastAPI, PyTorch",102547,147531
Dalton-Galloway,E-commerce,Quant Researcher,"Azure, Excel, Power BI, C++, NumPy",Mid,Internship,"East Priscilla, DO",2024-12-04,Mid,"KDB+, FastAPI, MLflow",124126,178761
Brown-Garcia,Healthcare,Computer Vision Engineer,"PyTorch, AWS, LangChain, Pandas, GCP",Mid,Internship,"Dillonville, TL",2024-04-28,Mid,"FastAPI, LangChain",100455,199953
"Ramirez, Morrison and Shaffer",Healthcare,ML Engineer,"SQL, Azure, MLflow, LangChain",Mid,Internship,"East Bobbymouth, LU",2024-12-12,Mid,KDB+,142229,217303
Fisher LLC,Automotive,NLP Engineer,"AWS, NumPy, CUDA, Azure, SQL, Hugging Face",Mid,Full-time,"Changview, CU",2024-06-24,Mid,"TensorFlow, FastAPI",99303,165542
Barnes-Gonzalez,Automotive,NLP Engineer,"Keras, PyTorch, Azure, C++, Python, LangChain",Mid,Remote,"New Cameron, IR",2024-06-30,Mid,LangChain,127730,194274
"Mann, Taylor and Martin",Tech,Computer Vision Engineer,"LangChain, Scikit-learn, Hugging Face",Mid,Full-time,"Wendytown, KR",2024-02-10,Startup,"MLflow, Scikit-learn, FastAPI",68119,160582
Bush and Sons,Education,Computer Vision Engineer,"PyTorch, CUDA, Keras",Entry,Contract,"Robertstown, GA",2025-05-23,Startup,BigQuery,72082,92167
"Callahan, Sullivan and Flynn",Retail,Computer Vision Engineer,"Hugging Face, GCP, R, Scikit-learn",Mid,Full-time,"Port Jennifer, ES",2023-10-06,Large,"MLflow, TensorFlow, KDB+",124909,151333
Joseph-Romero,Retail,Quant Researcher,"Power BI, LangChain, FastAPI, Flask, SQL, Scikit-learn",Mid,Contract,"Kristenberg, AL",2024-10-15,Startup,"BigQuery, MLflow, TensorFlow",102584,198324
"Singh, Shannon and Castaneda",Automotive,AI Product Manager,"NumPy, Reinforcement Learning, GCP, Azure, LangChain, Scikit-learn",Entry,Remote,"West Justin, IN",2024-10-14,Mid,"KDB+, TensorFlow, LangChain",51986,73985
"Johnson, Sweeney and Hall",Tech,AI Researcher,"Azure, Flask, PyTorch, Excel, Pandas",Mid,Contract,"Lindachester, PA",2024-09-20,Startup,"FastAPI, MLflow, PyTorch",132003,197338
Wu Inc,Healthcare,Data Analyst,"TensorFlow, Power BI, MLflow, Flask, CUDA, Reinforcement Learning",Entry,Remote,"Barnesfurt, SV",2025-07-03,Large,"BigQuery, FastAPI, MLflow",44162,104297
Lopez-Williams,Healthcare,Data Analyst,"PyTorch, NumPy, SQL, FastAPI",Senior,Contract,"North Mark, IN",2024-07-23,Mid,FastAPI,62381,112625
Hughes-Figueroa,Healthcare,Computer Vision Engineer,"TensorFlow, Pandas, Excel, LangChain, MLflow",Entry,Internship,"Castilloborough, CH",2025-05-07,Mid,"MLflow, BigQuery",144304,184146
"Randall, Grant and Rosario",Finance,AI Researcher,"Hugging Face, FastAPI, AWS, Scikit-learn, Keras",Mid,Internship,"Kimberlyfort, BJ",2025-06-08,Startup,"KDB+, FastAPI",55918,137614
Griffith Ltd,Education,NLP Engineer,"SQL, Pandas, AWS, Power BI, Scikit-learn",Entry,Internship,"Johnstad, ET",2025-03-17,Mid,"Scikit-learn, PyTorch",59275,147698
"Smith, Woods and Tucker",Retail,Data Analyst,"TensorFlow, AWS, Flask",Entry,Full-time,"South Dylanmouth, SY",2025-08-10,Mid,KDB+,51956,109837
Frazier Inc,Automotive,NLP Engineer,"Hugging Face, FastAPI, TensorFlow, GCP",Mid,Contract,"North Joel, PG",2025-08-08,Mid,TensorFlow,61087,81523
"Torres, Campbell and Krause",Tech,ML Engineer,"TensorFlow, Keras, R",Mid,Internship,"East Hollyfurt, AR",2024-04-07,Large,"MLflow, TensorFlow, KDB+",132865,203559
Snyder Group,Finance,NLP Engineer,"CUDA, Azure, Python, Scikit-learn, Power BI",Senior,Remote,"North Susan, SG",2025-03-16,Mid,BigQuery,146176,197876
Lucas-Morris,Retail,Quant Researcher,"Azure, TensorFlow, AWS, Flask, Reinforcement Learning, LangChain",Mid,Remote,"Jordanshire, PS",2024-07-14,Mid,"KDB+, BigQuery",95581.5,151635
Martinez-Weaver,Education,Data Scientist,"Python, Power BI, Flask",Senior,Full-time,"Lake Valerie, IN",2024-03-22,Mid,"LangChain, KDB+",116015,126987
Mendez and Sons,Retail,AI Researcher,"Scikit-learn, AWS, Python, MLflow",Entry,Internship,"Jonesbury, PA",2024-08-19,Mid,FastAPI,141959,220411
"Johnson, Wright and Quinn",Automotive,NLP Engineer,"LangChain, R, C++",Entry,Internship,"North Brian, FI",2024-12-23,Startup,"PyTorch, Scikit-learn",139741,206786
"Mitchell, Collins and Collins",E-commerce,Computer Vision Engineer,"Azure, C++, TensorFlow, Hugging Face, Python, PyTorch",Senior,Internship,"Cobbtown, SZ",2025-02-06,Large,TensorFlow,149199,230455
Williams-Torres,E-commerce,Data Analyst,"CUDA, SQL, Keras, Azure, LangChain, Reinforcement Learning",Entry,Remote,"Port Tiffanystad, DO",2024-12-24,Large,"MLflow, PyTorch",115250,161664
Martinez Group,Education,Quant Researcher,"LangChain, Keras, Python, FastAPI, R, C++",Senior,Full-time,"Gabriellaborough, HT",2025-08-23,Startup,"TensorFlow, KDB+, PyTorch",45887,128800
Weaver-Mcdonald,Tech,AI Product Manager,"Python, Power BI, GCP",Entry,Internship,"West Richard, SV",2024-10-26,Mid,LangChain,59665,114017
Cook-Jarvis,E-commerce,ML Engineer,"TensorFlow, Power BI, Scikit-learn, Python, GCP, SQL",Entry,Full-time,"Jayton, GB",2023-11-07,Large,LangChain,109287,149769
Moreno-Sanchez,Automotive,AI Researcher,"GCP, MLflow, TensorFlow",Mid,Internship,"Fosterville, TT",2024-09-14,Mid,"KDB+, BigQuery, Scikit-learn",116431,187700
Kline Group,Education,Computer Vision Engineer,"Flask, Scikit-learn, NumPy",Mid,Internship,"Lake Donaldstad, NP",2025-06-20,Mid,"PyTorch, MLflow, TensorFlow",126575,163610
Brown and Sons,Finance,AI Researcher,"NumPy, Reinforcement Learning, AWS, Power BI, PyTorch, SQL",Mid,Contract,"Lake Chris, AO",2024-01-13,Startup,"KDB+, MLflow, BigQuery",41897,72820
Quinn Group,Tech,Data Scientist,"Reinforcement Learning, GCP, TensorFlow, Pandas",Mid,Internship,"East Michael, UY",2024-09-05,Large,FastAPI,40844,100312
Mills-Mitchell,Finance,Data Scientist,"PyTorch, NumPy, MLflow",Entry,Full-time,"Bryantton, CO",2025-07-18,Large,"BigQuery, FastAPI",100222,147306
"Andrews, Sanchez and Carroll",Healthcare,Data Analyst,"Reinforcement Learning, Python, PyTorch, Keras",Mid,Internship,"Anthonyberg, DM",2024-08-22,Large,"LangChain, KDB+",140982,222224
Smith and Sons,Automotive,NLP Engineer,"PyTorch, NumPy, Power BI",Entry,Internship,"Meyermouth, GN",2023-12-26,Large,"KDB+, BigQuery",78788,132832
Smith-Hall,Tech,AI Researcher,"Flask, Keras, GCP, Power BI",Entry,Remote,"South Dustinbury, BY",2025-07-23,Large,KDB+,114070,148337
"Anderson, Tucker and Phillips",Healthcare,Data Scientist,"Scikit-learn, GCP, MLflow",Mid,Remote,"Jenniferborough, CO",2023-12-08,Large,"FastAPI, Scikit-learn, LangChain",76395,94209
Kirk-Meyers,Retail,Quant Researcher,"Scikit-learn, CUDA, Python",Entry,Full-time,"New Jose, ET",2024-03-15,Mid,"PyTorch, FastAPI",90605,115084
Bishop-Contreras,Tech,Computer Vision Engineer,"PyTorch, Excel, TensorFlow, Scikit-learn, Power BI",Mid,Internship,"South Ronaldfurt, BB",2024-06-07,Startup,"KDB+, LangChain",47724,147228
"Poole, Ramirez and Sims",Education,NLP Engineer,"Reinforcement Learning, MLflow, Scikit-learn, Flask, Python, FastAPI",Entry,Contract,"East David, BW",2024-04-04,Mid,"FastAPI, KDB+, LangChain",95581.5,151635
Sandoval Ltd,E-commerce,AI Researcher,"LangChain, Hugging Face, Scikit-learn, Flask, Reinforcement Learning, Excel",Mid,Remote,"Williamsville, EG",2023-09-29,Startup,"TensorFlow, PyTorch, Scikit-learn",96395,136894
Skinner Inc,Education,ML Engineer,"Keras, R, Power BI, LangChain",Entry,Contract,"Port James, BS",2024-07-13,Startup,KDB+,98076,190690
"Kelly, Pace and Rodriguez",Retail,Data Analyst,"Hugging Face, SQL, LangChain, Reinforcement Learning",Entry,Remote,"Esparzaberg, SY",2024-05-04,Mid,LangChain,134169,175155
Hunt-Phillips,Finance,ML Engineer,"PyTorch, Python, Azure, C++, GCP",Entry,Remote,"New Emily, DJ",2025-05-16,Large,"PyTorch, Scikit-learn, LangChain",132041,213587
Edwards-Jones,E-commerce,Computer Vision Engineer,"TensorFlow, C++, AWS, CUDA",Entry,Internship,"Stephanieside, KG",2024-02-25,Large,"KDB+, TensorFlow",60346,76165
"Williams, Glass and Benson",Finance,Data Scientist,"Flask, NumPy, C++, Keras, Power BI",Entry,Internship,"Matthewburgh, GB",2024-11-27,Large,"FastAPI, TensorFlow",129117,207452
"Jackson, Carrillo and Anderson",Healthcare,AI Researcher,"Scikit-learn, Azure, MLflow, LangChain, TensorFlow",Mid,Full-time,"Dustinborough, LT",2025-01-09,Large,PyTorch,119535,171930
Richardson and Sons,Automotive,NLP Engineer,"Excel, C++, MLflow, Pandas",Senior,Internship,"Lake Austin, AT",2025-02-06,Startup,PyTorch,79319,134930
"Weber, Thompson and Williams",Healthcare,Data Analyst,"GCP, MLflow, Reinforcement Learning, SQL, Azure, Scikit-learn",Entry,Full-time,"Valenciafort, RW",2025-05-17,Large,"PyTorch, TensorFlow",120828,200601
"Lee, Scott and Franco",Education,ML Engineer,"R, C++, FastAPI, Excel",Mid,Contract,"Shawnfurt, LK",2024-01-14,Mid,"KDB+, FastAPI",70609,83950
Wright Group,Finance,Quant Researcher,"Python, Hugging Face, R",Mid,Remote,"Josephville, MW",2025-03-09,Large,MLflow,95581.5,151635
Daniels and Sons,Tech,NLP Engineer,"TensorFlow, Python, AWS, Power BI, NumPy",Entry,Remote,"Shannonhaven, MY",2025-04-08,Startup,Scikit-learn,90926,181068
"Taylor, Hodges and Martinez",E-commerce,AI Product Manager,"Python, PyTorch, GCP, Keras, Azure, Flask",Mid,Full-time,"Charlesville, VA",2024-11-19,Large,"KDB+, BigQuery",64447,150120
Hanson-Weeks,Education,AI Product Manager,"GCP, SQL, Power BI, CUDA, AWS",Mid,Full-time,"Wilsonberg, PA",2025-04-14,Large,KDB+,121010,149594
Barton-Kirby,Automotive,ML Engineer,"GCP, TensorFlow, MLflow",Mid,Contract,"West Aliceberg, LV",2024-06-24,Large,PyTorch,117833,141489
Johnson Inc,Retail,AI Researcher,"SQL, Pandas, Excel",Entry,Internship,"Rioston, AF",2023-10-03,Large,"LangChain, KDB+",95581.5,151635
"Schmitt, James and Campbell",E-commerce,Computer Vision Engineer,"FastAPI, SQL, Pandas, TensorFlow, MLflow",Mid,Contract,"Port Joanne, AZ",2024-09-15,Large,"KDB+, TensorFlow, LangChain",74357,107271
Yates-Brown,Automotive,Quant Researcher,"PyTorch, Flask, Reinforcement Learning, Power BI",Entry,Full-time,"Port Samuel, IQ",2024-09-26,Large,"KDB+, LangChain",95581.5,151635
"James, Wagner and Johnson",Finance,Computer Vision Engineer,"Flask, AWS, Hugging Face",Entry,Contract,"Stevenmouth, MK",2025-05-23,Large,"TensorFlow, LangChain",145971,240361
Cummings-Reyes,Retail,AI Product Manager,"Hugging Face, Azure, CUDA, NumPy",Senior,Full-time,"Port Mindyborough, SI",2023-12-20,Mid,"PyTorch, FastAPI",58633,95916
Bishop Ltd,Retail,Computer Vision Engineer,"FastAPI, Keras, Hugging Face, Azure, NumPy",Senior,Internship,"Cartershire, DK",2023-11-07,Large,BigQuery,146101,170747
Daniels-Jones,Retail,Computer Vision Engineer,"TensorFlow, NumPy, CUDA, Python, AWS, Pandas",Entry,Full-time,"Olsontown, MK",2025-05-26,Large,MLflow,108220,173637
Reed-Wilson,E-commerce,Quant Researcher,"Scikit-learn, Reinforcement Learning, Pandas, Azure, R, GCP",Entry,Remote,"Edgarhaven, MX",2024-12-01,Large,TensorFlow,131341,220958
Smith-Moore,Healthcare,Data Analyst,"LangChain, Scikit-learn, Azure, Python, Pandas",Mid,Contract,"Gabrielport, TT",2024-03-04,Mid,"TensorFlow, KDB+",94305,136651
Briggs-House,Tech,Data Analyst,"GCP, Python, PyTorch, Excel, Power BI",Mid,Internship,"South Brandon, MG",2024-02-12,Large,"MLflow, LangChain",118072,133131
"Chen, Moore and Ray",Tech,Computer Vision Engineer,"R, LangChain, FastAPI, Reinforcement Learning, Pandas, GCP",Mid,Full-time,"Lewisville, SZ",2024-03-23,Startup,"LangChain, FastAPI",49623,89723
Torres-King,Healthcare,AI Researcher,"CUDA, MLflow, C++, Python, Power BI, NumPy",Entry,Internship,"East Bryanton, KP",2024-07-30,Large,FastAPI,89682,171002
"Johnson, Espinoza and Ali",Healthcare,AI Product Manager,"FastAPI, C++, R, TensorFlow, Reinforcement Learning",Mid,Contract,"Cynthialand, ZM",2025-04-20,Startup,PyTorch,124069,218603
Blackwell Ltd,Tech,Data Scientist,"TensorFlow, SQL, AWS, PyTorch, LangChain",Mid,Remote,"Stevenberg, SM",2023-10-19,Startup,PyTorch,95581.5,151635
Day-Mckee,Healthcare,Data Analyst,"LangChain, MLflow, Azure, Pandas",Entry,Internship,"Amytown, TD",2025-01-08,Large,KDB+,57934,125813
Ellis LLC,Retail,AI Researcher,"C++, R, CUDA, Pandas, Azure",Entry,Contract,"Lake Michaelberg, IN",2024-02-01,Mid,"BigQuery, Scikit-learn",40829,57416
Good-Gordon,Automotive,Data Scientist,"Keras, PyTorch, Flask",Entry,Internship,"South Anthonymouth, HR",2023-10-06,Large,KDB+,104387,170859
Taylor Ltd,Automotive,Quant Researcher,"Keras, SQL, PyTorch, Python, Pandas, Azure",Entry,Remote,"East Andrew, OM",2024-01-06,Mid,"MLflow, TensorFlow",129320,228375
Walker LLC,Finance,ML Engineer,"AWS, Scikit-learn, Azure, Python, TensorFlow, LangChain",Mid,Internship,"Port Matthew, VN",2025-09-11,Large,PyTorch,137419,167806
"Simpson, Davis and Higgins",Automotive,Computer Vision Engineer,"Flask, R, Excel",Entry,Full-time,"Cassidybury, MU",2024-01-31,Startup,LangChain,147739,162992
Simpson Group,Retail,AI Researcher,"TensorFlow, NumPy, FastAPI",Entry,Remote,"Arnoldmouth, NE",2025-02-14,Startup,"BigQuery, LangChain, MLflow",62811,122081
"Klein, Ward and Cooper",Retail,Data Scientist,"Reinforcement Learning, GCP, TensorFlow",Senior,Full-time,"Huntville, HN",2024-11-30,Large,"Scikit-learn, MLflow, LangChain",136329,162722
Horton-Collins,E-commerce,Data Scientist,"Azure, Excel, Power BI, SQL",Senior,Internship,"Georgemouth, UZ",2024-11-26,Large,Scikit-learn,103453,183004
"Johnson, Oconnell and Williams",Finance,AI Product Manager,"PyTorch, TensorFlow, SQL, LangChain, CUDA",Mid,Remote,"Lake Bradley, AU",2025-02-07,Large,"FastAPI, Scikit-learn",72972,126528
"Powers, Lewis and Stewart",E-commerce,NLP Engineer,"Flask, Azure, R",Senior,Full-time,"Andrewview, NA",2023-10-22,Large,PyTorch,82976,173654
"Foley, Green and Farley",E-commerce,Data Analyst,"Power BI, GCP, Hugging Face",Entry,Remote,"Port Ashlee, LI",2023-10-02,Startup,"Scikit-learn, BigQuery",131943,173682
Smith-Fernandez,Tech,AI Product Manager,"Excel, Hugging Face, R",Entry,Contract,"South Ruthview, CI",2025-08-05,Mid,"FastAPI, Scikit-learn, MLflow",82505,101984
"Smith, Tapia and Jones",Education,Quant Researcher,"NumPy, Power BI, LangChain, C++, Keras, SQL",Mid,Contract,"East Martin, GB",2024-03-24,Mid,KDB+,68140,81958
Sanchez Ltd,Retail,AI Product Manager,"SQL, LangChain, AWS, NumPy, Azure",Senior,Internship,"Port Anna, PG",2024-08-15,Startup,"Scikit-learn, BigQuery, MLflow",96190,108045
Floyd Ltd,Healthcare,Computer Vision Engineer,"Python, C++, NumPy, Reinforcement Learning, GCP",Mid,Internship,"Clarkefort, MD",2023-09-26,Large,"MLflow, TensorFlow",99962,156102
Clark-Holloway,Tech,Data Analyst,"Python, Reinforcement Learning, CUDA",Senior,Internship,"Karenland, AL",2023-12-21,Mid,"Scikit-learn, TensorFlow",83481,108793
Johnson Ltd,E-commerce,ML Engineer,"TensorFlow, Azure, LangChain, Flask, Excel",Mid,Contract,"Sosaview, CI",2024-01-21,Startup,Scikit-learn,64006,146071
Fox-Cochran,Finance,ML Engineer,"Azure, SQL, Reinforcement Learning, PyTorch, Hugging Face",Mid,Full-time,"South Marymouth, UG",2025-01-16,Startup,"LangChain, PyTorch",139090,189499
"Villarreal, Ellis and Crane",Education,NLP Engineer,"Flask, CUDA, FastAPI, Pandas, Excel",Mid,Full-time,"New Williamshire, LI",2025-04-12,Mid,"TensorFlow, BigQuery",128590,227043
"Fox, Davis and Houston",Finance,Quant Researcher,"C++, GCP, LangChain, PyTorch, FastAPI",Senior,Remote,"Gregoryborough, TN",2024-03-16,Large,"Scikit-learn, TensorFlow, KDB+",134084,221937
Nash-Perry,Tech,AI Researcher,"C++, PyTorch, Power BI",Entry,Full-time,"Thomasberg, MZ",2025-01-06,Large,MLflow,115909,139125
Murphy and Sons,Healthcare,AI Researcher,"Python, Reinforcement Learning, CUDA, Flask, Excel",Senior,Internship,"West Vernon, LA",2025-07-16,Startup,BigQuery,149070,195129
Bailey Inc,Tech,Quant Researcher,"R, C++, Hugging Face, Scikit-learn, Python, LangChain",Senior,Internship,"Johnsonburgh, HR",2024-09-03,Large,MLflow,97778,137738
Wright PLC,E-commerce,NLP Engineer,"FastAPI, NumPy, LangChain, Scikit-learn, Power BI",Senior,Internship,"South James, JM",2023-10-07,Mid,"MLflow, PyTorch",110485,197629
Grimes-Cruz,Healthcare,Data Analyst,"Scikit-learn, Hugging Face, LangChain",Entry,Contract,"West Nicolefurt, US",2024-10-03,Large,"PyTorch, KDB+, LangChain",145486,222351
"Spence, Mcconnell and Fleming",Automotive,Data Analyst,"AWS, PyTorch, C++, FastAPI",Senior,Full-time,"Garrettville, NR",2024-11-06,Large,"FastAPI, LangChain, MLflow",95581.5,151635
Rush Inc,Finance,AI Researcher,"Python, Scikit-learn, Pandas",Mid,Internship,"North Mary, BA",2025-02-24,Large,TensorFlow,126809,151152
Davis PLC,Automotive,Computer Vision Engineer,"C++, Pandas, NumPy, R",Entry,Full-time,"Lake Paulside, TH",2024-07-29,Mid,"BigQuery, LangChain",64760,118946
Beard Group,Retail,Data Scientist,"FastAPI, Scikit-learn, CUDA",Entry,Full-time,"Williamchester, BG",2025-06-19,Mid,"LangChain, KDB+, BigQuery",52280,123227
Johnson-Marshall,Healthcare,Data Analyst,"Reinforcement Learning, C++, GCP, AWS, FastAPI",Senior,Internship,"New Timothy, KG",2025-06-08,Startup,"Scikit-learn, FastAPI",68612,166635
Adams and Sons,Retail,AI Product Manager,"R, Hugging Face, Flask, NumPy, Keras, C++",Entry,Internship,"Duncanhaven, KH",2023-10-17,Mid,KDB+,138615,197243
"Baker, Lawson and Newton",E-commerce,AI Product Manager,"MLflow, TensorFlow, Power BI, CUDA, NumPy, PyTorch",Entry,Internship,"Perezstad, PW",2023-09-29,Startup,BigQuery,121197,202610
Chandler Group,Tech,AI Product Manager,"PyTorch, Scikit-learn, C++",Mid,Internship,"New Abigail, SD",2023-09-27,Large,MLflow,134410,177448
Hensley LLC,Healthcare,Quant Researcher,"Power BI, Hugging Face, NumPy, R, PyTorch, Keras",Entry,Internship,"Johnstad, CH",2023-11-28,Mid,KDB+,80993,138061
"Burke, Mitchell and Wright",Education,NLP Engineer,"Power BI, Hugging Face, Keras",Entry,Internship,"Flemingmouth, TM",2024-09-29,Large,"LangChain, TensorFlow, MLflow",77685,142876
Hernandez Ltd,Retail,AI Product Manager,"Flask, GCP, MLflow, Pandas",Mid,Full-time,"New Nicoleview, KM",2024-08-29,Startup,"BigQuery, PyTorch",125294,146737
Meadows and Sons,Healthcare,Data Analyst,"Pandas, Power BI, MLflow, Python, AWS",Entry,Internship,"New Michaelland, IR",2025-03-20,Startup,"MLflow, KDB+",127211,147416
Barr PLC,Healthcare,ML Engineer,"TensorFlow, LangChain, AWS",Senior,Internship,"New Chaseberg, PK",2024-05-27,Startup,"TensorFlow, KDB+, FastAPI",122827,192222
Marshall Inc,Healthcare,Data Scientist,"CUDA, Hugging Face, Python",Entry,Remote,"Port James, IE",2023-11-07,Mid,"FastAPI, PyTorch, TensorFlow",76718,113040
"Steele, Sherman and Liu",E-commerce,Data Scientist,"R, Python, LangChain, FastAPI",Entry,Full-time,"Stuartchester, PS",2025-05-15,Large,"BigQuery, FastAPI, PyTorch",69019,161590
"Crane, Johnson and Robinson",Automotive,AI Product Manager,"Keras, Excel, GCP",Entry,Remote,"Ericside, BI",2025-03-03,Startup,"KDB+, FastAPI, MLflow",118645,155704
Ferguson PLC,Automotive,Quant Researcher,"Reinforcement Learning, Excel, NumPy, PyTorch, Pandas, SQL",Entry,Internship,"Johnsonmouth, TN",2024-03-21,Large,"FastAPI, LangChain",92698,140658
Marshall Group,Healthcare,Data Analyst,"Pandas, Power BI, SQL",Senior,Internship,"Zacharyside, PG",2025-02-14,Large,"KDB+, LangChain",136382,182715
"Williams, Brown and Howard",Retail,Computer Vision Engineer,"R, Hugging Face, Flask",Mid,Full-time,"Owensborough, GE",2024-08-22,Large,"LangChain, FastAPI, TensorFlow",149696,227014
"Miller, Waters and Clark",Education,ML Engineer,"Power BI, CUDA, AWS",Entry,Remote,"Lake John, CO",2023-12-21,Mid,"Scikit-learn, BigQuery, KDB+",71669,113847
Montgomery Inc,Healthcare,Data Analyst,"Flask, TensorFlow, C++",Senior,Internship,"West Coreyton, VE",2024-03-15,Large,"KDB+, FastAPI, PyTorch",119078,145795
Middleton and Sons,Healthcare,Data Scientist,"Scikit-learn, Python, Hugging Face, Pandas, Keras, MLflow",Entry,Full-time,"Lake Melissa, LY",2023-12-14,Mid,"BigQuery, MLflow",126591,151914
Allen Ltd,Tech,Quant Researcher,"LangChain, SQL, PyTorch, Excel",Mid,Internship,"Cantrellmouth, AE",2024-09-21,Mid,KDB+,121727,184486
Scott-Norris,Finance,NLP Engineer,"Python, MLflow, PyTorch, FastAPI",Senior,Full-time,"Lauramouth, FR",2025-02-13,Startup,"TensorFlow, FastAPI, KDB+",90376,118923
Ramos Ltd,Retail,Computer Vision Engineer,"Scikit-learn, Flask, PyTorch, SQL",Senior,Remote,"West Tyler, CN",2023-09-26,Large,"BigQuery, TensorFlow",132851,157092
Daniel-Williams,Tech,AI Researcher,"Keras, Pandas, AWS, SQL",Mid,Full-time,"West Raymondshire, SK",2025-07-22,Mid,BigQuery,134738,212228
Lowery-Henry,Healthcare,AI Researcher,"NumPy, Scikit-learn, SQL, LangChain, C++",Senior,Internship,"Jacobschester, KH",2024-04-03,Startup,"Scikit-learn, LangChain",107785,120214
"Gutierrez, Salazar and Rowe",Tech,Data Analyst,"MLflow, Keras, CUDA, FastAPI, Flask",Mid,Remote,"West Scott, ER",2023-12-07,Large,TensorFlow,125072,185338
Parker Ltd,E-commerce,Data Analyst,"Pandas, R, AWS, TensorFlow, NumPy, Reinforcement Learning",Mid,Internship,"West Amandafort, AR",2024-09-22,Startup,"FastAPI, TensorFlow",117423,185384
"Montes, Graham and Leach",Healthcare,Data Scientist,"LangChain, Power BI, Azure, C++, Scikit-learn, TensorFlow",Entry,Internship,"Lake Michelle, CH",2025-02-04,Startup,"Scikit-learn, BigQuery",82983,154304
"King, Stevens and Schmidt",Education,ML Engineer,"Power BI, LangChain, Python, Reinforcement Learning, TensorFlow, PyTorch",Senior,Internship,"Donnaton, AD",2024-06-04,Large,"Scikit-learn, MLflow",44946,127238
Barron-Zuniga,Tech,Data Analyst,"GCP, Keras, Flask",Senior,Internship,"Stevenstad, SD",2025-03-25,Large,KDB+,138174,196751
"Caldwell, Silva and Edwards",Tech,NLP Engineer,"SQL, Flask, Azure, LangChain",Entry,Internship,"Lake Keith, RO",2024-12-12,Mid,Scikit-learn,141056,174505
Bell and Sons,Retail,NLP Engineer,"SQL, Python, C++, MLflow, CUDA",Mid,Full-time,"Lake Kathy, HR",2023-12-14,Startup,PyTorch,56727,128729
Lee Inc,E-commerce,AI Researcher,"TensorFlow, PyTorch, LangChain",Mid,Internship,"Allenchester, NI",2025-04-23,Startup,KDB+,118148,188104
Schroeder Group,Education,AI Researcher,"C++, TensorFlow, AWS",Entry,Contract,"East Kevinfurt, CY",2024-04-26,Large,"PyTorch, MLflow",95581.5,151635
Fields PLC,Automotive,Data Scientist,"FastAPI, Excel, Pandas",Mid,Full-time,"South Bethhaven, BT",2024-10-24,Large,"Scikit-learn, TensorFlow",108653,184973
"Hawkins, Holland and Peters",Healthcare,Computer Vision Engineer,"FastAPI, PyTorch, Excel, SQL",Entry,Internship,"Lake Nicoleberg, FM",2024-03-10,Mid,PyTorch,89361,142061
Robertson and Sons,Healthcare,ML Engineer,"GCP, PyTorch, Power BI, TensorFlow",Entry,Contract,"East Christine, BW",2025-07-24,Large,"TensorFlow, MLflow",63877,154660
"Harrison, Marquez and Bailey",Healthcare,Data Scientist,"PyTorch, GCP, Reinforcement Learning, Excel, C++",Senior,Contract,"Nunezmouth, UY",2024-12-31,Startup,"MLflow, TensorFlow, BigQuery",126539,221782
Chen-Erickson,Finance,Data Scientist,"FastAPI, SQL, GCP, AWS",Senior,Internship,"Williamsmouth, GT",2024-12-06,Startup,"BigQuery, KDB+, PyTorch",148786,200150
Copeland-Mitchell,Finance,ML Engineer,"TensorFlow, Scikit-learn, Flask, NumPy, SQL, LangChain",Entry,Remote,"Bradleyport, AR",2024-08-13,Large,"Scikit-learn, PyTorch",119811,192662
"Marsh, Foster and Taylor",Retail,Quant Researcher,"NumPy, GCP, Flask, TensorFlow",Entry,Contract,"Kathyside, SK",2024-01-03,Large,LangChain,81526,98544
Benson PLC,Healthcare,AI Product Manager,"TensorFlow, PyTorch, Pandas, Excel, Scikit-learn, MLflow",Senior,Contract,"West Angelastad, FJ",2025-05-08,Startup,"MLflow, KDB+",121033,138940
"Williams, Thomas and Mueller",Education,Data Analyst,"Flask, Keras, GCP, Python, R, C++",Mid,Internship,"New Stacybury, UZ",2024-07-29,Startup,PyTorch,72934,95192
"Bartlett, Hodge and Jones",Tech,Quant Researcher,"Pandas, FastAPI, PyTorch, CUDA, Azure",Mid,Full-time,"Lake Jordan, GD",2024-02-01,Startup,"FastAPI, TensorFlow, KDB+",44039,63263
Baldwin LLC,Healthcare,AI Product Manager,"Keras, Azure, Excel, MLflow, FastAPI, Hugging Face",Entry,Remote,"Comptonstad, UA",2025-03-14,Mid,"Scikit-learn, BigQuery, FastAPI",95581.5,151635
Mcbride Inc,Tech,Computer Vision Engineer,"TensorFlow, SQL, NumPy, Flask, Scikit-learn, Hugging Face",Entry,Contract,"Lake Joshuabury, LB",2024-09-27,Mid,"BigQuery, Scikit-learn, PyTorch",118416,199499
Colon LLC,E-commerce,AI Product Manager,"Reinforcement Learning, Pandas, AWS, PyTorch, Azure, C++",Entry,Remote,"Lake Brian, ZM",2024-07-11,Startup,"LangChain, BigQuery, KDB+",65640,83693
"Ashley, Boone and Stein",Education,Computer Vision Engineer,"Hugging Face, FastAPI, GCP, Pandas, SQL",Mid,Contract,"Jasminville, SA",2024-05-31,Startup,"Scikit-learn, LangChain",81177,94986
"Wilson, Taylor and Watts",Tech,Computer Vision Engineer,"NumPy, Python, Excel",Mid,Internship,"Lake Edward, IE",2024-12-16,Startup,"BigQuery, MLflow, LangChain",103151,196428
Hodge-Fernandez,Automotive,Computer Vision Engineer,"Hugging Face, LangChain, Azure, C++",Entry,Internship,"New Alanville, BB",2023-12-08,Startup,"TensorFlow, FastAPI, PyTorch",95581.5,151635
"Roman, Moody and Larson",Education,Data Analyst,"CUDA, Hugging Face, GCP, FastAPI",Entry,Full-time,"Port Alisonville, AT",2024-05-29,Large,"BigQuery, TensorFlow, FastAPI",113673,155142
Waller-Buchanan,E-commerce,NLP Engineer,"MLflow, Python, Excel, NumPy, LangChain, Power BI",Senior,Full-time,"North Jonathan, MN",2025-01-21,Startup,"MLflow, LangChain, PyTorch",138749,165833
Lane-Vaughn,Finance,Quant Researcher,"Python, GCP, Power BI, MLflow",Entry,Remote,"Maryville, GQ",2025-01-09,Large,"BigQuery, TensorFlow, PyTorch",95581.5,151635
"Shaffer, Jones and Weaver",Automotive,Data Scientist,"GCP, AWS, Keras, Azure",Senior,Full-time,"Port Melissa, KE",2025-07-17,Mid,KDB+,108286,185587
Wilkinson Ltd,Finance,AI Researcher,"GCP, Excel, PyTorch",Entry,Internship,"Port Sabrinaburgh, KI",2024-03-20,Startup,"Scikit-learn, PyTorch",56159,125898
Gomez PLC,Retail,Data Scientist,"NumPy, LangChain, FastAPI",Entry,Contract,"West Rhondabury, ES",2024-10-06,Startup,"LangChain, FastAPI",77346,131068
Gray-Thompson,Finance,Computer Vision Engineer,"CUDA, Azure, MLflow, NumPy",Mid,Internship,"Jenniferfurt, RW",2024-02-25,Mid,"FastAPI, Scikit-learn",50711,112317
"Rubio, Lutz and Sanders",E-commerce,AI Product Manager,"PyTorch, Reinforcement Learning, Excel",Entry,Remote,"Trevinobury, IL",2024-01-23,Large,"MLflow, Scikit-learn",105715,122718
Avila LLC,Retail,Data Scientist,"GCP, Excel, Scikit-learn, Azure",Mid,Full-time,"North Dominicmouth, MY",2024-05-08,Startup,"Scikit-learn, LangChain, MLflow",65347,115073
Phillips Inc,Education,NLP Engineer,"GCP, PyTorch, NumPy, FastAPI, Excel, Pandas",Senior,Internship,"Davidberg, SZ",2025-05-02,Mid,"MLflow, TensorFlow",119430,197885
"Page, Mccoy and Walsh",Healthcare,Data Scientist,"Python, Reinforcement Learning, Hugging Face",Mid,Remote,"Johnmouth, GT",2023-12-06,Mid,PyTorch,148872,221944
Alvarado-Rhodes,E-commerce,Quant Researcher,"Azure, Flask, TensorFlow",Mid,Remote,"Danieltown, SB",2024-10-02,Mid,FastAPI,59784,116141
Green-Fleming,Healthcare,AI Product Manager,"LangChain, CUDA, TensorFlow, Reinforcement Learning, Excel, Scikit-learn",Senior,Full-time,"East Timothybury, GT",2024-12-28,Startup,MLflow,100903,151186
Miller-Walker,Education,Computer Vision Engineer,"Azure, Power BI, Flask",Mid,Full-time,"East Martha, WS",2023-12-30,Large,"BigQuery, MLflow, TensorFlow",95581.5,151635
"Thomas, Mccarthy and King",Retail,ML Engineer,"Azure, Reinforcement Learning, Flask, Scikit-learn",Entry,Contract,"New Christopherville, UY",2023-11-12,Mid,"BigQuery, MLflow, FastAPI",147468,228501
"Smith, King and Miller",Finance,Computer Vision Engineer,"Excel, Power BI, GCP, AWS, CUDA, C++",Senior,Full-time,"East Joanna, BY",2024-04-24,Mid,"Scikit-learn, TensorFlow",127777,214097
Mann PLC,Finance,AI Researcher,"LangChain, Power BI, Azure",Senior,Remote,"Schwartzport, LB",2024-08-03,Startup,"Scikit-learn, LangChain",75757,96179
"Ellis, Wilson and Ochoa",Tech,AI Researcher,"Flask, Scikit-learn, FastAPI, CUDA, Azure",Entry,Internship,"South Deborahfurt, PT",2024-10-08,Large,"BigQuery, LangChain",114948,190372
Quinn Ltd,Healthcare,Data Analyst,"Flask, SQL, Azure",Entry,Remote,"Kellychester, PW",2025-03-10,Large,MLflow,77386,96514
Ward PLC,Finance,Data Analyst,"Reinforcement Learning, Excel, Azure, Pandas, GCP, MLflow",Senior,Internship,"Tiffanyville, MD",2023-11-23,Mid,"LangChain, KDB+, Scikit-learn",69451,119444
Grant Group,Retail,Data Scientist,"R, PyTorch, FastAPI, Pandas, Reinforcement Learning, Scikit-learn",Senior,Contract,"Lake Ann, TO",2024-02-28,Mid,Scikit-learn,104456,117390
Gomez and Sons,Retail,AI Researcher,"FastAPI, NumPy, PyTorch, Hugging Face, Flask",Senior,Remote,"Hollyside, NP",2025-08-30,Mid,"LangChain, MLflow",148709,198017
Wilson-Myers,Tech,AI Product Manager,"Hugging Face, NumPy, Flask",Mid,Internship,"Lake Jeffreymouth, AD",2025-05-08,Large,"Scikit-learn, FastAPI",103079,119522
Morton-Simpson,Finance,Data Scientist,"Flask, FastAPI, Scikit-learn, AWS, Reinforcement Learning, MLflow",Entry,Full-time,"Davidmouth, JP",2024-07-26,Large,"PyTorch, Scikit-learn",113860,151781
Nguyen LLC,E-commerce,Data Analyst,"R, Reinforcement Learning, MLflow, C++, Scikit-learn",Senior,Full-time,"South Nathan, NI",2024-12-14,Startup,"PyTorch, FastAPI",74945,103128
Combs Inc,Healthcare,ML Engineer,"C++, Flask, NumPy, LangChain, SQL",Senior,Full-time,"Susanshire, TL",2023-12-13,Large,"MLflow, Scikit-learn, KDB+",92486,179935
Ferguson and Sons,Healthcare,Data Scientist,"Power BI, Python, GCP, MLflow",Entry,Remote,"West Coryburgh, SL",2024-09-23,Large,"BigQuery, KDB+, MLflow",106180,184308
Cook Group,Automotive,AI Researcher,"Flask, Power BI, AWS, NumPy, CUDA, Azure",Mid,Remote,"East Rodney, DM",2024-06-09,Mid,"PyTorch, Scikit-learn",132233,160821
"White, Weber and Terry",Education,ML Engineer,"Power BI, CUDA, PyTorch, SQL, Excel, GCP",Senior,Internship,"Jessicabury, DE",2024-07-26,Startup,"TensorFlow, MLflow",91241,125804
Le-Brown,Finance,Computer Vision Engineer,"C++, Hugging Face, TensorFlow",Senior,Full-time,"Jonesmouth, GT",2024-04-27,Startup,"PyTorch, MLflow",110000,185537
"Boyd, Cochran and Golden",Education,ML Engineer,"Python, Excel, FastAPI, PyTorch, LangChain, GCP",Mid,Internship,"South Kaitlyn, MD",2024-10-21,Mid,"BigQuery, MLflow, Scikit-learn",52748,92984
"Warren, Kirby and Thomas",Tech,ML Engineer,"R, LangChain, Hugging Face",Entry,Remote,"Dennisstad, GW",2024-08-22,Mid,LangChain,95581.5,151635
Berry LLC,Automotive,AI Product Manager,"MLflow, Excel, Scikit-learn, Reinforcement Learning, Python",Mid,Remote,"Mahoneyshire, CO",2024-07-17,Startup,PyTorch,104125,191894
"Walker, Brown and Monroe",E-commerce,Data Scientist,"GCP, AWS, Pandas, Flask, Python",Senior,Contract,"Jadefort, BY",2023-11-28,Startup,"FastAPI, KDB+, MLflow",69252,109380
Armstrong-Clark,Education,Quant Researcher,"NumPy, C++, SQL",Entry,Full-time,"Reidfurt, MM",2024-05-21,Mid,BigQuery,111030,208765
Hall-Gill,Education,AI Product Manager,"NumPy, C++, MLflow",Senior,Internship,"Scottberg, KG",2025-01-12,Startup,PyTorch,41699,59726
"Riley, Rasmussen and Baker",E-commerce,Data Scientist,"Python, Excel, Hugging Face, CUDA, Flask",Entry,Contract,"Atkinsstad, AF",2024-08-14,Large,MLflow,106640,124170
Martinez and Sons,Automotive,Computer Vision Engineer,"Scikit-learn, C++, Power BI",Entry,Contract,"Kennethshire, HR",2025-06-02,Large,MLflow,100995,196234
Hernandez Inc,Retail,Data Analyst,"Excel, Flask, C++, Scikit-learn",Mid,Remote,"Rileyside, IS",2024-03-20,Startup,LangChain,45889,122997
Moore-Ramirez,Finance,Data Analyst,"NumPy, MLflow, PyTorch, Power BI, Scikit-learn, C++",Entry,Remote,"Kimberlyfort, DO",2024-03-29,Startup,"MLflow, LangChain",143526,170125
Duran-Rangel,Retail,NLP Engineer,"Reinforcement Learning, MLflow, SQL, NumPy",Mid,Full-time,"North Lindsey, CA",2025-05-07,Large,TensorFlow,50742,114775
"Black, Rodriguez and Hicks",Education,NLP Engineer,"CUDA, Keras, Hugging Face, Reinforcement Learning",Senior,Internship,"Jerrychester, GE",2024-04-27,Mid,MLflow,92504,103546
Wilson PLC,Tech,NLP Engineer,"Power BI, LangChain, AWS, Hugging Face, Flask",Senior,Full-time,"Allenfurt, RO",2023-12-20,Mid,"KDB+, LangChain, MLflow",140645,172949
"Hines, Castillo and Patterson",Tech,Computer Vision Engineer,"CUDA, C++, Power BI, FastAPI",Senior,Full-time,"Andrewhaven, HR",2023-10-04,Mid,"FastAPI, KDB+",95581.5,151635
Mitchell-Rivera,Education,Data Scientist,"Power BI, Reinforcement Learning, R, TensorFlow, GCP, Python",Mid,Internship,"Collinsside, UZ",2025-02-19,Mid,"MLflow, KDB+, PyTorch",116027,190410
"Williams, Mcdonald and Martin",Education,ML Engineer,"TensorFlow, Hugging Face, LangChain",Mid,Internship,"Lake Melindabury, ER",2025-03-18,Large,"PyTorch, LangChain, TensorFlow",55995,137734
Lee PLC,Finance,ML Engineer,"Scikit-learn, MLflow, FastAPI",Entry,Contract,"Cliffordview, IS",2025-09-01,Startup,"FastAPI, KDB+, Scikit-learn",79142,150174
Wright Inc,E-commerce,Data Analyst,"Power BI, CUDA, Pandas",Entry,Internship,"Port Carrie, ME",2024-01-27,Mid,"LangChain, BigQuery, TensorFlow",49729,93113
Townsend Inc,Education,ML Engineer,"Reinforcement Learning, PyTorch, Scikit-learn",Mid,Remote,"Cooperstad, CO",2024-08-21,Large,"FastAPI, LangChain, MLflow",133127,147369
Valentine-Hodge,Healthcare,AI Researcher,"AWS, Scikit-learn, Keras, PyTorch, LangChain",Entry,Contract,"Jasonborough, CG",2025-04-08,Large,"KDB+, FastAPI",64534,127901
Scott-Jackson,Healthcare,Data Analyst,"Scikit-learn, PyTorch, CUDA",Mid,Full-time,"East Tyler, KP",2023-12-25,Startup,"KDB+, TensorFlow, LangChain",100195,144148
Austin Group,Finance,Data Analyst,"Flask, FastAPI, CUDA, AWS",Entry,Full-time,"Caseychester, SA",2023-09-22,Startup,LangChain,65884,114586
Garza-Gilbert,Education,Data Scientist,"R, PyTorch, SQL, NumPy, CUDA",Mid,Contract,"Robertbury, HR",2023-11-24,Large,KDB+,110008,207656
Nichols-Cook,Retail,AI Product Manager,"Pandas, Power BI, SQL, Reinforcement Learning, LangChain",Entry,Internship,"Stevenshire, UG",2024-09-10,Large,"MLflow, LangChain, KDB+",141080,176268
Thompson-Powell,Healthcare,NLP Engineer,"Azure, AWS, Keras, Flask, SQL",Mid,Internship,"Katherinebury, PH",2024-08-27,Mid,MLflow,98451,116247
Sawyer-Cooper,E-commerce,AI Product Manager,"R, C++, Keras, Hugging Face",Entry,Remote,"Lake Daisyfurt, MC",2024-03-07,Startup,"Scikit-learn, FastAPI",92936,189944
"Ray, Torres and Cortez",Automotive,AI Product Manager,"CUDA, Azure, Power BI, LangChain",Senior,Internship,"Silvastad, LI",2025-08-19,Mid,PyTorch,95352,123255
Stokes-Cameron,E-commerce,Quant Researcher,"GCP, CUDA, PyTorch, FastAPI, TensorFlow, Excel",Mid,Internship,"Perrymouth, BG",2025-04-01,Startup,KDB+,58077,99999
Hudson-Robertson,Finance,Data Analyst,"GCP, Pandas, R",Mid,Remote,"Port Kristin, LB",2024-07-21,Large,KDB+,124312,151418
Carter-Jimenez,Healthcare,NLP Engineer,"Power BI, Pandas, Flask",Senior,Remote,"South Jenniferton, KG",2024-07-19,Large,"Scikit-learn, KDB+, FastAPI",93786,129779
Freeman-Reyes,Tech,Computer Vision Engineer,"TensorFlow, Hugging Face, Pandas, Flask, Reinforcement Learning, Keras",Mid,Internship,"Janetmouth, VE",2024-01-14,Large,FastAPI,110572,124509
"Hicks, Webb and Krueger",Finance,Data Analyst,"Power BI, NumPy, R, FastAPI, Keras",Entry,Full-time,"Jessicaborough, CA",2024-11-30,Large,"TensorFlow, LangChain",51641,93894
"Cannon, Martin and Watson",Tech,NLP Engineer,"AWS, Excel, Keras, Hugging Face, Azure, Reinforcement Learning",Senior,Full-time,"South Debra, AD",2024-03-08,Large,"BigQuery, PyTorch",51700,88420
Blevins PLC,Automotive,ML Engineer,"Python, Hugging Face, Keras, LangChain",Entry,Internship,"Jeremyland, AU",2023-12-03,Large,KDB+,95581.5,151635
"Butler, Brown and Thomas",Automotive,Data Analyst,"Excel, Hugging Face, GCP",Mid,Remote,"Evelynhaven, CN",2025-08-08,Large,"Scikit-learn, BigQuery, PyTorch",81196,159549
Ellis Inc,Healthcare,Quant Researcher,"NumPy, Reinforcement Learning, Python, Hugging Face, PyTorch, GCP",Entry,Internship,"Susantown, GB",2024-06-08,Large,TensorFlow,59030,80182
Lindsey Ltd,Education,Quant Researcher,"NumPy, Python, MLflow, Flask, GCP",Entry,Contract,"New Shaun, BJ",2024-07-30,Mid,"FastAPI, PyTorch",95581.5,151635
Wu Ltd,Healthcare,Quant Researcher,"Excel, Keras, GCP, Scikit-learn, Hugging Face, Pandas",Mid,Full-time,"East Christinachester, BO",2024-03-24,Startup,"KDB+, LangChain, TensorFlow",107796,134517
Ruiz-Payne,Tech,Data Scientist,"PyTorch, Hugging Face, Excel",Entry,Remote,"East Christopherberg, BJ",2024-08-01,Large,MLflow,71884,105313
Stewart Group,Tech,Data Scientist,"Reinforcement Learning, LangChain, Pandas, TensorFlow, MLflow, FastAPI",Senior,Full-time,"Jefferymouth, KW",2025-01-05,Large,"LangChain, Scikit-learn",147074,174771
"Adams, Finley and Perez",Tech,AI Product Manager,"CUDA, SQL, Azure, Excel, Pandas",Mid,Full-time,"Downsland, TW",2025-08-13,Large,"LangChain, FastAPI, Scikit-learn",92572,114371
Ponce-Brewer,Education,AI Product Manager,"R, Azure, TensorFlow",Mid,Remote,"Daymouth, MK",2025-03-23,Mid,BigQuery,102870,113156
Strickland-Gray,Tech,NLP Engineer,"AWS, R, Pandas, Power BI, SQL, Scikit-learn",Mid,Internship,"Taylorport, VU",2024-04-17,Mid,"KDB+, LangChain",120347,143612
Mckee PLC,E-commerce,Data Scientist,"Hugging Face, R, TensorFlow, MLflow, NumPy",Senior,Internship,"Danielletown, MH",2023-12-27,Startup,"BigQuery, TensorFlow, LangChain",75231,145702
Keith Inc,Healthcare,Data Scientist,"Power BI, Scikit-learn, Excel",Senior,Internship,"Lake Robert, TN",2025-02-23,Startup,"BigQuery, TensorFlow",58470,121970
Willis-Olson,Automotive,NLP Engineer,"Hugging Face, Azure, Keras",Entry,Full-time,"North Aaronberg, ME",2025-08-28,Mid,"MLflow, PyTorch",106459,135097
"Roberts, Gill and Williams",Tech,ML Engineer,"LangChain, PyTorch, Power BI, Pandas, Scikit-learn, R",Mid,Remote,"Lake Scottbury, LB",2025-05-31,Large,"LangChain, TensorFlow, PyTorch",122945,203527
Johnson LLC,Education,Data Analyst,"Hugging Face, Excel, Pandas, Keras, Reinforcement Learning, AWS",Mid,Internship,"New Richard, HT",2024-03-09,Startup,"KDB+, FastAPI",124091,191684
"Houston, Ponce and Pennington",Automotive,Computer Vision Engineer,"PyTorch, Excel, Pandas, MLflow, Hugging Face",Senior,Full-time,"Lake Jamesside, DM",2024-03-19,Startup,"LangChain, BigQuery, MLflow",137315,197039
"Smith, Willis and Johnson",Healthcare,AI Researcher,"LangChain, SQL, Pandas, R, Reinforcement Learning, Python",Entry,Remote,"Cathyport, PH",2025-01-23,Large,"TensorFlow, KDB+",106512,143521
Greene and Sons,Retail,NLP Engineer,"Reinforcement Learning, TensorFlow, NumPy",Entry,Contract,"Pearsonberg, KG",2025-06-12,Mid,TensorFlow,98138,173798
Lloyd PLC,Finance,Computer Vision Engineer,"Flask, LangChain, PyTorch, MLflow, SQL",Entry,Internship,"New Ericafurt, LU",2024-11-24,Large,"LangChain, Scikit-learn, BigQuery",135742,157917
Abbott-Gray,E-commerce,ML Engineer,"FastAPI, NumPy, C++",Senior,Internship,"Howardview, MA",2024-07-23,Mid,BigQuery,83533,101505
Ramos and Sons,Healthcare,Computer Vision Engineer,"Reinforcement Learning, LangChain, CUDA, Hugging Face",Entry,Remote,"Rileyborough, HU",2023-10-23,Mid,"LangChain, MLflow",121547,203993
Hicks Inc,Retail,Data Analyst,"TensorFlow, Python, SQL",Entry,Contract,"North Haileyville, UA",2025-08-05,Large,KDB+,120806,164790
Adams-Bright,Tech,Computer Vision Engineer,"AWS, Keras, GCP, SQL",Mid,Internship,"Laneberg, JM",2024-07-11,Startup,LangChain,98170,187910
Martin-Gregory,Education,Data Analyst,"Python, SQL, PyTorch",Senior,Internship,"Dawnmouth, MM",2024-10-23,Startup,"Scikit-learn, MLflow",69719,121288
Wood LLC,Education,Quant Researcher,"Hugging Face, Flask, Scikit-learn, GCP",Mid,Internship,"North Brooke, US",2023-09-21,Large,"MLflow, FastAPI",149745,219560
Schultz-Sanders,Healthcare,AI Product Manager,"FastAPI, TensorFlow, Python, GCP",Entry,Internship,"South Elizabeth, BI",2024-06-07,Mid,"FastAPI, BigQuery, PyTorch",121766,167056
Ray LLC,Automotive,Quant Researcher,"Hugging Face, C++, NumPy, R",Senior,Remote,"West Charles, ZM",2025-09-17,Mid,"PyTorch, BigQuery",134147,151699
"Lee, Rodgers and Hunter",Finance,AI Researcher,"LangChain, Python, Excel, AWS, Power BI, Hugging Face",Mid,Internship,"West Whitney, BH",2023-12-05,Mid,"KDB+, MLflow",120540,186828
Jones and Sons,Finance,AI Researcher,"Power BI, Excel, Azure, Keras, C++",Entry,Contract,"New Matthew, UG",2023-10-31,Large,"TensorFlow, LangChain",109782,188846
Morse-Hodges,Finance,NLP Engineer,"Python, MLflow, PyTorch, C++, GCP, Hugging Face",Senior,Full-time,"Beckerstad, IN",2025-08-26,Mid,"MLflow, TensorFlow, PyTorch",122408,206048
"West, Williams and Stewart",Healthcare,Quant Researcher,"Scikit-learn, AWS, Python, CUDA",Mid,Internship,"Macdonaldfort, JM",2025-07-04,Large,"KDB+, FastAPI",58854,124327
Lopez LLC,Automotive,Quant Researcher,"Flask, LangChain, AWS, Reinforcement Learning",Entry,Internship,"South Ralphfort, MH",2024-11-09,Startup,"Scikit-learn, BigQuery, PyTorch",88941,139505
Nunez Inc,Retail,Data Analyst,"Azure, Pandas, Excel, Reinforcement Learning, LangChain",Entry,Internship,"New Brianborough, AF",2024-11-20,Mid,MLflow,72495,145673
"Lewis, Pollard and Rogers",Retail,Computer Vision Engineer,"GCP, C++, Azure, TensorFlow, CUDA, R",Senior,Internship,"Pearsonmouth, RW",2025-05-26,Startup,"PyTorch, KDB+",95581.5,151635
"Moody, Oconnor and Brewer",Finance,ML Engineer,"CUDA, Azure, FastAPI, Flask",Mid,Internship,"Thompsonborough, AF",2024-09-16,Mid,"Scikit-learn, BigQuery",116933,134438
Rodriguez-Moore,Finance,AI Product Manager,"Pandas, Python, PyTorch, R, Flask",Senior,Internship,"Parkerchester, TN",2024-07-17,Startup,"TensorFlow, PyTorch",98712,188424
Baker-Williams,E-commerce,Data Analyst,"Python, Power BI, Hugging Face, AWS",Mid,Internship,"Bakerland, NG",2024-06-08,Mid,"LangChain, BigQuery",60237,131972
"Summers, Carter and James",Automotive,Data Scientist,"AWS, SQL, CUDA, GCP, TensorFlow, C++",Mid,Contract,"Swansonburgh, MV",2024-04-10,Large,KDB+,107898,200535
"Hughes, Neal and Davis",Automotive,Computer Vision Engineer,"Reinforcement Learning, R, Azure, CUDA, TensorFlow",Entry,Remote,"Davidbury, CM",2025-09-03,Startup,"Scikit-learn, KDB+, FastAPI",139581,152762
Robinson Inc,Healthcare,AI Product Manager,"C++, Keras, Flask, Pandas, PyTorch, Excel",Senior,Contract,"Wuland, BO",2025-02-04,Large,TensorFlow,75241,170085
Marsh Inc,Education,Quant Researcher,"Keras, Reinforcement Learning, Scikit-learn",Mid,Contract,"Lake Patrickville, SK",2024-09-08,Startup,"MLflow, BigQuery",137255,202108
Kim-Thornton,Finance,Data Scientist,"Reinforcement Learning, Excel, C++, CUDA, Keras",Mid,Full-time,"South Peggyton, PW",2025-04-16,Mid,"LangChain, MLflow",85959,155778
"Miller, Wilson and Barker",Retail,Quant Researcher,"Scikit-learn, Azure, Hugging Face",Mid,Remote,"Helenport, OM",2024-08-20,Large,Scikit-learn,127608,200088
"Stewart, Rodriguez and Jenkins",Education,Computer Vision Engineer,"TensorFlow, NumPy, CUDA, Power BI",Senior,Full-time,"Port Mitchell, US",2023-12-13,Large,"TensorFlow, Scikit-learn, MLflow",108442,183191
Kelly-Cline,Education,Data Scientist,"PyTorch, Power BI, Scikit-learn, Flask, NumPy, Keras",Mid,Contract,"Port Caroline, NI",2024-04-11,Large,"FastAPI, MLflow",130051,206373
Beltran Inc,Tech,Data Analyst,"Azure, SQL, NumPy",Mid,Internship,"Lake Joshua, CU",2025-08-10,Large,"Scikit-learn, BigQuery",97481,117918
"Kennedy, Lopez and Bell",Retail,ML Engineer,"Python, LangChain, SQL, AWS, GCP, Power BI",Entry,Contract,"New Michael, TW",2023-12-29,Large,TensorFlow,94087,155660
Watson-Mitchell,Tech,ML Engineer,"SQL, MLflow, PyTorch, Power BI",Entry,Full-time,"Mariaton, SZ",2025-01-02,Mid,LangChain,70792,91387
"Wolfe, Stephenson and Sanchez",Tech,NLP Engineer,"Reinforcement Learning, NumPy, Python, Pandas",Mid,Internship,"Wallacetown, MG",2023-12-23,Startup,"FastAPI, BigQuery, PyTorch",68291,154121
Gaines-Nelson,Automotive,Data Analyst,"PyTorch, Power BI, Keras",Entry,Internship,"West Ryanport, MZ",2024-03-09,Large,"MLflow, PyTorch, TensorFlow",95581.5,151635
"Calhoun, Thomas and Brandt",Automotive,AI Researcher,"Reinforcement Learning, AWS, FastAPI, C++, Azure, LangChain",Entry,Remote,"Shepherdport, CY",2025-01-16,Large,"TensorFlow, FastAPI",83107,169161
"Hernandez, Griffith and Simmons",Retail,AI Researcher,"FastAPI, Power BI, CUDA",Mid,Internship,"West Mark, ET",2025-07-22,Large,BigQuery,88435,184953
Davies-Payne,Tech,AI Product Manager,"FastAPI, CUDA, C++, PyTorch",Senior,Full-time,"Kristyton, GW",2023-10-02,Large,"FastAPI, MLflow, TensorFlow",136510,188862
Hicks Group,Automotive,Data Analyst,"Pandas, TensorFlow, AWS",Senior,Remote,"Hollyberg, BB",2025-06-12,Large,"BigQuery, TensorFlow, PyTorch",143200,155406
Myers Ltd,Retail,Computer Vision Engineer,"AWS, Excel, TensorFlow, Scikit-learn, Hugging Face",Entry,Contract,"Amandahaven, MX",2024-08-13,Mid,"LangChain, PyTorch, MLflow",95581.5,151635
Ramirez and Sons,Automotive,NLP Engineer,"NumPy, PyTorch, AWS, Hugging Face",Senior,Remote,"Brendashire, LR",2025-04-28,Mid,PyTorch,109348,119746
Adams-Lee,Retail,ML Engineer,"Keras, R, Reinforcement Learning, PyTorch",Entry,Internship,"New Marthaview, PH",2025-09-13,Large,"BigQuery, Scikit-learn",65370,116822
Rosario PLC,Retail,Data Analyst,"PyTorch, C++, R, Keras, Reinforcement Learning, Hugging Face",Senior,Remote,"East John, TV",2025-01-05,Large,LangChain,131317,223043
Mack and Sons,Automotive,Quant Researcher,"GCP, FastAPI, Keras, R, CUDA, Hugging Face",Entry,Full-time,"Rhodestown, LI",2023-10-16,Large,KDB+,95581.5,151635
"Ramos, Hines and Faulkner",Finance,Data Scientist,"MLflow, Reinforcement Learning, LangChain, CUDA, Python",Entry,Remote,"Martinbury, PW",2024-07-24,Startup,"PyTorch, TensorFlow",119481,186317
Smith-Hall,E-commerce,AI Researcher,"Pandas, Excel, R, AWS",Senior,Remote,"Debbieburgh, FI",2024-10-12,Startup,"PyTorch, FastAPI",94861,166400
"Santos, Lowe and Lindsey",Finance,ML Engineer,"Flask, Azure, SQL, Hugging Face, Keras, C++",Senior,Remote,"Humphreyfort, PT",2024-04-09,Large,PyTorch,114821,195654
Wilkins-King,E-commerce,Quant Researcher,"TensorFlow, C++, Excel, FastAPI, Pandas",Entry,Internship,"Lake Mark, CH",2024-10-23,Mid,PyTorch,137105,162867
Parker-Harris,Healthcare,Computer Vision Engineer,"CUDA, Pandas, Scikit-learn, LangChain, Azure, FastAPI",Mid,Internship,"Morrisburgh, MH",2024-10-04,Startup,"MLflow, KDB+, PyTorch",73444,83704
Mitchell-Ayers,Retail,ML Engineer,"CUDA, SQL, Python, Reinforcement Learning",Mid,Full-time,"Andersonberg, GA",2024-12-19,Startup,"PyTorch, MLflow",76464,92375
"James, Scott and Armstrong",E-commerce,AI Product Manager,"Azure, MLflow, FastAPI, Hugging Face, LangChain",Entry,Remote,"Kellyton, TG",2024-12-29,Mid,"MLflow, KDB+, PyTorch",129651,170616
Mcdonald-Hines,Retail,NLP Engineer,"SQL, Reinforcement Learning, LangChain, R",Senior,Remote,"West Christian, RS",2024-05-31,Startup,"PyTorch, KDB+",95581.5,151635
Alvarez and Sons,Education,Data Scientist,"PyTorch, NumPy, C++, AWS, Scikit-learn, CUDA",Senior,Internship,"Rebeccamouth, CZ",2024-11-15,Startup,"PyTorch, TensorFlow, Scikit-learn",130772,144979
Shaw-May,E-commerce,Data Analyst,"Excel, Power BI, C++, CUDA, Flask",Senior,Internship,"Saraberg, SO",2024-10-10,Mid,"FastAPI, MLflow, PyTorch",71169,107210
"Deleon, Johnson and Shah",Automotive,Data Analyst,"FastAPI, SQL, GCP",Mid,Remote,"Markview, TZ",2025-07-04,Startup,"KDB+, PyTorch, TensorFlow",108790,120569
Stevens LLC,Retail,ML Engineer,"AWS, LangChain, Hugging Face, Pandas",Entry,Remote,"Palmershire, ES",2024-03-30,Large,LangChain,87504,161685
"Moore, Edwards and Greene",Finance,Data Analyst,"PyTorch, TensorFlow, Azure, Excel, GCP",Mid,Full-time,"North Angelaside, RU",2024-01-14,Mid,"LangChain, PyTorch",83696,154585
Lee Group,Automotive,AI Researcher,"Python, Hugging Face, GCP, AWS",Senior,Full-time,"Buchananfort, PS",2025-01-22,Startup,MLflow,45038,106353
"Smith, Rodriguez and Foster",Tech,AI Researcher,"LangChain, Power BI, Scikit-learn, SQL, Keras",Senior,Remote,"East Laura, YE",2025-04-22,Startup,FastAPI,52265,124743
Hale Group,Automotive,Data Analyst,"AWS, TensorFlow, CUDA, Reinforcement Learning, FastAPI",Mid,Internship,"Jasonbury, ZM",2025-05-20,Mid,FastAPI,147433,197450
James PLC,Education,Quant Researcher,"Scikit-learn, SQL, Python, Hugging Face",Entry,Internship,"Port Jacqueline, NG",2025-08-30,Mid,"Scikit-learn, BigQuery",129069,209902
Wagner-Doyle,Automotive,NLP Engineer,"CUDA, LangChain, Python, Azure",Entry,Full-time,"Stephaniefurt, SL",2024-12-22,Startup,"KDB+, BigQuery",53182,143456
Martinez PLC,Tech,AI Product Manager,"Azure, Pandas, C++, CUDA",Entry,Internship,"Mollyside, JO",2025-07-18,Mid,"PyTorch, BigQuery, Scikit-learn",78877,155191
"Allen, Ward and Smith",Tech,AI Product Manager,"Reinforcement Learning, FastAPI, SQL, Excel, Keras, NumPy",Mid,Full-time,"Morganshire, HT",2024-07-30,Large,"MLflow, BigQuery, FastAPI",79490,119269
Nelson PLC,Education,Computer Vision Engineer,"TensorFlow, Scikit-learn, NumPy, C++, FastAPI",Senior,Internship,"Bennettshire, IR",2023-10-11,Large,"KDB+, PyTorch, Scikit-learn",46931,121518
Roach-Flores,Education,AI Researcher,"Keras, Reinforcement Learning, GCP, CUDA",Senior,Internship,"Brownfurt, LA",2025-04-06,Startup,LangChain,62605,95713
Mullins Group,Automotive,Data Analyst,"Pandas, Reinforcement Learning, GCP, Hugging Face",Entry,Internship,"Goodwinshire, ME",2023-11-18,Large,"MLflow, PyTorch, TensorFlow",138097,199176
Smith-Garcia,E-commerce,Data Analyst,"Flask, R, LangChain, NumPy, Reinforcement Learning, MLflow",Entry,Contract,"Craigport, CV",2024-09-17,Mid,BigQuery,99857,141489
White-Frye,Retail,Data Analyst,"R, Python, Keras",Senior,Remote,"Nicoletown, NZ",2024-02-20,Mid,"TensorFlow, BigQuery",107295,174101
"Lewis, Mccormick and Rowland",Tech,NLP Engineer,"AWS, SQL, Reinforcement Learning, TensorFlow",Entry,Full-time,"Lake Andrea, DM",2025-01-19,Mid,"LangChain, PyTorch",95581.5,151635
"Mccann, Atkinson and Durham",Finance,AI Researcher,"MLflow, Power BI, CUDA, R",Mid,Contract,"Atkinschester, CO",2024-08-27,Startup,"PyTorch, LangChain",93939,149687
Campbell PLC,Education,NLP Engineer,"AWS, Azure, R",Entry,Internship,"Lucaschester, FJ",2025-01-22,Startup,"KDB+, FastAPI",127132,172973
Edwards-Pacheco,E-commerce,AI Researcher,"R, AWS, Pandas",Entry,Full-time,"Stevenside, CD",2023-11-03,Large,"LangChain, TensorFlow",68948,95321
Arroyo Ltd,Healthcare,ML Engineer,"Pandas, C++, FastAPI, Excel",Entry,Internship,"North Jennifer, HR",2025-08-06,Mid,"FastAPI, BigQuery",117098,171168
Banks-Wright,Healthcare,ML Engineer,"Power BI, AWS, Python, MLflow, Excel, Reinforcement Learning",Entry,Full-time,"South Devintown, MT",2025-09-02,Mid,"BigQuery, KDB+",68093,162110
Hayes PLC,Tech,AI Researcher,"PyTorch, Scikit-learn, Azure, LangChain",Mid,Internship,"Port Kaylatown, SO",2024-10-17,Large,MLflow,149051,234508
"Moore, Mitchell and Tapia",Finance,NLP Engineer,"Scikit-learn, Reinforcement Learning, Azure, Power BI, TensorFlow",Mid,Internship,"North Kimberly, HN",2025-02-20,Large,LangChain,95581.5,151635
Martin PLC,E-commerce,ML Engineer,"Scikit-learn, FastAPI, PyTorch, Hugging Face, GCP, LangChain",Entry,Contract,"Port Stevenburgh, KN",2024-07-16,Mid,"BigQuery, MLflow",149671,239816
"Garcia, Chambers and Sutton",Finance,ML Engineer,"CUDA, Excel, Flask, Hugging Face, MLflow, Python",Mid,Internship,"South Paulstad, BY",2024-07-16,Mid,"MLflow, KDB+",70538,169148
Wyatt LLC,Healthcare,NLP Engineer,"AWS, GCP, Python, MLflow, Scikit-learn, Power BI",Entry,Internship,"Jaredport, NA",2025-01-20,Large,"KDB+, FastAPI, BigQuery",46559,58913
"Weeks, Diaz and Fisher",Education,Data Analyst,"Excel, PyTorch, Python, TensorFlow, Hugging Face",Mid,Remote,"Hernandeztown, PS",2023-11-16,Large,"LangChain, KDB+, Scikit-learn",56010,132808
Murphy Inc,Healthcare,AI Researcher,"Hugging Face, Flask, Excel, CUDA, Pandas",Entry,Remote,"East Samuelburgh, SL",2023-12-07,Startup,"MLflow, Scikit-learn",97069,179529
Mahoney LLC,Retail,Data Scientist,"Keras, CUDA, C++, Python, SQL, Scikit-learn",Entry,Contract,"North Paigemouth, TO",2025-08-22,Large,"KDB+, Scikit-learn, FastAPI",50988,141937
Larsen-Armstrong,E-commerce,AI Researcher,"MLflow, PyTorch, GCP, Python",Entry,Contract,"North Albert, NP",2025-07-28,Startup,"PyTorch, KDB+",127429,145986
Chavez and Sons,Retail,NLP Engineer,"C++, SQL, NumPy, R, Keras",Senior,Internship,"Natashaberg, BA",2024-05-19,Startup,"MLflow, KDB+, Scikit-learn",114412,158034
Davis Ltd,Automotive,NLP Engineer,"C++, SQL, AWS, Azure, R",Entry,Remote,"North Maryborough, CL",2025-03-13,Mid,PyTorch,77143,134656
Baldwin-Norman,Retail,Computer Vision Engineer,"Reinforcement Learning, PyTorch, Pandas, Scikit-learn",Senior,Internship,"North Oscar, DJ",2024-04-25,Mid,Scikit-learn,41541,62798
"Lyons, Gardner and Moss",E-commerce,Data Scientist,"Hugging Face, TensorFlow, FastAPI, Excel, Pandas",Senior,Remote,"Tarahaven, IN",2024-05-08,Large,"FastAPI, MLflow, Scikit-learn",53775,65900
Smith-Silva,Retail,Data Scientist,"AWS, Excel, PyTorch, R, Pandas",Senior,Full-time,"West Claudia, RO",2024-02-03,Large,LangChain,56922,108481
Craig-Snyder,Healthcare,AI Product Manager,"Excel, Flask, CUDA",Entry,Remote,"Timothyfort, DZ",2025-05-10,Large,PyTorch,73378,85805
Shah PLC,E-commerce,NLP Engineer,"Keras, Hugging Face, Flask, NumPy",Senior,Full-time,"Roberttown, AG",2024-08-15,Startup,PyTorch,138785,238009
"Robinson, Mcdowell and Robinson",E-commerce,NLP Engineer,"Excel, FastAPI, Keras, PyTorch, Azure, Flask",Entry,Contract,"South Elizabeth, GE",2024-05-12,Large,"PyTorch, TensorFlow, MLflow",76728,116756
"Williams, Brown and Chen",Finance,Data Analyst,"SQL, Scikit-learn, FastAPI, GCP",Entry,Contract,"Cassandraport, MC",2024-01-15,Mid,"MLflow, TensorFlow",76471,130897
"Lopez, Davis and Chapman",E-commerce,NLP Engineer,"FastAPI, CUDA, C++, Flask, MLflow, Python",Entry,Contract,"Lake Alisonhaven, NI",2024-01-01,Mid,"MLflow, Scikit-learn, FastAPI",95581.5,151635
"Walker, Williamson and Brown",E-commerce,Data Scientist,"Azure, SQL, Keras, C++, LangChain, TensorFlow",Entry,Remote,"Staciechester, AO",2025-08-08,Large,TensorFlow,89874,154358
"Fry, Farrell and Hernandez",Education,Quant Researcher,"SQL, CUDA, GCP",Mid,Internship,"Taylorview, PL",2023-11-19,Large,FastAPI,58207,79736
"Gomez, King and Thompson",Automotive,Quant Researcher,"Azure, Keras, TensorFlow",Entry,Remote,"North Sheryl, TD",2025-07-01,Startup,KDB+,71100,143266
Kim-Woodward,E-commerce,Quant Researcher,"R, Power BI, Python, Azure, TensorFlow, Reinforcement Learning",Entry,Internship,"New Andrea, NI",2025-09-16,Mid,TensorFlow,137029,236175
"Williams, Moore and Rogers",Education,Data Scientist,"TensorFlow, Pandas, Power BI, AWS, Keras, Reinforcement Learning",Senior,Internship,"New Kimberlyhaven, SN",2025-04-20,Mid,LangChain,113059,195940
"Roberson, Lucero and Smith",Healthcare,Data Analyst,"CUDA, Excel, FastAPI, MLflow",Mid,Internship,"New Roberto, JP",2024-06-17,Large,Scikit-learn,77836,97801
"Hoffman, Gaines and Medina",Finance,Quant Researcher,"GCP, Flask, Scikit-learn, Keras, LangChain",Entry,Internship,"Harperfort, MT",2025-07-06,Mid,"TensorFlow, BigQuery",134973,214730
Robinson Ltd,Education,Data Analyst,"C++, Pandas, Azure, Keras",Mid,Internship,"Stevenborough, GR",2025-07-14,Mid,"KDB+, PyTorch, Scikit-learn",52949,102386
Stark-Collins,Healthcare,Data Analyst,"SQL, Excel, LangChain, MLflow, Scikit-learn, Python",Senior,Internship,"Port Meganshire, MH",2024-10-15,Large,"BigQuery, PyTorch",95581.5,151635
Allen-Sandoval,Tech,NLP Engineer,"NumPy, Hugging Face, R, CUDA, Pandas, Reinforcement Learning",Entry,Remote,"Mallorymouth, MY",2025-08-30,Large,"FastAPI, Scikit-learn, TensorFlow",83982,166278
Reid-Armstrong,Automotive,ML Engineer,"Python, R, Hugging Face, Scikit-learn, NumPy",Entry,Remote,"Williamstad, VE",2023-11-17,Large,"FastAPI, LangChain",48725,96277
Jones-Lopez,Finance,Quant Researcher,"Excel, R, GCP",Mid,Contract,"Emilyberg, CH",2025-04-24,Large,"MLflow, KDB+, LangChain",149725,238111
Bennett Ltd,Healthcare,NLP Engineer,"LangChain, FastAPI, C++",Senior,Internship,"East Casey, EE",2025-02-11,Large,"FastAPI, TensorFlow, LangChain",125120,171165
Moore-Martin,Tech,Data Scientist,"PyTorch, Python, Excel",Entry,Internship,"Gregorytown, GA",2023-10-22,Mid,"FastAPI, BigQuery, TensorFlow",92960,134856
Diaz-Reed,Education,AI Researcher,"C++, R, NumPy, PyTorch, GCP, Hugging Face",Mid,Remote,"South Benjamin, FR",2024-05-02,Mid,LangChain,84627,107657
"Clark, Olsen and Williams",Education,Computer Vision Engineer,"Pandas, Azure, Hugging Face, Power BI",Entry,Internship,"Lake Janicehaven, BH",2025-03-08,Mid,"Scikit-learn, TensorFlow, FastAPI",113567,141815
Daniels-Moore,E-commerce,Data Scientist,"NumPy, Hugging Face, C++, Power BI, LangChain",Mid,Contract,"West Justinfort, AO",2025-04-22,Large,"KDB+, FastAPI, TensorFlow",95581.5,151635
"Ramos, Long and Smith",E-commerce,Data Scientist,"C++, Python, R",Senior,Internship,"West Danielle, LU",2024-11-04,Mid,BigQuery,130661,211849
Miller-Vaughan,Automotive,Quant Researcher,"FastAPI, Power BI, CUDA, Keras, Hugging Face",Entry,Internship,"New Mistyland, SL",2025-07-25,Mid,BigQuery,49531,66613
"Hines, Stevens and Johnson",Education,Quant Researcher,"Azure, FastAPI, Excel, Keras, C++",Mid,Remote,"Gutierrezmouth, UG",2025-09-05,Large,"TensorFlow, FastAPI, BigQuery",130480,180145
Williams-Mcdonald,Finance,Data Scientist,"PyTorch, AWS, Keras, Excel, SQL",Mid,Remote,"West Natalieville, GD",2025-02-06,Mid,"Scikit-learn, FastAPI, PyTorch",74440,100994
Chen Ltd,Tech,Quant Researcher,"Hugging Face, LangChain, Python, FastAPI, CUDA",Senior,Full-time,"East Markville, GM",2025-01-27,Startup,"KDB+, BigQuery, LangChain",125311,197070
Joseph Ltd,Education,AI Researcher,"GCP, Flask, Hugging Face, AWS",Entry,Contract,"South Christopher, NE",2024-12-13,Startup,LangChain,95581.5,151635
Williams LLC,E-commerce,ML Engineer,"FastAPI, Reinforcement Learning, MLflow",Mid,Remote,"Wrightburgh, ML",2023-10-23,Large,"MLflow, TensorFlow",143317,202861
"Jones, Reyes and Watkins",Automotive,AI Researcher,"Reinforcement Learning, Keras, PyTorch, Pandas, C++, Hugging Face",Mid,Remote,"Lindashire, SC",2024-06-20,Large,"KDB+, Scikit-learn",107946,202170
"Rodriguez, Mccoy and Rojas",Finance,Data Scientist,"C++, LangChain, Azure, Keras",Mid,Remote,"Carterport, UG",2024-01-29,Mid,"MLflow, LangChain, Scikit-learn",95581.5,151635
"Kim, Mitchell and York",Tech,ML Engineer,"Power BI, CUDA, TensorFlow",Entry,Internship,"Lovemouth, VN",2024-08-02,Mid,FastAPI,100209,149987
Jackson-Ortiz,Education,Data Analyst,"TensorFlow, Excel, Azure, GCP",Entry,Internship,"East Randy, BA",2025-05-14,Startup,"BigQuery, FastAPI",125179,161443
"Miller, Russell and Reed",Education,AI Researcher,"Hugging Face, LangChain, Excel, NumPy, Power BI",Senior,Full-time,"East Sylviaborough, ML",2025-06-20,Mid,"BigQuery, FastAPI, LangChain",74296,157397
Mclaughlin-Woodard,Automotive,ML Engineer,"Reinforcement Learning, Flask, Power BI, TensorFlow",Senior,Contract,"Lake Alexanderfurt, QA",2025-04-01,Mid,"KDB+, MLflow, PyTorch",98345,185074
"Smith, Simon and Bennett",Tech,Quant Researcher,"CUDA, Hugging Face, GCP, Python, AWS",Entry,Remote,"West Loganburgh, DJ",2025-08-31,Startup,"FastAPI, LangChain",109031,158268
Horton and Sons,Education,Computer Vision Engineer,"Scikit-learn, Keras, NumPy, Reinforcement Learning",Senior,Contract,"Nicholasmouth, BD",2025-04-20,Large,"LangChain, PyTorch",117323,142634
Allen-Patterson,Tech,Data Analyst,"Pandas, PyTorch, CUDA, Power BI, Flask",Mid,Internship,"East Shelley, DE",2024-03-06,Startup,"FastAPI, BigQuery, Scikit-learn",63685,117966
Tate-Burnett,Tech,Data Analyst,"LangChain, Reinforcement Learning, CUDA, Pandas, Excel",Senior,Remote,"Harrischester, ER",2024-07-13,Large,TensorFlow,85582,159454
"Johnson, Hughes and Smith",E-commerce,AI Product Manager,"Python, Power BI, MLflow, Hugging Face, FastAPI",Entry,Full-time,"New Michaelmouth, NP",2024-11-09,Large,"TensorFlow, Scikit-learn",140375,162701
Cook-Fowler,Finance,AI Product Manager,"FastAPI, Keras, Flask, AWS, GCP",Mid,Internship,"Kevinborough, SE",2024-03-18,Mid,"MLflow, LangChain",72541,113000
Fleming LLC,E-commerce,AI Product Manager,"R, SQL, Pandas, Python",Entry,Internship,"East Michelleborough, ZA",2025-09-11,Startup,"Scikit-learn, FastAPI, LangChain",62419,81701
Schmidt Inc,E-commerce,NLP Engineer,"Flask, GCP, Keras, LangChain, PyTorch",Entry,Remote,"South Craigchester, KG",2024-03-23,Startup,"Scikit-learn, LangChain",83082,168419
Ramirez-Love,Finance,ML Engineer,"C++, PyTorch, MLflow, Scikit-learn, TensorFlow",Mid,Contract,"Tylerland, GA",2025-09-12,Startup,FastAPI,97924,129750
Ball-Kelly,Automotive,AI Researcher,"Keras, Excel, R",Senior,Full-time,"North Melissashire, LA",2024-08-06,Startup,"BigQuery, MLflow, FastAPI",126658,206526
Grimes-Moore,Automotive,Data Analyst,"TensorFlow, Excel, LangChain",Mid,Contract,"Melissamouth, VC",2025-05-02,Mid,"KDB+, FastAPI, PyTorch",46246,137067
"Jackson, Anthony and Woods",Finance,Data Analyst,"Reinforcement Learning, LangChain, MLflow, Hugging Face, NumPy, Python",Entry,Full-time,"Danielview, SA",2024-10-30,Startup,MLflow,138115,160417
"Douglas, Thomas and Smith",Healthcare,Data Scientist,"GCP, Power BI, Hugging Face, SQL",Entry,Contract,"Gailmouth, PK",2024-07-13,Mid,"BigQuery, MLflow",44089,122930
"Solis, Peters and Walsh",Tech,ML Engineer,"AWS, Azure, Python, R, Scikit-learn, GCP",Entry,Internship,"Jennifermouth, HR",2024-10-12,Large,"BigQuery, TensorFlow, LangChain",75187,168220
Webb-Walls,Finance,AI Product Manager,"NumPy, R, FastAPI, SQL",Mid,Remote,"Port Camerontown, BB",2025-02-10,Large,"KDB+, TensorFlow",75937,160307
"Hall, Barber and Young",Tech,Data Scientist,"AWS, Azure, C++, LangChain, Python, Flask",Entry,Internship,"Williamshaven, NI",2025-01-09,Startup,"KDB+, BigQuery",101664,150656
Sanchez Group,Finance,Computer Vision Engineer,"C++, Python, Keras, Scikit-learn",Entry,Full-time,"Brownton, LB",2024-12-12,Startup,"FastAPI, PyTorch",129971,201877
Wood-Salas,Finance,Quant Researcher,"Python, C++, Azure, MLflow, Excel, CUDA",Entry,Contract,"East Brianborough, IL",2024-02-14,Startup,"MLflow, FastAPI",77772,150810
Young and Sons,Automotive,Computer Vision Engineer,"CUDA, TensorFlow, Scikit-learn, PyTorch",Mid,Contract,"Lesliefort, ZW",2025-02-28,Startup,"MLflow, PyTorch",43959,65908
Moran-Brown,Tech,NLP Engineer,"Azure, C++, Keras",Senior,Internship,"Brownburgh, WS",2025-01-08,Mid,LangChain,149301,234157
Williams-Curtis,Education,AI Researcher,"Scikit-learn, Azure, FastAPI, C++",Mid,Full-time,"Melissaside, ZA",2025-01-30,Startup,"MLflow, LangChain",63305,152463
"Mueller, Ellis and Clark",Finance,NLP Engineer,"Flask, FastAPI, Power BI",Senior,Internship,"Washingtonmouth, SD",2024-04-22,Large,MLflow,90382,110126
Roberts-Yu,Automotive,AI Product Manager,"R, Flask, Excel, C++, CUDA, Scikit-learn",Mid,Remote,"Joshuafort, ZA",2023-12-02,Large,"KDB+, LangChain, MLflow",47848,137195
"Brooks, Williams and Randolph",Education,Data Analyst,"Hugging Face, Excel, Scikit-learn, R, MLflow",Entry,Contract,"West Brittanyburgh, CG",2023-10-29,Large,PyTorch,134994,180108
Castaneda-Smith,Education,Quant Researcher,"AWS, Python, Scikit-learn",Senior,Contract,"Anthonyshire, OM",2024-08-10,Large,"MLflow, TensorFlow, FastAPI",62388,82539
Estes Group,Finance,Quant Researcher,"Flask, TensorFlow, Power BI",Senior,Full-time,"Benjaminview, NE",2025-02-20,Startup,MLflow,55835,97374
